Actual_Popularity,Predicted_Popularity
50,38.256072000087045
11,28.850476374589842
0,32.23008773814807
0,35.518027090541786
57,30.592523905450836
38,36.03276878783455
21,23.370876385315068
54,35.21675948534127
29,28.767915157869894
48,30.423605916463842
0,36.111515357146494
0,34.7669702233217
28,33.09238798346702
50,32.28777358709631
60,37.66229742582414
41,35.0657986621001
39,32.181804888931964
22,36.21653212417876
77,36.30702423175232
0,32.0619667872662
61,37.25996693451622
3,33.213715832081014
17,28.702389681038582
13,27.333862184110146
7,26.793289059080603
19,34.93044205631394
33,32.10426460642246
3,31.513047602383804
22,36.3234656728758
0,36.44324800521976
46,27.598403734795603
74,38.68313590439387
45,38.24588491075934
50,32.888548947493064
48,32.21516879753248
39,36.23427446047977
55,30.962046942843635
4,36.62892775145542
13,37.85089059579247
30,34.72948825834259
33,33.02267009372697
25,35.729228314295675
71,25.208344337207205
18,29.000850227716835
46,31.61739131161397
67,35.805748978785495
85,33.95843997902668
24,26.46614876837583
19,31.94464076918569
44,36.98006831288918
27,34.382135095977105
0,37.06207933087388
36,33.16292393466515
29,33.56452739359043
41,33.44412032136462
43,32.76755492729335
66,33.719463766876224
41,30.50589391093359
67,34.129564159177846
54,31.03402927789169
53,34.53232234386618
47,32.33976120652907
2,29.564810194473797
57,36.71705875115911
0,30.52540624476244
56,37.51015504951377
57,35.220078439968134
58,36.677367645418634
5,38.07337543950054
58,35.04777334289731
1,34.43758405052073
45,35.16320600968025
56,30.736734913461248
45,38.92213483445298
23,29.811752036599334
17,35.67746897374644
22,33.01772683367381
68,33.41431857085922
27,34.1766212026383
10,28.307039676890682
3,37.15178524972588
51,35.24576145763625
26,31.45359543421639
21,34.388498093703696
24,23.919875907350537
38,34.4385998604804
77,33.82754645766467
19,28.635961988368283
48,35.41999350194013
58,32.95487959994127
63,34.81610328381056
58,25.510742122333756
36,36.367564278540826
36,33.673010186254814
35,33.03063653070097
38,38.6952547832371
39,34.913388924504005
26,26.555697074041202
51,33.29916871092357
25,36.748341634342076
21,38.447246784224866
1,37.315751569278696
55,34.26111774926838
34,32.79987645401263
45,36.35653927730715
0,29.07003992278746
51,37.8244367848364
47,33.369317754251675
8,28.67688605082176
28,37.96587974983973
0,36.44324800521976
35,36.56642101186529
17,32.85820087101825
1,28.402616349502342
12,33.79320119138328
51,37.863114331514005
62,29.23744774303086
0,35.54486850554551
49,33.43744938471704
51,33.80103269680549
45,32.66136798855269
76,28.525491888380326
16,39.064884135078174
0,31.956010408105893
38,38.502933440341636
59,37.22765129772426
0,21.574978540814982
66,32.51382233194517
22,23.630520352412894
37,38.70058170965898
12,32.14461348857328
0,31.098528487701987
16,31.562734056899203
2,32.98724358889787
51,35.09939798408441
64,34.08180084023078
0,33.08471293837882
21,37.06793680821159
0,31.856115007007723
1,33.16112846535479
31,30.421765448086152
41,31.972580630817237
30,23.951556251703913
50,34.74635101622717
26,32.25834755063785
9,26.308686084566062
0,27.88234765213697
29,32.1974139161187
63,32.97729803767493
0,32.16145181116369
48,34.27644947594193
0,31.73609710272881
31,36.37121633399186
64,37.678376173817696
56,37.65697497263406
41,37.94169552272936
71,34.66222984547137
12,28.775392989071108
39,37.19231808472949
21,35.97818815084282
35,35.91757053876652
81,36.7697210207182
46,33.91644203779072
37,31.833711067833587
58,36.96724976275294
49,27.538889993497094
31,32.83084723706765
80,35.60711973329431
41,36.65960929349102
0,33.954910395377375
82,39.73812124248375
58,31.29111486638635
73,34.68004955354672
38,37.999441620085456
16,35.51806634804396
19,29.935025781414883
70,36.171076798707816
18,28.056503013348866
51,35.36985261621957
70,35.57009514956746
27,26.87783428301416
45,37.293815278748696
3,32.89580195397435
48,33.83080819803416
12,31.482405689817025
65,36.454016895893126
38,34.48985759790401
22,31.22497327415038
25,33.43904077953187
57,31.552679656380406
37,33.55271473636495
69,35.89867449761443
68,35.32305026661632
20,35.648166515946954
49,32.816235196691984
0,31.18837772246757
51,31.11252398082762
38,31.814157319915537
1,28.252421375158683
11,36.07541980779562
16,33.44593109029974
12,34.09135769991434
37,36.42306224485949
18,25.633270758953497
31,35.52341509432928
0,34.14951370898795
0,37.85577199222165
13,32.58061907977646
57,28.64456200728422
30,33.018677374918454
40,31.17593882142917
77,33.73079254642199
0,38.604710091380184
29,33.6688561250452
72,35.37653082424358
27,35.66555164001588
70,35.518672738271455
42,36.71903480124612
11,30.049015578430165
0,26.736971534233394
0,30.06698602809941
44,34.166632901709875
26,35.88630272206643
38,32.365128843323355
25,33.96389260823689
20,36.83950161280281
70,37.96153479051788
29,32.90650308041448
0,36.72445182713911
0,33.89777017237874
15,36.979116517746476
0,28.241141465316794
26,30.396317862043514
39,37.444766970676405
17,36.43868168975817
76,37.24081144572576
19,35.6032997027706
66,35.981857444944254
0,35.244423908475675
0,27.88234765213697
45,25.747559575165422
52,32.00984317208563
18,32.911036812930554
14,31.99344021639414
66,31.71764845537181
24,37.64570270988258
20,32.37748182190031
39,29.875732726415073
12,37.607222722346535
40,32.80655622247913
43,35.083249342042095
13,31.330968379258984
59,36.38227101204741
42,28.408895739183286
62,36.23620388889703
24,37.4677433224919
46,29.842400651331133
1,33.07409544045047
17,34.93291303807343
55,30.402257027855406
23,23.379635402782014
19,31.140545184079613
52,34.70646472982891
1,33.89777017237874
41,29.732189573669366
0,35.441785316051174
51,40.115405405846744
23,33.83630220064734
1,32.885533625029055
66,36.99974431249384
43,36.88560457775863
13,34.8502034175002
34,29.222546014599374
19,35.17479765584688
26,31.220315724695816
77,33.78094951968869
62,34.254681259003604
0,31.77720041871453
0,33.46830566262818
36,32.690852632895925
63,33.20419463139235
18,27.91662498201268
22,29.62783539277666
37,33.83628194875203
49,29.078859811382614
46,35.87340305536405
42,34.09791837501922
17,36.31480575912921
1,30.6988691888745
20,31.681642033707096
64,37.639241702622165
49,35.928822431963624
26,34.50129608422963
37,32.9154105776565
0,35.77202198840479
8,27.951498184962446
0,33.363970140587554
0,34.977524124895645
60,34.71170495400482
73,37.667173920426336
33,34.07768099553253
47,36.1784083129435
62,34.81802913653641
22,36.690292842856515
43,34.2988794321488
20,30.83010984772062
27,36.83574203990989
0,35.841313822373024
42,38.26123750277509
53,34.617926256540535
57,34.203056068900516
0,34.32352274338074
24,33.34427872514768
18,30.579850055931583
65,32.44690688082391
17,28.5246267999063
27,33.5842300848518
72,33.513460769513145
27,34.24385286106897
52,38.608891364356836
0,31.47196428986536
1,34.74874413595451
48,34.27644947594193
37,29.580519094122522
34,31.60448412401199
15,36.281234259743655
20,36.58938778947258
67,33.48697843397346
24,32.87874782463965
44,34.5781945569554
49,31.987063498383264
40,37.96587974983973
73,32.25778284308198
76,34.420367576855845
22,27.544388209206694
0,34.37419215756489
29,30.1347988213429
55,38.456009000649594
38,31.406111405704817
29,30.076321317086784
11,27.73058760811576
0,37.43632286478809
46,37.60904970232647
28,36.30464895592345
54,37.35666288307081
12,34.43618259902018
30,35.745713082711795
35,38.44455294659045
45,32.809204658046426
0,32.60441809802861
85,35.89110353133397
32,34.804836667441535
37,32.6663746063606
0,36.27691382089539
23,36.7294283833083
84,39.090422341351456
23,33.450465656298014
50,36.19288670516086
63,31.02723224192562
56,29.842610343156217
45,35.650021650650736
15,39.42736910536097
23,34.813871191980745
24,37.59850972159393
57,28.471524747037122
16,33.1786122372986
0,26.282127759581122
48,38.492245552804675
24,33.90497150407732
53,31.59521490224698
1,32.055524210419016
24,35.45288393899717
50,25.434863554146975
64,36.52616307923395
67,35.6024775570963
9,31.730933550240096
55,31.16180621079483
58,33.66248223044875
1,32.591090276015876
26,38.91260265863605
0,31.02830890828409
46,32.87724745066395
50,36.66404718549488
20,25.432408257116695
36,27.684229677786114
62,32.25140076919462
0,36.918524054278464
35,33.59275141193746
42,33.4680860613162
72,34.93857366977383
20,34.76146977758477
24,29.08885527147371
60,37.62794092961806
37,34.00199729769849
46,34.89660873072149
28,30.449150416517572
0,35.369670630694245
0,33.02240713682958
29,34.90171892605386
19,33.529187975056786
65,35.611311247614765
0,30.36436029833023
62,34.11532128531625
66,34.60921844521903
33,34.71014120935569
7,23.92011260756998
40,36.154709947263235
0,35.04243341860791
0,35.5782374864774
71,34.205440353612246
39,34.27489624790374
72,37.871238314086426
2,35.61245081662054
45,35.50081929270281
47,28.603442404179326
57,36.67094243716965
26,33.99759722111675
70,33.830251490250156
33,29.61517453324597
87,36.009560504994084
45,34.53479084740743
36,32.96501924478532
68,35.94255692414075
59,37.99320367205898
46,28.888968240235535
29,30.150556096232496
43,36.38405525473528
47,33.25168871545437
28,36.000148252114414
52,35.47987272421556
33,33.747271708021835
34,32.97211333810089
0,36.21962864100256
0,31.874674800141857
79,33.55425402888528
32,36.029196356924245
20,30.810450762987944
39,35.12541812937896
0,33.07409544045047
54,32.891372614115866
64,32.89707501283831
0,38.71123865492488
28,32.98859985242002
27,32.056332715997996
8,35.55818107464773
28,33.597987829529394
1,30.550698580301727
27,30.328206881920494
16,30.39874609487568
29,25.545076553487128
0,35.63006523051046
42,31.18027403502302
44,35.36199951534719
47,38.95154647040997
12,34.06738984281982
50,26.321417370084887
0,31.738254392998712
49,38.39316944297551
17,24.305086664879823
57,35.373054724271675
1,35.73966904855708
41,33.82900425979909
41,35.771780496644865
1,31.39940347150572
0,31.185246672588903
25,25.32100086836673
45,33.46072805135111
10,31.72536920676976
46,33.47640333419773
15,34.47787856175742
49,36.83162168807153
49,25.87086266292894
67,38.583865101770016
63,35.79419362135633
32,33.34089276377883
54,33.76838571101985
46,36.37037571574713
30,29.859638401783634
41,34.841408471925675
44,38.096907969581444
0,32.9484746840728
60,37.79298638745569
59,32.80853704692422
66,37.97958451974555
47,37.556316671909805
11,29.440898011374035
0,33.74300882181774
8,24.385500343234852
0,30.999397848493476
38,29.61697771173076
54,36.58672787813095
75,33.118166370958235
49,31.06280448543117
17,39.25174006417436
44,30.995835395237705
47,36.86968751054343
34,32.938450709123934
0,35.924446498338206
66,34.39206324681465
51,31.878706060147636
68,32.2156776506283
28,29.54245975839868
0,28.76364522542014
66,38.886140562849405
24,33.379150262430414
32,36.52336244441172
39,37.9753352429922
30,36.70347756076018
52,33.37312155738278
66,36.63452800941795
57,33.81588440761958
34,35.311592746960656
0,31.097973573654023
52,32.90188394473592
35,33.181659206106474
24,36.37105287765566
23,29.32772150511404
16,32.66477821242106
45,38.13389751037077
43,32.651908078125516
12,23.396674779713734
25,36.36822689570422
0,31.858430528571475
44,32.38258974943856
56,33.00575393709726
0,25.782386343755178
41,35.46368961182504
1,32.35900395414858
13,30.371333221184145
41,33.56297605325405
59,33.177663668840616
44,41.542056891677284
24,36.219611396516285
41,32.40908713944486
0,37.88613476842575
34,28.1872671143597
34,29.515341215412487
52,28.257790155635004
0,33.67386586525759
13,36.38294895655918
1,36.43248208153255
51,39.45478481740159
1,30.672768300021634
0,31.02830890828409
41,32.65918296877881
15,30.52633550652308
45,33.82458691543573
30,33.9127683796725
0,30.339535260330475
56,32.14118638301693
22,35.16960971086499
74,37.2834977842319
54,32.8099803824827
25,34.77359596049823
10,26.864503872136815
30,32.637838407294
21,25.3336566002643
20,36.468024194742526
46,32.89948977686707
32,30.391383441263518
31,30.93661757032291
31,32.997287688300425
62,34.43710789836011
28,36.43783426091488
48,36.52268552006553
19,27.94123912049076
59,32.73717451826961
20,29.641890807948755
40,32.92548776757013
28,36.710665347866886
25,37.015466136260194
0,31.18837772246757
39,35.98888128528115
54,36.44488744313941
7,32.78674964974192
14,32.7342378964157
0,35.193476901313346
24,38.061101753360596
43,27.675106213808764
78,35.28864845930746
22,34.4923629236614
22,32.79963290332734
40,36.55500012091793
25,35.64538543256441
30,39.555190970769786
53,36.19560101426336
0,32.02018789191624
0,39.14256608102412
45,31.248417196505034
36,36.68498226099599
31,30.59749248472361
38,36.26311277655697
12,28.508509991930588
0,31.02830890828409
0,31.453515239123124
46,36.48533820564602
57,33.370585880264855
39,37.25419213922791
32,30.81962786747947
51,38.675425181243014
0,32.04757557943477
0,33.52562493795965
31,33.06756506950229
0,35.19156331970318
44,33.53608983323984
43,32.067551377645486
64,33.291696569080024
40,35.79921733146418
71,32.35433799406342
40,32.10762677937317
31,32.804388784658045
2,34.76869299134905
1,32.89580195397435
66,33.50834401199484
19,34.59025344735627
49,31.807029135392387
0,34.965332084842565
22,34.940597238958524
51,33.3347068338842
0,33.25870722884116
46,33.232735461764264
25,33.33095583026395
47,35.484091957925955
35,28.176617915869457
34,36.801443640235284
38,29.726946183491364
72,34.841375671831635
46,32.16981012195995
44,29.594458911955904
63,33.618026279675654
42,32.93071605548171
28,32.2949711762718
42,34.70795339750856
73,37.444358898890364
9,35.50275615374623
60,31.82009503496787
47,33.1245130226923
16,28.853111687793774
43,36.36866520292201
41,34.19066845038906
0,35.48171571367909
0,39.812696020539164
39,31.816590449824613
23,37.10287986461496
0,32.197654498862605
7,31.34440738461845
0,33.3961498236664
0,34.820170772914686
62,32.94697574339928
54,27.57860509684991
21,36.75572790219757
62,29.442515032954724
0,32.686554219764226
26,32.11417339949844
62,31.91873046813133
48,29.453637906225115
53,35.098120926755456
24,36.27064473591022
35,34.75297910949127
0,35.41048243300144
4,34.14980312421905
19,34.44281512801422
28,31.063246900870272
39,35.20736516560914
56,38.11269718527974
50,33.92369089069552
15,30.761184067539915
30,27.482294478534392
36,30.05317377604122
5,32.88374387264421
0,32.557701075473595
45,37.17810522368533
0,32.72395862359489
63,32.80761727279313
0,35.244423908475675
20,34.7643928749643
48,29.56861953595364
34,31.317690721424242
31,33.89331900634362
40,32.19574913645569
47,35.82770070504564
12,34.49416899685163
35,30.161014868427316
36,31.450293727969658
0,33.91629803180331
0,31.87095481544968
0,35.82548875514748
55,38.579530363770594
52,35.815384176183215
29,32.53295162443415
41,32.509542766841626
53,33.50394286205398
70,37.701465171390026
32,33.53975696387609
48,35.38168472936333
39,27.25085194110621
41,34.15385455314976
63,34.019122749727835
1,35.89110353133397
74,28.87757139750188
0,38.44511449495105
24,37.84491265674083
64,33.623863895010835
28,27.51188610030494
77,33.9234863103507
62,37.329407307137096
0,36.020044859241935
0,32.25292342973362
61,32.50727511172296
0,33.96730607676545
19,36.899281968784976
5,29.756688221821904
44,32.33314166765093
0,33.5348951959819
0,30.84775541578976
26,30.319774327866813
1,35.561310035206475
1,36.3757453579721
52,35.76751971608699
0,30.877667459419914
12,28.54348092916402
45,36.226724545750606
18,37.7845461828966
2,32.3180037144953
2,33.86667960980212
37,37.34060226953512
44,35.41796858505396
55,36.36713630514781
58,38.51250434774249
0,32.47021566454
59,35.1515515522473
32,26.65991692853469
43,36.24154370290399
51,36.925602939809146
30,31.320236885431427
52,35.800899476357806
0,33.97462650770572
68,34.39081692316597
56,35.74081261797625
0,32.98774834877028
2,35.45586427370286
20,32.53033676156663
58,28.56979123702896
71,34.05243405717966
11,31.475117501128747
0,31.637900495070078
63,27.232069010418563
48,32.20503569067786
0,36.156908019126604
63,27.35055693601979
48,34.15951266264167
62,35.080475402755965
0,32.852601417327655
37,32.73022403914727
0,32.57052843953001
63,38.333157124580666
70,36.40273124634835
39,35.98101966053738
10,35.599933928511824
51,33.98366662771239
0,33.224227706048644
8,32.417601871445754
71,31.052771520625146
64,35.89763715328827
38,32.48084529411304
72,36.55718115792221
29,35.33793551800326
34,35.240202875940874
0,28.669015281807653
6,31.877682156586268
25,37.68930070279187
45,35.737518201881244
20,36.608297785110295
12,28.26903592355039
10,34.70961693869779
67,39.747415694876935
46,35.347563336377384
0,32.318236428443896
63,33.528895198198384
21,27.870106480615767
0,35.42076456741968
26,32.409007537548895
47,36.909857282051654
34,36.37340820218994
46,36.739727262249346
23,26.799247377525685
46,31.10876660718262
80,35.67058230238531
53,30.233803091122223
43,34.4929919306679
22,24.288202604441373
27,30.998910535706596
75,35.16610616784382
74,37.73221358282941
44,36.97031013797355
0,34.99921724164556
45,36.48248602203957
1,36.1592938810938
56,32.00489513727349
1,32.52691305302078
30,31.616436081238792
60,38.819886207950276
14,34.026401230964005
58,24.861840774761944
18,35.16240265641402
39,32.752515887754996
12,33.984173122534
38,33.411729885094715
20,23.86269174527785
27,34.40232158888286
19,36.06629824878991
0,34.627435379014294
25,30.72503551708525
41,36.705520064423446
0,32.01683915119396
73,37.52125239123247
16,28.8907032346905
12,26.823705914940163
0,36.00818721167339
63,31.75284548344245
41,29.48317963105576
17,27.114581773059555
33,35.994704088808845
5,33.919679389163136
5,29.160126108171024
20,34.21402291794163
17,26.93708722653175
0,33.347516486945125
11,29.49561232211663
0,31.349772137197846
16,34.721642003419234
55,35.817316473056444
38,33.31345539313331
58,36.04809908353632
2,32.844209373825926
40,37.47723065391463
25,33.36517520668249
40,34.63365650960917
25,34.07233211191239
22,31.700305988233154
22,36.12675665367182
50,35.01151803777783
0,26.235782104229045
55,37.76960653248299
68,33.94923028431624
46,31.916629992928566
33,30.137806339475567
43,33.412314419176894
50,33.75572245893261
59,35.421553155935456
39,38.19753115353707
35,36.09408567015517
58,30.28353211715178
62,32.98921361022327
30,32.9806125599209
45,36.70718425917591
45,36.77710315244082
30,35.721523480969694
62,32.416199566370445
66,34.814654158637964
21,36.42361566927307
0,37.83846891839271
39,36.04598281692945
0,36.77956159893158
17,27.343085734077192
23,32.17972441119728
0,34.97060411752624
48,32.00014006120299
63,28.910522171363485
11,25.142277751784874
0,33.2771150698236
51,31.80792561036008
0,34.85118801399984
38,26.586579667267404
44,37.743460681396385
70,35.93540538149702
0,32.12626232719536
32,31.247123522912418
19,37.781396969423206
53,32.01203952085146
37,32.76649428271994
57,33.536134519695594
56,36.41942122657325
10,34.837349568098716
27,34.07716290944491
46,31.95676436063586
44,38.57065550861787
71,34.219710441314966
0,31.644937959006217
36,31.835379844522308
17,31.87868075488698
36,36.74551681555798
1,31.848133639469097
40,34.837193479543615
22,33.91479484487774
37,36.9117751408748
0,31.426449523996563
39,30.463281736842408
52,36.368597782574476
59,36.886803501130665
69,33.504770202794866
49,27.611708026763317
29,33.95661967823719
0,31.02830890828409
60,31.173205097340453
51,34.52295275349219
36,36.78811279248043
21,30.27179004079357
52,34.253258305929144
52,34.41856324620143
72,32.85111718141789
59,37.40453711981606
29,32.3253976611713
18,27.181642339938747
44,36.012265347970754
62,36.612326948780336
18,27.809555676406916
48,35.104924591002344
21,31.571892848295917
38,37.95403243250603
37,38.60387738734873
48,36.27993561518669
45,29.44314082790696
39,35.58231725204361
58,28.88727056831137
0,37.35939332520412
47,32.991590133533975
36,35.4887493121795
23,30.800240989212504
0,27.408794191632296
0,28.614590183619413
11,26.740405088201747
0,31.536304332316416
54,31.94867730899948
35,28.68501582082266
43,30.437399909752987
0,31.15011560749363
75,38.729716762203935
38,36.1099029504331
54,34.664046494976006
34,31.477294577502047
0,32.218281361369044
33,32.492357588881816
59,32.61052142913695
19,28.492217368964653
26,32.120814238257346
40,33.71886495207292
0,37.192411672830666
23,36.16281930319442
11,33.99906878883326
0,37.106767907505535
20,27.621442271453006
0,36.528995643403064
3,31.788806618754002
1,32.055524210419016
40,34.03649370981021
0,37.71003267273463
61,34.99358336572088
0,33.00231963631295
46,29.157545745135785
0,34.46832742507805
70,27.708243166028673
0,31.858430528571475
59,37.58462753928486
0,32.116411410918836
0,28.50387361162047
24,33.1882340019422
23,36.116409390937754
49,26.43085693805001
58,36.818329963210836
0,35.60779866253424
0,32.197654498862605
0,30.717999471812316
39,39.43605200760356
53,29.145792594987157
12,37.54709166895134
37,33.49135660342824
9,32.426720060568336
7,32.39422956973434
12,29.024994269527486
0,34.54900543131328
0,31.003521509024043
20,26.19487425890035
38,28.12679441998499
40,37.08274339625802
16,36.18670894071148
0,32.22168921192923
39,34.43495923799736
42,32.767409968057365
27,30.396719635380027
35,33.22683037869836
35,32.67375321282077
63,36.17271203860224
28,33.291226023130776
56,31.79799357230332
64,31.032638119467936
58,34.7914457068541
47,32.34443807566153
23,31.760180950386882
60,32.55774925824381
0,33.389119401079796
0,37.45240603382848
7,27.93816393178021
5,26.452620175131837
77,36.5962742236841
47,37.77647867312473
50,33.51789049779469
26,37.10799253267281
40,35.02071376839147
26,33.57488554299282
18,36.80179589710375
29,29.05134324505608
55,33.01529706733155
58,35.10622123872017
25,29.45646071575759
41,37.49021977753927
67,33.12713535965135
0,36.60191528936042
56,37.548280809525615
65,34.98843288468052
54,36.017204765081644
25,33.49458002627692
78,31.71932981096627
23,32.40947201817129
0,37.13445074659175
37,36.088369099588
3,33.23656164710956
51,37.463043257135865
55,35.48389407756608
34,32.43705646546366
60,33.22378160979022
37,28.8070882889339
45,37.02583754392209
65,34.30245798154338
70,36.639416009047345
19,28.49450594782916
74,36.646958641745734
28,37.443908155712876
30,31.608369385599786
60,33.64976008682692
27,38.24438877179998
52,30.31630305973885
33,32.98610907902335
42,29.301334314990946
21,31.274671813732226
31,25.660995002260684
0,38.90510979197094
21,37.13068112958052
50,39.19630139304907
0,27.562797657866252
67,34.70954004572347
36,31.560349511698377
21,28.982551464126058
66,33.52491592581068
35,30.369634520685416
5,32.05331726137628
35,35.79349214995952
37,35.340139675835005
64,29.889896760342918
0,34.652608326996265
58,25.68887943914987
43,31.973241735571953
64,34.6125535384933
34,30.33580764512787
19,29.302462326948852
20,37.615537836382714
23,30.024795203520426
38,37.10893948583593
0,34.36025395525793
18,32.35569796824977
0,29.15022612474476
0,34.195944965503806
19,29.462708668705268
40,30.349667739975324
68,36.284502207189945
44,38.49913079492586
0,32.07847443231492
45,32.26906202197844
16,29.32555185070526
36,31.763466436667795
33,25.648717957405232
0,32.7956682720314
30,34.387667297885066
40,34.31900455614359
0,33.70783752404626
0,34.97060411752624
22,31.632406722613432
25,36.99777235838007
0,25.737282530947336
69,38.17314123972885
30,31.410194860708813
46,33.34885628484366
0,35.53975603767964
24,37.68744363446264
37,38.82409652247909
46,35.82181547191278
23,36.93668540471396
30,31.260381315545512
0,33.061474746998556
44,31.692003628658203
56,34.61995107817941
58,32.2936276150538
17,27.52933129266571
0,36.721092410155805
0,33.86477006869892
38,32.820472231851994
19,31.53588662858574
5,38.27371412823044
0,31.191379524820604
76,38.775588307219195
52,30.38299753352823
0,34.625396195770925
22,28.89036072165916
25,36.06279833289185
41,31.35786589486561
36,32.36063997529808
24,31.65172451432589
33,28.571912241230546
55,36.59215664000551
20,31.376626185978967
37,36.70340675997151
21,25.924598701586824
11,31.47400604927202
37,31.177131581515585
56,30.022668176747544
56,34.857731022079335
42,35.370098713573576
22,35.42252549866848
22,32.63556307745889
28,31.847077042262832
23,36.28863153619017
69,32.52613485005071
0,31.33420955137262
0,31.705830097368857
62,33.13992464586117
54,36.617013719233974
37,34.13648894965727
14,27.73406976647702
48,33.9288180958629
45,25.356545334561776
58,39.13037600372179
24,31.035597771697546
1,35.612462883899646
38,31.49935496777679
26,27.20878715165572
32,38.22956396443769
63,35.75571677692777
34,36.56593519536372
24,24.536165093209448
40,35.87506864671632
24,32.925278078128656
25,33.1080211662907
41,35.785839273676
42,29.255719544933847
21,36.04457868806368
47,27.828803350889917
53,37.396445687535035
57,36.13854899612808
32,37.309259925375024
26,25.174422704529093
29,33.17662091695642
11,37.47431053787748
0,30.814560335692928
48,33.87047141263586
35,37.041983830662
65,32.92008429400512
0,32.457395833585714
0,37.589250029334565
45,26.97604637689193
29,36.305417421024984
54,37.61537746732596
26,32.48467541428677
43,34.023279316090125
16,35.54753366987308
49,31.605653077539102
77,32.71305094498912
39,27.63815708289899
21,24.82907066492244
0,33.56102370205758
18,27.427666226165744
37,29.435180197194505
0,36.305762925134786
36,34.236909711186655
8,29.1869890574867
21,36.87685357525801
0,35.73966904855708
10,32.155524695476345
61,33.771657469531
21,28.102038575801068
22,34.48510491548194
39,34.0158232711044
43,33.120578715257444
55,36.87644581487331
27,33.3129916051469
72,37.19555828043484
54,35.30373094163452
61,33.59407648848801
0,33.72983552261707
0,34.31697285899916
0,35.60889168782339
39,35.443465041548265
0,27.023090575048553
22,27.702361115061684
27,35.074334581106584
23,32.30503497868115
43,37.68270435458597
40,29.032914175815417
20,26.53281217362135
36,34.44105566162519
73,36.222712169297886
32,37.40728864243127
63,37.82564971275093
55,23.518122367160963
1,33.213715832081014
0,34.33622502543265
49,35.787076830395804
21,26.52572252759864
47,35.50645996458171
16,35.45457574106688
40,36.350080241828934
33,31.729816835663573
17,37.83846670530282
60,36.84726469737954
19,30.73825114845577
36,32.82209370265488
25,33.968808327167395
15,26.54947041022183
47,36.45825728998386
74,34.21802455418855
2,28.09593779867449
53,37.947414036177896
12,28.810220456117417
0,34.61136775710216
18,29.793162793659025
0,32.64287488398097
0,26.867179444525934
69,36.061995657379114
0,38.59294831158463
36,33.02820233470459
84,31.604846863197793
18,32.13530664178017
16,24.875818966919084
32,26.647975035055197
0,27.416898197419464
39,33.401833276552885
0,34.26647376503129
60,37.88276613952047
33,27.06332101937636
24,35.67306544314936
34,34.70627590123525
21,36.083273461102515
21,31.734584586743537
0,26.936580192507158
43,29.431905938200902
0,35.92326966463116
53,32.49062635064706
12,35.7511696361489
16,37.41499505428214
50,37.7201378349847
1,33.58701143565552
26,33.553946285921995
26,30.81033971927044
0,34.177186367895196
0,25.788249472300322
18,30.090103442866738
38,31.291521699908895
22,32.62630124138348
1,38.243465039113445
16,30.26505296056426
0,37.180877733705586
60,39.91033041551331
56,32.079249488187635
70,36.15557066764146
31,36.30569513344698
38,33.0948141422769
55,31.58577676045388
41,37.002647938634965
72,33.08976926378914
0,34.32352274338074
0,37.2500304500969
21,37.09847151556434
14,35.54528409697531
23,34.18828915314209
32,30.45477721841529
34,30.74202161649257
60,35.42035318367727
61,36.055735883218105
64,32.85361666941547
23,29.345093601179165
83,34.016965365741434
27,26.69552127005519
60,35.23648965111144
39,28.41141708276843
51,33.81635948310552
23,24.276076915950576
30,33.654729259353196
42,31.88715028355277
42,34.14336346853015
0,35.16377222009375
45,34.334148087864726
1,24.773932381805785
0,34.007727884928755
2,35.1776644938289
46,37.06131145036847
0,30.717999471812316
51,35.5665903204412
26,34.45636852849119
32,33.582995824329636
85,31.018513599932096
18,23.466031536706012
7,36.53357370567202
88,36.89533571893437
69,37.29217324620016
73,33.4268657913804
2,36.00296152499579
73,37.888005638115054
15,31.191431886288566
27,33.06942691114201
28,29.696900423851154
58,36.96017831046961
0,34.710079422233285
22,25.898895273102244
40,33.21402025105006
54,32.36413615796799
34,31.98321510622494
0,32.63368278100034
0,35.016310407753515
51,40.81862766362056
45,33.61674186166159
47,35.78985447904299
30,34.44940663488897
50,33.21005949519991
43,30.443235099571183
29,34.138158593465946
33,37.74142988330975
19,36.51221482788076
18,29.462169944903202
30,33.8322411504262
39,34.49933081672573
19,29.942097532278872
41,34.25108100215174
54,35.436976721826554
59,36.579593111813075
0,34.62712205301389
44,27.05640589918486
9,25.6081970573017
79,36.64589103347224
7,29.04434015273233
8,33.59157118083466
23,36.42432605968624
21,31.023667712861773
40,33.07799447159056
59,36.13763058889814
28,32.44288031920154
26,35.328602031624385
27,28.057679550880305
29,33.44464345680328
31,32.88976639329122
30,36.71508869867177
33,35.729662042498376
0,37.53549843815217
54,35.48806827699962
72,34.45341891817264
33,33.72420733778039
31,35.7018325008091
48,34.66541651946187
17,32.33972141245216
23,30.790376186372573
27,37.094174610932626
8,37.92224871424781
37,35.189916753031866
43,34.39183928314931
19,36.42891942438388
0,36.07092875772025
0,32.218281361369044
26,34.855928258105365
46,36.342342036188874
0,32.02902213105908
57,38.05298693027978
65,35.77579951246567
52,32.2374016750374
33,32.41493507951748
26,29.822347703351358
56,38.482405030847104
0,36.528995643403064
44,33.557495176963386
50,36.633619884111695
44,30.138858892139716
28,21.257816219751604
56,35.5197814239142
31,36.51574261850099
0,32.18437547959722
0,31.892912704205386
44,30.996163910289123
59,33.266338202463004
0,32.3652472515184
1,34.89041355466787
30,29.83291787343568
39,33.30486332587493
0,33.9653027825626
41,33.26538330092662
17,28.893685853492606
31,35.72210083436209
21,36.00818721167339
64,35.85136983119195
89,34.16834532465769
0,33.098999390984204
85,38.66280157904603
35,31.013001291552698
22,27.692452016200072
9,34.61136775710216
1,35.20190669712418
8,34.772739612556784
35,31.511798257848795
20,33.953457375116315
43,37.57427458841673
28,32.87953733047683
0,33.02467409191401
48,33.07410379117588
8,32.23880529657341
35,35.23800949150667
65,33.783391172206535
34,30.156337569009494
31,31.96450249016498
38,34.47259122789903
0,36.234426300773166
0,35.24581137685091
20,28.550304014708964
18,26.622747301188916
23,28.680132813341512
0,35.25063138660037
17,30.059777739740582
31,29.552110512769467
66,36.641929684117045
36,31.832548534320132
49,36.03747999200082
14,28.041127592549653
46,37.295947675527344
18,35.44496060359171
16,32.686955609477394
34,33.300801881506615
16,34.89264898892279
40,34.12093275295497
22,34.42252062243619
51,29.71020134334688
27,35.447258862216486
43,29.715270691970264
18,36.50332467756685
0,32.90656462460925
16,34.32293653663973
0,35.27941161395939
20,38.158450474439455
41,32.97610549501453
11,26.599396083199615
61,34.936357223569225
15,35.80227834594532
55,33.403421401904325
3,35.10354022707716
0,37.35134000412395
60,31.3221407632481
24,35.38647230466728
0,36.5041590857901
0,26.284129510222954
26,36.29809136475432
25,33.29456287287301
0,32.30988014966222
43,30.434684718187903
13,34.20208981097074
13,34.01989222366877
50,33.54508712653466
57,33.41407097739441
56,39.589713166669505
43,38.85505675010301
1,31.97113831143877
24,36.984388655157304
50,35.319118097904045
32,34.34393664560404
0,29.772486316767445
62,38.05079677513015
44,37.62835960967146
1,32.42184101717705
35,32.82254605032162
38,33.27738301492679
82,31.622696515783733
23,28.838192906250676
52,35.549487679491094
24,37.388104503491824
56,33.61518589384024
0,37.180877733705586
51,37.38018183651513
55,32.6536599927689
0,31.598110392116862
45,37.09053619704735
0,34.336497972465246
56,40.49260918625878
63,33.83471216437494
38,39.60138207809929
43,35.11456199498126
29,36.127771744800036
27,33.675712115915836
73,34.749360320593574
0,31.75569314987621
69,33.052313509022554
0,28.93441059938108
37,35.92410015012665
0,37.14643683269401
55,34.99729084440578
14,31.872512832221744
0,33.54025093611356
0,34.64449040130878
64,28.62352621190476
45,34.64073117279633
71,29.27263178011003
0,35.60779866253424
50,35.93245505015833
27,30.346943936056594
33,34.899783603165986
2,37.0498728412741
0,33.99903932578152
0,36.83701733632924
42,35.84273876211515
34,34.2934739101421
39,31.266963684971095
0,29.826903321211873
46,37.890712994147464
0,32.51292936499456
33,33.1683350901576
17,34.85367536870196
46,37.80732852131065
0,37.65971550873166
22,22.054187097853976
0,30.3864740559549
42,35.21477651364606
2,36.13772850017815
27,33.19057203283696
44,28.305987632590956
55,34.91760341631055
5,29.383888135305305
0,33.79018074871212
30,34.57571543482048
28,31.327931825549452
0,29.14635067770622
37,30.79976432434937
34,32.76039627139813
23,33.529300944514965
51,38.26471549658657
65,35.741132462780755
49,34.56167320606668
31,32.165591814694615
21,32.051202900794756
21,29.774145115217863
58,35.7848810374519
0,30.908225401412523
44,32.38246509771462
70,33.88617569325367
31,30.525269789632894
49,32.757219579014816
0,35.46930706818197
48,34.28011078813037
57,34.11254347664296
17,35.01385795134519
43,38.69658748737053
43,35.12321356136099
4,37.17249376926885
53,33.16430264546381
0,36.25964375163521
11,27.050258011629538
28,30.727813738258348
35,33.22457076598448
59,27.24148749986474
42,38.33353528671356
9,36.34854967642496
43,34.19629873840919
50,28.332425253718267
71,36.21800375661558
57,34.08831491055459
42,29.15968526092515
33,31.797240624710295
74,35.925837777903816
20,21.29553852168565
47,31.935552462422294
47,36.26728942639254
43,31.532479971779857
52,38.80617575790612
42,29.596306358829523
9,32.380630707854856
61,33.38058322392972
35,34.31094323759206
45,31.739997020568534
52,32.61904217542214
32,33.28376717136603
41,34.83391575434516
45,38.220236019100476
45,38.81674985744281
11,26.782344563661148
43,29.62783353396775
30,33.37630047290075
67,36.65458149932827
58,34.360838994069205
88,33.90942351224297
40,29.30842411157772
53,33.66746254107526
39,34.77581740553752
18,34.69596566857123
68,32.23284367255452
18,35.75785096423999
17,33.05278033931219
21,37.6998569972161
55,26.194149963575473
52,37.3012635178576
13,33.666700206876335
44,30.69313221656832
0,37.87649809704543
63,31.89454869803111
0,31.57271253892656
43,34.27421582990579
5,35.631116558612
18,26.907859606561466
22,29.906669705611623
19,27.796432646498154
0,33.01373096829643
54,36.10372116980713
43,22.680243002357322
26,34.3892289350327
43,36.49042724041841
67,33.56190818330887
58,30.616900765289415
50,33.48005107422902
56,30.480613117621363
18,33.319883053516214
37,34.36581984658019
25,24.79853359932818
48,36.47420150085773
0,35.376484429716605
47,37.15612325491541
43,32.30557282848977
45,30.264399062809495
37,38.7189575932162
60,38.86875264837849
62,35.41769316340327
0,33.92350551473552
0,36.88919283567811
38,33.93200109194328
3,27.613801147393303
48,36.711215074504985
0,34.470897653850095
1,33.47195874619035
3,33.78461242723582
38,32.318908615686546
4,37.11635221531073
11,37.11032242053556
0,37.80769803192527
60,36.844616674936006
0,28.76364522542014
0,32.30988014966222
45,31.339223039170264
34,32.97211333810089
0,36.25964375163521
64,31.725200019599246
0,37.747799244006806
40,35.81818714828545
0,28.76364522542014
77,32.88624616609192
27,35.51062308900431
43,35.783817111582856
14,34.811987428732394
40,38.08389424192932
51,37.006173966900775
22,30.326531040991423
40,33.950831481529704
47,35.930954959384216
21,33.8886996023308
43,31.34856377224673
88,34.983886666580204
22,20.94730440209767
47,30.266579352548643
45,35.98478928022859
0,33.98696568689549
8,31.667127700963185
46,34.46844244843602
29,35.82613672036763
57,25.95960208617037
43,35.411309725886525
80,30.993593522617225
38,37.86979241058709
29,31.345756866704885
35,34.104764541515145
68,37.32884185987237
41,31.48031107826043
3,33.55651757212187
45,33.36534331876834
12,24.149596414716743
1,33.83263294401082
22,25.029215340414304
7,27.385220028014594
0,27.535231401626348
1,32.64155752717679
39,31.712410991029092
38,31.15638804674065
53,36.431056853486595
40,37.13052636236917
0,33.05396747777554
20,38.61017072471171
66,32.8601026339433
8,27.938152048862218
0,31.02830890828409
57,30.019509706054688
0,31.705830097368857
81,34.38718710736585
21,29.75200008540344
74,37.92746004053377
21,37.236510131744296
63,37.26558238902242
39,35.70339370157146
20,30.62431292756635
40,30.664981845620215
43,34.83380129555144
59,32.369141874823285
35,34.37373278007438
0,30.842892742080465
10,28.55880969267036
56,33.15397233208797
29,33.77523181078119
64,32.365626304978825
21,37.04615007904529
0,28.596347272193956
19,24.801111768680663
40,36.23296587772335
21,35.30710524044383
45,35.35472497582006
0,30.52067451721952
59,35.656576145184175
71,38.79709300784622
41,37.22113210443331
29,32.280562664995486
35,34.563427893758075
61,33.75565942654456
33,36.715273005727944
32,28.518846460519235
49,30.169599467015196
1,31.844661108246616
31,31.534647494459303
42,34.64811861843453
59,34.67649733347851
9,25.514558760414786
19,28.143459028346417
0,36.013804236516016
37,33.57494833257442
34,35.295918871642066
53,38.582747637148124
28,28.97050067663281
0,32.88231480564699
78,31.497534808608858
0,35.10747354686675
50,37.29525919869148
51,34.19197859486804
21,26.64397586240512
70,33.573668114231616
40,35.83126422852661
17,35.618350170630066
39,32.53857214434673
24,36.09950036340618
0,32.41224267462047
42,34.934894490400474
0,31.374845097449874
46,31.669052010676403
0,30.84614689686828
76,36.597263659924586
61,33.220237669064026
53,37.403838037370704
59,34.29773599161766
0,32.50028467565011
23,34.949027442282286
62,26.156440680232876
8,31.21726592319742
50,39.13139949674454
33,34.58051711591408
26,33.000719871335235
0,36.55273149409226
41,30.825585113102814
48,36.89395929288479
58,36.17212172701932
38,33.373152503682434
69,33.77994344744526
16,31.70838531176993
48,33.29836758345105
26,30.441275179695044
31,31.5970883475168
63,38.00280760988382
44,40.39603255517683
0,37.539955820954376
48,37.68029110115548
0,31.705830097368857
58,26.802040218193056
21,33.49786045233224
55,32.72956522565194
2,28.082087816488205
19,32.056877948854044
0,22.813061869786644
65,33.33792843792802
46,31.669052010676403
58,35.52480538428714
13,28.04792414603387
66,36.42306488969717
56,38.98254698512066
42,39.753436001519574
55,29.937873824892485
0,33.61841525108015
0,33.07409544045047
74,34.32846428437954
20,33.656119409021976
0,35.95012633540116
48,38.60818972574135
54,31.0730480044964
48,38.89249608727369
0,25.801692340639175
24,35.03062385946956
39,31.097828320523035
50,30.381340031680434
45,29.497106694773603
3,38.16079939533499
0,33.22373224248684
27,37.11603350186738
20,34.55655766864564
21,27.0995489213024
14,30.196709335878502
36,34.630677334418
63,36.518774123157456
0,37.83240527710822
74,38.1065124430236
21,25.508699134504262
23,27.233479966167984
1,30.361241946298918
8,27.640220726347618
47,25.947950144813227
40,32.656318775863106
35,26.871221493898176
23,37.94598818567254
57,31.98934307181002
80,31.54455128968679
12,31.531361745671305
33,31.344117552911754
25,34.669577595116984
68,28.38677971284429
59,26.348291638994358
21,36.01869624021054
8,33.38779502562638
11,26.234175732196423
63,38.39394194474978
34,30.29719061078498
14,27.594795886361467
30,31.575848053214248
60,32.61407035350263
12,34.55964041366319
63,28.06126890651028
53,38.620059179277796
0,36.528995643403064
27,33.19921983455607
39,36.76246196218298
8,33.32504299632724
20,34.4991692180973
0,34.338717447949385
0,37.61649444486495
22,25.089557770630496
52,36.34327629036539
66,32.8095130063563
63,32.11030521642858
0,36.09245620667775
44,33.018056342902405
72,36.90436309240407
61,28.71937228182359
25,31.18067539938955
50,35.26293491929158
29,30.50652226028874
26,32.044114255908745
44,34.654012591653306
80,34.105500750798676
35,31.462400042391916
0,31.584083246894288
36,37.34508688633116
38,40.82837818284448
49,36.94323226053315
26,34.387107430509154
0,35.85958351360406
22,23.65119720057121
1,32.9395909663791
40,36.24154370290399
42,33.237176762068025
41,34.61155662489188
46,31.17756288562386
49,34.19008688415209
0,30.717999471812316
53,33.77841678305343
40,31.88146103945662
55,33.494689598894766
45,32.86573279065967
39,30.642462702557754
58,32.20829188322801
43,29.720982384437814
9,40.56637423494137
18,30.164762941798163
16,32.09777839561642
51,33.81215438556779
66,32.66046270217666
39,31.377181852325233
25,30.58432177160017
61,31.494802556270386
66,36.99974431249384
26,29.061151798776372
42,32.906257372710684
0,30.738008127184056
16,33.42687366349529
73,33.49912980516615
34,38.50527339428062
28,37.592935511582304
39,32.52601723988859
25,34.049727639924924
28,36.58698412809184
36,31.835379844522308
14,32.46109054865687
35,29.924294330371502
65,35.98854409607913
37,30.712070226646937
0,33.70308574845304
21,32.45917234763362
23,32.06181733858077
75,35.08888037897615
61,34.532573040381884
26,32.41267768678119
55,36.4637813876238
0,33.05396747777554
39,34.22566010907114
68,34.91399439250615
76,32.40273001418233
36,30.849502063378065
25,34.87956177373276
20,34.42330552445793
64,36.56724467976762
0,26.18050229257083
65,34.98128402105321
59,33.29439054793088
57,37.4780730318906
26,32.94770718453246
32,33.36147174510768
14,31.0476398501955
22,31.2287335111582
66,31.857797887745612
2,34.17710802302286
46,36.57541386738949
0,35.25063138660037
0,33.46507615076638
0,37.29772093157846
40,32.29790258925044
31,38.6090967162263
45,37.18796603083913
54,34.68739469445726
55,34.170834122626474
29,35.747623264907745
37,34.48217588494058
45,29.865965183623345
18,24.89422635079791
24,35.46353881506902
55,37.222623481769844
60,34.60351122209975
19,32.8641627808254
59,32.73047349544113
41,34.652231549019206
37,33.502481522008445
11,31.908196117216754
54,33.17877696987795
50,32.04493809741338
23,27.209708259912162
35,31.98843486281119
0,35.52953768932275
40,33.54288791647296
19,39.00953641226072
19,35.54676609657834
66,25.611930355798133
60,34.03428576955169
44,34.84828662267473
14,40.34479962385062
38,31.3789387152307
16,32.106561560972835
1,32.89580195397435
23,33.2379576634559
16,33.86857947947314
18,28.020822509704114
0,31.606466957094106
57,38.11348746984892
39,31.532387884376032
61,38.39955766955418
0,31.874674800141857
80,36.81626956000549
68,35.92629677769244
20,29.22108455627893
23,35.508365279525215
38,25.43983650727463
32,31.75639632900918
58,30.97589537159035
57,37.302679192586055
62,34.82801237416874
83,35.8730315598076
43,39.054358967442184
36,33.28606357051151
53,37.63809941599265
2,34.760323298345874
40,34.63789106199801
23,32.44217227613026
7,31.13365872038872
45,32.3632823011947
16,32.838029224317566
26,27.83667363200713
23,36.11011312285866
61,33.10698010527159
23,25.81683549961027
0,32.06179190565328
69,32.80479517282816
54,37.62137165833867
29,28.28468446920085
45,32.77752604838175
0,31.51413801178723
45,32.36216831952266
0,32.218981570932385
22,36.2804842827574
46,36.63379698693267
47,28.983430897272196
29,34.27025837219614
0,35.896073935128285
24,20.77696754001401
25,35.48887563862545
20,35.488090578652844
38,27.992254779462424
28,29.09825894836872
39,28.589626205984068
68,38.09252982962227
68,39.4357666906849
27,34.35626523517428
48,32.06385412928282
24,29.32324961817359
40,37.38356013500166
0,32.09745751654282
0,37.29430105890757
50,31.268429113446036
7,30.640111763123564
39,36.84999669067631
23,31.12789773873369
26,33.79864965271832
57,35.700966509682594
5,31.43172939333048
29,28.21289931467936
0,35.61280308572851
0,33.67386586525759
58,34.316410648917135
1,33.665764885212866
90,36.917271808567854
11,38.335461928042704
71,29.231522212768393
30,32.57598399483174
83,35.74662613589227
52,34.440571563063244
74,34.97605763098147
11,34.436866224422566
0,24.748200220391496
41,25.10497209942512
43,30.645790812576774
70,37.01095391509338
75,27.155740054297215
11,33.79834253814987
72,35.58234477769528
53,36.99447699094737
28,34.43354741143876
0,36.86882826465171
50,37.004464754053984
57,38.13634095241391
0,27.957869083355135
0,31.22885459810807
49,31.500153685894126
32,36.010601443574366
33,28.88764432492791
39,35.454999676242046
62,33.93936740193612
14,28.199371792529757
15,35.78171350555916
61,24.467600702029543
51,34.48956058421497
34,27.698959822642266
0,34.667949884519764
29,31.733809174392608
50,33.65077538628646
0,34.44837587492451
73,36.7943280522033
59,39.19639248706812
60,36.11796228063533
45,33.946596546879576
19,31.18093980415364
60,37.403381178321105
52,28.02728735772112
0,34.40971130325236
14,31.803298319237825
14,23.45416842240892
40,36.77444067752147
46,36.18171371877795
38,35.14709471334031
21,34.932835379770566
21,29.01782302452396
15,31.18144411368772
64,33.28481776637044
1,32.0729079539966
59,35.14360864729303
31,34.289676493980025
1,35.49580821924707
0,36.43838904917164
54,37.39496937913681
35,31.50778320899241
48,37.61931136493529
68,28.18821308934193
71,40.19717404563065
48,28.535550197303806
21,33.47633112731729
0,35.110677751067676
25,31.363698150778852
47,34.561754677419124
0,31.22885459810807
26,28.86586256894182
3,33.554748623992985
1,34.148940940345994
58,30.501338971701472
24,22.303207180030494
37,36.00429555939555
64,31.85200256710598
37,32.04077196524663
58,31.052812030384622
66,33.88327646714816
50,35.852451232466464
48,35.73901909592344
35,33.63334204601774
22,35.03657114093209
46,39.01560877130288
76,39.21936761732858
23,35.623404819491476
0,33.7374251800836
0,33.21656518339523
0,27.288446372587742
29,36.40628431301859
0,33.858774137637305
25,37.460513162643366
0,31.858430528571475
23,29.423026106150765
46,35.508154680403905
0,29.081517475929513
31,33.44367238073692
32,25.349030935142117
23,32.89788122652138
41,31.107227031385822
0,33.97462650770572
54,30.683217580521163
74,35.91672358004167
7,33.79600926574148
26,30.91899092927456
0,31.02830890828409
0,34.16876026770469
34,34.90721637920987
51,32.427319333560604
57,36.87190345212192
0,37.97100361527124
31,34.05949856458889
0,38.55738044854581
69,36.44938918220848
15,29.092272742402823
72,35.757728157079306
73,36.82533218193168
68,32.28974456699668
39,32.34838121842518
54,33.280985465783125
0,31.650860551881422
67,32.93039180044249
37,35.101605978275956
22,28.41179500003249
3,31.12897332021469
0,35.63521781277651
23,32.050177813205686
57,34.59384533257072
49,28.89852388602506
66,33.15586209493883
0,33.44658137879678
19,37.003439212647315
56,30.62392110823968
31,31.655352478902703
2,35.42076456741968
50,31.259031300829854
54,34.736515545368
66,33.66786172499899
42,32.09526404855388
49,37.48249519671234
49,35.52042171812483
22,32.67433449696566
0,38.018985063193725
37,31.509681392550018
62,32.91836187309297
49,38.37932515730682
31,35.24571978485294
36,31.887999708257844
20,32.70363837314196
34,33.63574206225927
44,32.64365873052089
29,34.99327772445447
31,33.4632652993432
12,29.46853672794577
76,34.471257541827725
27,31.41571632468629
36,31.985944444235052
73,31.231365757580633
85,36.28923191199781
0,35.343767825605234
44,32.53801168072095
29,33.08517412263257
12,35.9318134343934
59,37.797281623489326
16,34.80781245989693
48,35.118942329972946
43,32.138826668715836
32,33.37434443785926
45,34.68449789411021
0,37.11635221531073
32,31.979215453780153
44,34.745302013520714
72,33.16466706608638
25,31.614701183357244
83,39.680357852841134
27,36.71367500605717
36,35.491508038967005
0,26.768816729683024
44,37.24143932322249
55,37.379342181122226
11,33.33800238171497
42,33.10701555525635
52,35.56128310601797
5,34.39687042252325
33,27.013031012083268
57,31.028908579929418
0,32.51578741486332
50,35.76604388411824
51,33.065686967363426
48,28.607190865158024
10,33.555581254617536
60,36.5869345652205
51,38.25881534192851
76,35.26240025530474
75,33.78370148241611
44,31.703483853431337
22,24.000138809547565
54,30.57649952661983
31,34.475126124655176
20,26.147525974883994
20,28.554258745089
23,28.210549303534897
42,31.294845491439304
26,36.893223969208734
21,28.863904873611993
0,34.658812498164
64,33.52507299690966
49,39.194777650541006
20,31.560974352772362
0,31.67991367256402
22,29.643506424993653
27,31.738377802558514
19,31.523462757973725
17,34.02044759615603
43,32.705935754950936
1,30.589213318915032
27,37.98189220162881
0,36.21962864100256
0,33.056065705309045
38,36.41891445639271
2,32.76853667297461
67,32.70809954461734
64,32.04942759500489
24,31.042119200843967
50,33.3469405573237
20,29.980023755442147
0,28.387458570449333
0,36.111515357146494
17,29.0262429766028
0,38.19561384019614
0,32.937315946273706
65,32.44429640371638
24,34.59952058993607
0,35.437858394570874
18,34.91276076244946
44,38.415405295278795
59,35.910933861772435
48,33.713957757698395
32,32.14342893131642
65,35.419704018756086
44,21.915548212891203
0,35.12040104290437
16,34.00176553484176
52,31.41244242744157
39,35.67403052375863
7,37.74764877857827
38,33.869078452551435
43,29.771236451886026
2,33.09160113367307
0,36.48497171050998
0,30.418346927865098
54,37.332319648994435
32,34.554275066601036
68,35.82548875514748
50,33.06721638278297
20,37.21713000767744
56,36.07197864763723
70,35.343931405644206
39,34.880542873060094
54,33.38387353888556
0,31.177920391186465
4,33.776305165106706
41,33.46003253652032
41,32.626026912207266
55,31.346459489507193
21,34.22276160197134
24,29.763553349945532
92,34.07277553309948
22,30.86673777757983
67,34.08908975191141
26,34.65697417207036
23,34.53694673212979
41,28.715681940455546
42,33.24863801149667
24,26.691433796963146
31,32.23832816341778
60,34.155062485067326
30,30.79109824792284
0,34.55208403006942
64,30.18487619935651
78,38.191311289869404
36,34.85064971796789
11,31.68985622151242
46,30.865384397610153
58,34.32802052768068
2,36.1829655358929
1,34.794650911138355
28,31.048571665067744
35,35.222672821181774
50,34.37752794562053
37,34.85178525131958
17,33.67580279824266
0,35.52039694613355
46,34.025030735950544
73,34.23944086808949
23,30.69677348671734
16,34.20217111706306
0,30.717999471812316
39,36.39422255961386
40,36.04795951250385
48,33.753294116857646
78,37.12058623537141
73,34.80825721748447
21,35.28982775793113
1,38.42623581397171
59,33.73401528681138
14,32.06126265516614
2,36.3544048025075
66,29.023453020180707
26,33.249879845784925
3,38.21854267078263
31,32.748152046972365
18,32.30329219498447
59,33.24060863649647
0,36.49778587596286
49,39.590260091603106
87,35.78449036783318
50,37.53765211456025
0,32.91068460492759
57,30.912092020102023
55,34.81770998973004
12,34.674748878662776
37,34.48914896124963
46,35.326337941961434
12,29.390810642664437
27,27.8116475173564
58,38.04324314843939
24,34.719770428975586
68,33.61832849960695
1,33.355546824941364
51,32.36121026189349
20,29.424308049978688
41,32.620123769181355
0,33.92685904887205
37,32.77335598237331
32,34.49018769820887
31,33.620906461240594
0,29.681581493733326
25,31.76548792083522
19,33.74922404555592
28,37.20671729053392
44,32.392031893397224
20,35.588910924068806
23,32.754825317114324
29,35.70223369807848
50,36.724658970879055
12,28.5825641912612
70,35.70766097074317
20,26.222288734077818
54,30.592161573196318
0,35.2903918482022
29,37.77772502909404
1,33.15369378740494
0,35.63162060840812
43,33.964838474461644
29,33.74778861904402
0,28.41850317958859
12,32.776679404109515
60,33.54307255323998
0,34.85038927124762
53,36.03238214796567
54,35.04698978971827
1,34.209205623787796
3,26.079186922641426
0,29.61368001065301
21,36.9376389898712
47,35.40497538457424
21,27.095243690676774
21,39.62950082091372
21,34.705469378676014
48,29.13007516326346
20,23.52455873590933
36,29.711509844130134
0,36.65283472304242
22,35.79186551681339
0,35.25663865982909
0,33.912430509756284
37,33.353131421155695
0,33.4006950311446
0,34.13036762313494
25,24.599278800703033
0,32.883208738765454
13,28.118798982193795
75,38.433205445167815
45,35.74433349161443
27,36.89767670201269
59,36.45158212124302
23,33.42635962768383
41,35.5933366701057
0,28.54603582541639
0,35.19547386155901
19,33.19939427704483
38,30.192522016361778
0,35.20497248673418
45,36.91641084852664
25,32.85517004451475
13,33.54085555615123
0,34.99921724164556
75,34.658232791059575
43,28.88891199895565
52,29.4300967510782
48,33.227461269917605
45,32.330669922164816
19,25.84409161654173
41,31.96454289654864
0,35.481732501634184
48,32.066674634567065
12,27.58603891063074
50,37.953909070047345
46,30.76428104573627
39,33.16211367961216
6,27.719192382028606
0,37.4098001743875
0,35.31211349841575
43,37.21462887098926
37,36.8769746828029
59,33.66759655251352
59,39.442534503697914
55,36.819209531018515
81,37.32196769322972
20,20.58450176796396
47,33.680653348504045
66,33.54629873484275
69,35.556279893712016
77,32.16175544959613
42,32.95144048993484
36,24.64127264784244
0,38.54391894183742
0,36.920696948065924
73,32.16081646279033
61,36.25920578932703
33,23.85969077281657
60,37.96042300236925
43,33.06282696438147
63,31.190710879239568
23,34.18604753931355
22,33.1301242318008
67,32.672913939600484
18,28.837044244483852
33,28.88422000258201
30,35.90321382178994
15,33.85595082143549
46,34.44390330253785
1,28.63388470195795
2,33.19261552213752
53,37.41049568169501
0,33.46999321209453
31,39.87576439662058
52,27.900818384312373
41,37.63689859548945
43,28.77342330569217
13,32.355361668377164
30,31.956580147822237
44,32.55870081543652
2,39.34734767981704
46,27.979925317907963
0,33.46573065200203
54,30.01191956441762
0,32.12626232719536
22,38.07491671424668
67,36.07295899242689
0,36.311507304420786
45,31.290704943844162
0,36.91735583056964
1,34.72278214066836
39,32.61480035170812
73,37.06392652456402
83,37.365574693232304
57,33.224755171441714
40,33.49918135932016
47,34.4746010253735
33,33.603752027132145
16,34.64166361015989
0,32.05062636011756
27,35.81748311823153
0,36.5041590857901
19,35.62643193174093
56,31.272679422942087
48,32.62312619235119
55,35.667277421881785
29,37.09298813620594
46,36.175363657918325
21,35.84703021064923
51,36.885020971647094
21,31.041674466158398
0,33.10262922218539
16,28.078656191428962
3,36.31422266387562
46,33.798292098946995
43,36.23849957175852
45,29.891071996979136
18,31.626485543891846
1,33.40555278080334
44,30.10927226802106
60,33.953130642586004
49,33.58327952772664
64,32.766401227919864
21,30.525770954013016
36,33.2526620989135
12,38.98882947864945
0,30.10895740325833
0,37.06207933087388
1,34.06724354830146
41,33.38494204727098
41,32.72918146253673
49,36.16300869666965
37,30.052508082971375
45,35.43691726625069
37,34.62416832161034
20,33.65914144843903
1,32.9508760304501
45,33.5532445310933
38,36.8814674013534
47,32.21234632883166
76,36.428859793127714
56,32.55096280655728
60,34.490722073722644
43,35.031172978730055
0,35.4531739660637
60,37.78300806994571
21,25.019304820278357
58,37.54285779558635
36,34.949385978804095
53,38.70234469602113
37,36.75504969614937
64,32.83624355252443
43,31.899211062849588
51,36.94554886654838
49,24.28424590280855
1,34.46550312095266
58,35.130403507399755
19,35.00613051356235
58,39.2590149541925
7,37.38437432305237
0,34.76869299134905
38,33.38863495346107
0,30.72083076232722
23,37.91139546405117
40,36.43571016529228
53,28.04199538984343
21,30.82762931027474
27,31.764843674254536
22,37.13877834617902
38,37.39959599448154
42,34.99004329293069
27,39.15360149042756
57,39.48354417157822
58,33.62088256715116
0,29.826903321211873
61,31.20098052347365
33,34.42465482919644
31,32.565002872567376
58,35.195400166401285
58,30.408517653694947
28,31.47740242129783
69,33.55582962269718
43,32.09345417619087
13,29.25551062635094
58,28.996364211575546
72,30.962684996209617
31,33.67715800052457
18,28.857386628902454
0,33.30580633201751
61,31.45488167578702
0,36.70354734706888
76,38.44503862102415
1,34.795635203340645
22,28.998385455460856
0,34.65736741002067
20,35.69030098272928
66,32.44173344317023
29,32.0970915309111
51,32.599315534527165
52,35.37648400387693
79,34.56044593831956
0,37.70725949058722
28,34.02460366656309
23,36.06509407717593
39,35.3735892223515
75,34.08934373998432
59,37.64773167945202
0,34.96141132936163
37,34.07557186171566
43,33.86558141403772
16,38.02977751009652
25,32.899524750102124
0,34.326602651947844
19,29.569664700138702
82,38.15065311697735
20,25.28522713251986
59,28.718527412998192
23,27.802141065991925
49,27.15086926563021
19,36.341377046273514
58,36.21265476223082
20,33.21252402649526
61,33.42749756769786
0,34.590175951846945
60,35.00500813959527
54,33.28775206605551
44,35.82102967634576
19,33.2891700891646
50,34.93128526436469
70,33.96474029013628
0,31.612261811320938
5,31.737532559271106
12,26.056386507302047
44,36.43718571674653
0,33.8621827062276
10,31.475117501128747
51,36.47139905704264
29,34.72251974452721
44,37.19348277384712
45,34.47100219367028
27,30.09502175851364
0,35.86362992366037
49,34.043496062997946
59,32.340366386069995
2,30.590075296500387
24,33.98315648840234
18,34.23178580742969
39,33.210055455145266
39,31.75249493687265
20,35.08732075019946
57,37.208653863110285
14,30.04146585632234
52,35.70243300944155
12,29.5937286855248
35,36.46792461059478
39,34.56098519962946
36,34.32828166178697
47,35.80575412953851
25,29.771713594393795
58,30.069661756445377
48,31.738264225981318
0,34.61458196517947
65,32.49376624985977
47,39.07614574495366
24,31.29770092724647
0,31.636973093605913
0,38.167748110231045
25,38.41332203907073
24,33.663852625772314
0,33.15369378740494
1,37.964853426928414
65,28.69008740400288
0,35.711637978295784
36,31.919866107602015
47,35.19778214833304
51,35.81548853225666
33,31.7755945766481
20,19.791466384342826
27,28.039894244126042
24,31.671667435230795
16,28.803751077183147
72,31.950702102706888
0,32.88011536703003
54,33.82660941201109
33,36.73146898088375
0,31.780462842373392
30,36.12247809235241
37,36.439122849208026
45,33.975411618546815
46,37.57778371944863
43,32.58221028103793
42,32.276183483741235
38,32.80146642447096
0,35.24285382616795
25,32.87005107969225
25,28.428643528255755
18,27.433279864613056
45,33.270919454125156
28,33.08894136396101
0,30.160163187117554
28,31.342265962330565
16,33.88102231345081
12,36.8578733265062
27,29.727838040110065
59,36.27521133826198
62,37.34599466958338
42,31.19715717756996
72,35.447379510876765
34,33.218142273871955
38,37.31598496975704
44,35.8492865729368
21,32.20195275372341
0,35.016310407753515
43,36.647210251417796
32,28.677147196068205
40,37.90914516954915
62,30.35518343502095
54,35.23800315365116
44,30.232250912866395
40,33.17514253370068
54,35.912803279956634
19,31.374991136549166
0,36.67417355340244
21,37.90239950238706
18,33.04589939424179
65,34.82551963307322
41,34.209170625924884
22,32.89974304002999
40,35.74125218977887
44,36.68893258423044
22,24.730564092570802
17,34.73058570289643
49,28.10221592820785
45,34.05429449114017
49,37.40492233147897
77,34.05956784890351
31,27.396730766259637
15,34.02941455550464
7,27.426262372287372
45,27.783331909740454
61,35.44316124074254
0,29.592272531722152
47,36.26132806410661
0,35.73966904855708
0,30.548735531274488
29,37.36208178128507
0,34.85118801399984
26,36.34174826805757
17,25.981206509381998
0,35.072740258460335
0,33.86284788495693
60,29.92002436794585
18,25.580983314041873
9,34.29795074192984
39,32.073185221087485
35,35.144727731101256
0,33.08915899505398
58,32.986177101037256
22,27.365872194807398
0,31.18837772246757
29,30.976715014383654
61,39.50667356143948
13,31.877000022118242
0,32.937315946273706
44,35.64875977395045
53,34.31712004135492
22,34.84523797924744
21,28.708276729806357
11,25.267352548661272
50,34.74494858278698
57,39.07224523356579
71,32.051643442202845
52,38.14208018728438
8,34.865202341830624
18,32.74209701093793
0,38.22172370466556
23,26.694785546886767
56,34.127220128170755
0,36.0599305736736
28,32.05933315141365
43,34.64228722290674
38,29.91044919989713
28,29.483772928891227
30,31.977550186110552
15,26.640327845301886
45,33.61202728307626
0,31.115540471498164
12,24.827917030236257
18,37.670684253313354
50,35.74441473177502
49,32.511876215451466
0,30.869980809867247
41,33.60084334843889
35,34.88103061463569
37,36.13174874969143
50,31.725655259371113
67,33.96695452507514
50,31.45604675578562
13,33.63626762759757
24,33.520715823189065
14,29.93741964838455
22,31.870151545858015
69,33.627481765093755
44,34.09638798086916
24,35.600978100634116
25,32.781744789431514
0,32.3180037144953
41,38.06178405278652
38,32.738880846097324
53,33.790089781022616
40,29.61880335625046
35,35.76813444875484
18,28.666364448770263
23,24.068547101019504
20,31.127637426364238
36,32.34559383151001
21,37.31318953230026
32,34.429436699808285
39,35.456802257656506
2,30.900909123890585
45,30.69956151914559
50,36.29875137841307
0,33.632970230459186
20,29.59398378014282
41,38.527387216037724
2,35.89110353133397
7,33.718386833483976
27,27.830612326494002
23,36.6653096035749
29,32.85427785288909
47,33.084818922292754
1,33.39504193552246
44,36.878822476313886
24,33.90497150407732
27,26.240519605756596
65,29.585596841526243
20,29.883976123411962
61,31.581602001608402
17,36.13082387188058
42,36.25647758372606
32,32.61192398237273
72,32.2828461656779
79,30.444603711403907
45,31.982783835459266
60,34.526678421438454
26,28.951757167758938
35,35.642567976971435
76,35.478265509899735
28,27.49049915023008
36,34.370137823581544
43,35.71704519375325
40,35.33075626789216
0,34.148940940345994
47,38.55899391114544
81,37.322820516974154
38,32.164604046747435
50,35.06786048593309
55,31.991032569427034
46,39.98328843563199
47,30.90930324439305
25,31.92061373145516
0,35.47390134950301
0,31.18837772246757
49,36.12545052531631
0,36.273808695753004
0,35.19547386155901
18,32.984375679941664
21,34.930885224363706
37,35.00628550492293
0,37.917658493273784
68,33.16178295895329
42,31.284226316645686
23,32.361944210860386
54,32.86128108774248
41,38.49687871061931
52,34.3935342480623
19,35.13131138807744
23,31.300411976462257
38,35.96114164376231
6,31.025287653413216
73,35.749141402061426
48,35.71240754843307
0,32.8696569466965
37,31.966275492103648
65,35.517125729998654
48,34.49438482650983
38,29.3090904231924
40,35.08834870690288
57,38.62752786887253
1,36.26680562280016
43,31.015653029181387
53,28.927605655099725
0,35.50121869758342
45,32.88137736247108
40,35.833438245509825
69,34.67453870733009
19,33.92343590714402
21,39.990035872761574
0,32.96799535806728
37,33.55271473636495
66,37.268361335973765
23,30.334544899407557
24,35.777677203299504
49,36.95029026931977
0,31.68639354876526
1,32.055524210419016
41,33.54586318381283
51,38.674691586132504
0,33.41700852700091
31,30.705549673019988
38,35.184054489965824
0,33.70783752404626
30,32.238642704350745
74,36.777295522195594
44,29.96695925468315
0,37.14156714382875
36,31.08718704685145
33,38.44080272125591
56,33.46988465772271
43,34.91549597810681
66,32.568051385270174
49,38.20042929058245
7,24.017911092808724
20,21.222421224315408
23,33.034493772813796
50,34.07613779761481
47,36.1784083129435
12,31.065706903093705
0,34.70787411603969
32,32.14104703184486
50,37.29525919869148
38,30.722834552665635
50,36.87562896011125
0,32.99035560428628
47,32.00313923587474
50,29.626742683658804
58,28.90951097362349
26,36.117653979931156
43,34.88304562565263
50,23.753649107668206
0,33.901490164105425
0,35.54861465568008
0,34.21765916060219
39,35.71856221478689
23,34.86250992840998
47,30.747811534571007
56,36.61662196280065
38,36.52777607289949
15,34.45772587920343
58,34.87783892431095
21,25.416545008845127
24,37.54226244077687
0,32.57052843953001
40,39.155693891278375
19,36.8961030586043
35,28.035200808399882
53,32.18826593266448
52,29.531064546426837
65,37.581636384548155
19,31.14015286345528
32,25.434131378962043
10,34.70886574711364
43,32.22614161572233
10,34.253290251151014
50,35.298942344914956
18,36.47046887959429
37,32.68229564391941
55,33.36825886588018
46,35.367040688224634
52,35.71899781680858
0,33.95017022162021
53,31.227518870538347
46,29.67376515703079
49,36.077479140193006
0,31.190626088311788
0,29.6461009591796
32,30.506318268676246
2,39.34734767981704
72,30.962684996209617
16,30.990877069567304
50,35.38478606349827
40,34.88018487983722
62,33.46512590679624
60,33.78094951968869
43,37.135533525183966
35,28.732773945659044
39,37.671873691763
51,37.021937505784265
21,32.38251133906369
53,37.29828238243412
13,34.64173645698688
0,31.539875812028544
57,35.166621668166286
56,35.5197814239142
41,33.52213482518693
38,32.94448846967914
17,33.46687282611912
41,34.893685050323846
47,29.906956793687602
0,33.656680867746914
44,37.69635368310029
41,33.23489514994777
41,33.897278003594685
75,33.31942973612381
2,31.218750654323618
40,39.29574239060301
75,38.8118337989885
59,36.032372290109095
41,23.69258210991741
39,32.947290358513925
2,32.424620285166945
21,36.85112287095918
0,36.638336363743456
29,32.827270391546854
20,37.405327284103926
58,31.524710614286644
39,30.46077172480915
21,27.09940068325193
42,33.91194309044133
64,29.399119804876968
20,30.948472888292514
51,32.427319333560604
24,27.535334228065114
56,31.298265918723967
0,35.89150706170189
27,23.414467619792518
24,29.503374030123073
7,31.570070834924042
25,35.267864243218824
68,39.99265742176622
7,26.92707783539194
0,35.07600698380204
58,35.030142529382594
52,31.73999002419986
29,35.715688796392044
59,37.76572400320757
23,26.10561239096108
80,28.45257911842212
60,36.168517513837116
26,27.750837642151826
0,29.184445095571164
24,33.85973746761876
54,33.81003837436618
44,31.00870577915588
79,35.700003540244204
12,23.87575090342574
0,35.47390134950301
44,40.55119994505663
6,38.426451667848134
17,35.88360507863176
1,35.76626627378015
50,33.3281810159084
56,38.71864308618131
40,30.742342980911626
48,35.00005665679129
21,29.52859217173613
34,33.59145041597135
36,35.60060234743941
76,30.560408213520475
37,35.774456174260685
59,31.65926177366824
50,35.51929576964557
30,28.24077519522267
56,35.716124783616394
0,25.769001555040585
25,34.91883438210081
27,29.902319988868598
5,35.89110353133397
0,34.742888607355674
55,34.18315851834539
1,29.352922879126496
7,34.148940940345994
47,27.347666266727302
56,36.51708667197407
38,32.7383082650386
28,34.28688685559886
41,36.89535720559824
36,29.45084423083871
42,32.94223960008543
0,35.19490039642968
41,35.698110682746425
23,32.60052701875567
12,29.68970895903939
55,36.47777966064476
31,31.863888870202416
74,33.60222703960837
0,34.64952237612193
22,31.27752664160214
0,38.91519965210204
46,34.71371883912767
7,36.53357370567202
53,30.40314200168409
36,34.95144521989111
1,32.76965265706512
80,36.951322706901855
28,36.11966335097146
37,33.15539390486244
74,33.01828343213869
58,38.054008692461494
32,30.358873534922445
10,31.776345017585477
0,33.05396747777554
29,33.1158887759051
48,31.913111569401664
34,33.00262959201289
25,32.66841421546627
18,34.78676119981385
58,34.73217642297283
0,34.607522775877165
75,32.307177826550436
23,36.63897063840279
10,28.627640122073963
44,34.27412038054375
35,35.20971908297614
20,33.61065190512401
11,26.62545214492756
46,30.508496890041506
16,30.56859606377001
57,36.54056364247146
58,34.618403299985026
3,28.09593779867449
14,26.44317194148519
32,33.20858443258975
21,30.102420504505066
11,36.66921161247026
57,37.16167813237038
38,34.23612657734464
41,33.8563555978364
0,33.15320136199446
59,31.269335783897226
69,32.570752706892414
59,32.81105391288454
55,37.40621730071729
10,29.5554383250004
0,37.06207933087388
48,35.14404807923392
0,28.885636479067912
50,35.595777517972586
30,29.938602103769092
57,32.58197268017146
44,33.086603941367684
67,30.287980036395435
0,38.91519965210204
40,33.60084334843889
50,33.791771449697144
0,30.792462473124544
48,34.28339780378104
73,36.924309928378484
0,31.47196428986536
16,32.870552716035064
45,32.40264516085188
32,30.21450536991669
2,32.95069552265688
17,36.18069642146505
40,28.19910022948009
45,34.58872129076301
45,32.7731306711551
56,35.04805164282862
0,31.722543486623284
26,35.96613343621083
46,28.101805201765664
20,35.484685837480846
50,31.783656184260906
58,31.46903201029117
46,40.19953684727217
33,36.99271949547809
67,35.40046037216973
0,36.31678826136904
0,34.50955730680626
19,28.211646284229385
30,30.30163214207857
33,36.169249367189195
44,29.004886574352973
23,30.607149483172016
18,36.98656934326823
0,28.76364522542014
25,33.3730333803552
18,37.789124173543065
41,32.92833395565165
43,39.145543775017615
49,26.027521524178464
38,37.25879708188572
47,37.50893614529539
41,36.57013188300923
1,33.23212343990609
1,31.444124205287686
26,33.51180074918997
29,33.585467295820564
0,36.516608590063576
37,30.03602968198548
17,30.583085626859592
48,33.98254202628547
37,33.563273089006756
0,29.782349819291067
0,32.861192388784694
22,30.252862006186977
0,28.68116175539766
0,37.475898440263684
0,32.722773159539614
9,34.914448353962975
21,34.13419507930573
0,28.892419606209018
53,32.832627571174086
62,34.48149358903146
21,30.028932130047064
9,24.830450076207725
45,33.975411618546815
39,35.49768469560478
53,32.27701629664736
41,30.37830384657236
55,38.76601276042962
37,37.755601096141106
42,30.539488552867375
58,24.00446268920726
0,29.79742066071708
21,33.94514058070746
38,35.20386885164451
27,35.51689871734315
44,29.648218680189284
42,36.54132025899545
21,30.558521631470942
0,38.9338416824548
34,25.18132667404187
31,30.71498628630212
15,30.423534609558303
86,36.299691970022096
23,31.41070580331028
50,32.052458618452555
0,32.444282995878275
51,37.93772838715581
60,35.749477317560974
0,27.954188640369793
44,25.23898634947819
28,37.61446788937424
49,32.973199978165
0,31.73884423003885
78,28.771725152523523
55,39.87947976967949
58,38.27659074787425
20,35.91369396045256
26,39.01324829545266
0,39.08987530949736
34,31.218522940106514
25,35.424633655626266
0,34.15126151259457
38,36.559751118516125
41,26.087739304358955
41,34.236301315807395
32,34.36262505549643
2,37.0498728412741
77,34.86789420428356
19,37.76568219370075
4,37.19458983224489
36,32.10689589952598
36,34.54995788176473
11,29.214442386109752
18,33.46392056242655
25,30.824903589468363
7,34.09534124486867
1,32.110947221002384
42,31.6417100278421
15,33.19275066394611
27,30.529318379128366
18,28.599015371429573
65,33.67994028460052
68,34.0599834651193
44,30.63415367036129
0,35.63887675901714
0,33.97759277553403
13,30.363057470545343
39,37.83154260060583
67,36.29287665997937
37,29.535766902394244
41,32.37445142970462
40,36.04536328605733
46,30.57137670872542
76,34.10445330387143
39,30.727643231595085
12,40.156543510287875
32,31.56428846260724
29,30.739364904013655
78,32.03801420708797
32,24.146176243626897
56,32.22434814737722
6,36.44324800521976
55,37.38476008312138
0,35.5827859357131
23,32.37821245393293
0,31.18837772246757
1,33.13268546547232
56,31.744690168015147
4,35.01467263805181
26,33.930745467976344
0,32.98362931597818
57,30.592523905450836
38,34.330595388346865
15,25.672465463390747
58,37.62921877910466
18,32.54345250271766
21,35.97434757390225
64,38.29209028240907
18,33.055409611256195
0,31.778296114382137
45,32.311562632313276
42,36.42223931371795
68,34.451508036693156
61,32.57265659950919
59,35.83185173908466
27,30.769902378511564
41,32.216816425297026
50,36.94180294435639
57,38.889338723096714
20,25.189088880061266
23,28.187502850151482
0,40.4723181928866
0,29.714882028556335
23,34.70006386818095
43,33.87105212044259
60,37.58118088563416
4,34.70787411603969
11,35.273441857316314
62,35.16988076606511
42,25.80890538647983
18,32.64122185331221
39,31.4176813448714
59,36.13755416052645
34,37.2580484645353
0,37.76728833382581
33,37.71117272169254
0,36.157108281897344
22,25.932279892234607
0,38.08695331345066
71,33.802302932919794
35,34.33414108536922
23,33.80999750027501
42,32.619998406946955
2,34.59976631394068
54,34.10900768294636
0,35.244423908475675
50,32.445459573050016
57,33.147075716613834
28,31.238268147482284
20,33.18345451375112
64,33.575052271796764
0,34.32455431808379
39,32.79514172706019
32,30.81421868965946
28,27.59438047444237
0,28.23566086710572
16,26.5761255389836
29,33.297840278850494
0,34.97060411752624
67,32.9630552662401
50,30.967525973390618
42,35.21477651364606
0,35.8459650998288
60,36.2935263735564
21,28.462161086388132
40,35.198912497172024
1,33.91249839134268
41,36.055678072377376
61,35.85714585679803
17,35.69641514602282
0,32.81759126997192
63,30.380348340840023
51,25.214288539744803
55,35.495963194653065
56,33.97833984955494
41,36.18766504547049
0,35.15435850261978
35,33.51016231549279
0,35.110677751067676
0,22.606676192179947
32,35.520490753578834
61,35.13788181508686
39,31.445086465878433
58,36.689226425165685
49,36.55619368860054
43,33.961306921282215
60,28.986493626658195
56,37.236335811685976
50,37.327437547537244
0,35.85085400153474
56,27.288549381354187
23,32.97469726097227
66,36.36045577890242
77,35.04304067704848
27,34.76127435781712
40,37.60500227033683
32,34.99398016438144
0,26.817102501260372
36,30.39863759139228
9,32.05621729668448
35,37.39790307380691
0,25.2684721839058
72,36.35745357523562
17,29.07091687836558
72,34.36159444355517
23,36.01063917941053
0,33.85217558315094
61,35.363045333129975
65,38.823396926057775
32,29.500204145645256
15,27.67629029215145
43,28.26167251584814
66,38.834527082228036
64,38.60937422223634
0,33.93984045627294
59,32.85017643087153
54,37.355856252875526
57,36.66471445499906
47,33.90155169022738
40,31.873418032999655
51,37.59799755302788
28,31.396885200691198
40,33.16448661370808
0,35.921235948910734
27,28.316999831956572
29,33.98496189138788
62,34.980981470510244
0,32.658584700892696
19,33.35327722519944
71,35.48167480772399
21,32.80809954029644
0,34.36333285160912
25,37.16074775789929
61,31.971046662008696
14,35.2938950996506
0,36.52193503280567
61,31.98989417877103
79,36.772730128828286
27,33.84207328105963
1,32.18009859037963
0,37.76397484497345
20,32.79245271147067
11,27.729302476914384
52,33.16444819255902
52,28.257790155635004
29,37.55324495926797
23,35.179627939001115
0,36.21325595070484
81,34.314764712554876
42,32.319688375392936
24,32.313246186544106
48,36.31702784357827
71,36.250906244585785
20,31.33121803126545
54,32.86317733108341
0,37.82929941660926
24,25.973450230197145
38,30.858972429181044
23,29.472879476806654
8,29.4094515099226
54,32.277261821952045
61,41.60693297242335
3,36.157108281897344
13,24.593773633832217
57,36.668125021383325
80,33.95944896268131
25,27.917340500256245
26,31.30725096433645
29,31.466964258204218
47,33.59077108208562
14,31.311258957860343
56,33.07224859698803
5,31.58987038977954
65,29.079287443038226
50,39.5913766925407
0,36.15905101314191
13,33.754342989332144
31,36.20401505751994
0,35.43839309224604
70,33.13205525035723
53,36.55008507176956
53,31.40593828741384
0,32.09504533286298
31,34.91716806258545
65,35.7537124589989
56,34.94433716589036
0,33.35484556995876
5,32.92277110717661
34,31.657320297056273
45,32.320935766569654
30,35.8458276745394
0,33.66550566137186
0,33.20419463139235
66,34.604260402180685
50,37.45462121324517
22,23.416634357477783
46,31.548573541777873
23,34.14636655110064
59,35.128886558845245
0,38.71123865492488
58,35.04063527938491
30,34.73545260828579
63,28.225875727154786
71,32.73783487502388
44,28.733307080821042
58,31.771002791736805
0,35.12227585758578
47,31.113844871772503
49,39.21163545702915
0,32.139942515785805
62,31.0886473131296
55,29.851013969497934
70,35.91253187972023
38,25.633159915810875
60,36.81935076783465
54,31.468239466378048
15,30.265534923745104
48,38.602605382668514
29,31.48172952836701
0,32.2212500176982
57,30.019509706054688
32,32.467402168795665
0,34.98554941258507
66,30.269098481928456
44,35.404837774592664
21,30.071413858949096
84,38.60644955375556
26,35.11971388222244
65,33.958225698240476
27,30.11896500860822
51,32.76221744323801
22,37.046015895697025
40,33.30400334409301
17,35.336803870784564
58,27.46331346030646
36,35.46440460150723
0,35.272988648813616
51,35.0809181211223
31,36.313609849575464
36,32.777861781016036
0,34.820170772914686
32,28.710532351864227
44,37.445806739533154
61,35.011451627139614
66,34.40936222474508
73,34.04716760499634
41,31.7899269926295
67,38.22416526232052
18,28.49121581176599
0,35.49608573198398
36,33.5049857254449
40,35.405915325975904
25,34.43607589941625
47,34.27454512755791
0,34.393544579611934
21,27.525763494164412
40,34.42842493732189
18,27.273883008646678
37,33.416698688178535
21,33.84238435204513
0,34.59834049099009
44,31.315635792883064
73,31.023851676686526
66,27.000554088834043
10,35.756055509744535
0,33.68693405287595
73,36.43068909379066
0,31.02830890828409
57,33.05515827797897
19,33.179554549846166
0,33.78655757226254
24,32.06333812680082
27,34.458001328848226
45,33.6876032276238
43,34.3814249629037
25,33.739248543870524
60,35.48656441328558
0,32.88011536703003
21,37.1877104246077
34,33.71928575064612
56,36.019749347611246
50,36.744171414420485
80,32.026698956987154
2,31.140409230485353
36,27.450448133594715
43,35.4557723823701
0,35.026408417379784
22,31.311402960271334
47,31.01735544433996
58,32.2936276150538
24,32.86687035940175
4,34.51960773805157
46,31.593990042868857
3,38.99787349102611
74,35.38907401627788
10,31.959487513297375
65,32.11089894860045
54,29.539494749892622
69,36.4434624960091
39,35.23162725662342
45,30.46626499293373
54,30.615090865465824
15,32.68836005506347
0,35.711637978295784
61,32.23633827772409
18,29.541333177129438
15,33.66365448316019
23,33.40341806230684
2,32.844209373825926
20,26.209173838041664
47,32.759807284688215
24,33.09737700363607
49,35.58165711326168
40,28.648705595534963
22,31.692891458005498
24,34.09952603220385
57,32.44054344307848
62,35.6463208359058
47,31.895752965893475
3,26.91293100283859
45,32.62614454117364
55,36.87012956966235
46,29.20030510412684
42,35.21477651364606
50,35.138153353893465
58,34.287646854134394
22,31.044745460710857
74,39.0060473131803
39,30.566223782568272
23,34.82190314403826
23,26.464325398774843
0,34.41971015334915
61,38.82956345458132
69,34.57037670162113
60,33.79598914079075
5,29.3350775682775
56,31.744690168015147
53,36.415873534758575
60,29.33219264438297
32,26.91258130324797
0,31.224327728406912
44,38.600345243929695
15,22.98594348853467
34,27.50256132006615
0,34.209205623787796
46,37.341264953486366
0,33.342209195956066
21,26.08151539706718
40,33.94934904536997
0,31.57271253892656
70,35.00262675496628
74,38.04735081407743
63,35.59228013070842
23,34.103215446933255
54,32.8099803824827
0,35.021485804138074
52,35.73205818681885
33,36.63310935298375
48,39.113687795862155
13,21.44346504322617
44,34.20955547626532
21,31.54336757767736
36,33.88462426488435
62,35.35411703438165
78,32.578241036128574
11,34.21265241421937
0,35.8457482948055
68,33.98964324089841
59,34.25414076705886
49,35.30560552530038
62,32.91836187309297
52,32.15652036033914
52,34.130395471444416
49,39.58344332443845
44,34.28219266517306
64,24.626910394217987
0,30.507021388880517
0,34.49713608968122
42,30.97112739043767
19,36.871177424901134
51,35.20525869187153
31,30.197959416349107
0,35.92935384973552
37,29.49753857420211
13,28.748314792631607
46,35.4243348519692
52,37.74147873215871
24,32.23193666290605
54,35.82556155020602
53,36.41464010628638
61,28.336898706006664
3,30.56324955280294
0,37.14156714382875
44,35.86886862729167
1,34.20775540345182
22,28.886267685189345
0,33.047392611959296
13,30.582741392016313
47,33.90814752398493
33,26.66908116715348
0,35.11557308385577
19,35.43181305010354
45,34.333808197302965
44,36.80139846420416
47,34.366022250630834
73,37.20770945598526
45,35.44567858779457
22,32.05505604596571
66,30.829905427826542
35,37.29770100064242
53,32.768121014249864
10,28.569504960770004
19,30.69781936486979
44,34.83587890792414
0,33.57882678297947
0,36.1829655358929
44,36.718408943947274
53,25.10805448172848
49,26.324510714361764
44,38.28675118105791
64,38.2625629657657
43,32.315612236137405
49,39.38855719796826
65,24.89994648857376
55,37.504206981336736
34,38.37720836342781
46,36.37037571574713
54,34.962685735722424
58,31.639594519445893
20,30.73414204123162
0,36.207692612408245
11,32.021742149269194
0,29.3167722901361
50,38.04013801977139
41,32.881887241962346
0,39.61793784465522
0,36.49778587596286
54,33.06189701322086
52,35.02417132874316
38,30.46873273708225
0,33.772687426769416
20,33.878323473836126
65,33.76441524425743
0,30.29997778620219
68,34.45088257237585
42,36.896348832996146
24,35.286706381728564
49,30.19437435842018
50,28.614840736287462
0,34.0987790119314
56,31.6142857292424
50,35.76296014933763
28,36.047566086234795
37,34.90461902941561
0,34.470249451105836
44,30.44292311068991
0,36.920696948065924
23,30.758756717296965
62,23.623249646334628
74,30.00374163775378
17,30.591210452728646
23,21.58003965246053
25,35.362739134261666
23,31.47571526103713
64,35.339949724549
42,28.408895739183286
31,31.766986452891526
55,36.337041137116984
63,36.867195021385
44,36.82886914986593
1,34.6262173239275
37,37.593020755005334
58,28.399870810876905
44,37.62835960967146
23,35.06418866477785
24,23.180610416110415
57,30.265882040338283
14,30.58437198652414
0,37.423491357500986
20,25.469362127074344
43,34.825484027460284
0,37.084681947989836
48,30.919493868068365
20,34.31517899544853
37,37.42783341742806
29,30.940962911974964
52,34.987301280382006
31,28.709951753932224
60,32.13955181302825
17,33.4190796759794
0,38.433205445167815
0,26.11234330442741
53,30.83640885781602
45,38.92909161269044
26,33.14686446630883
76,32.32086098559734
0,33.725015591612866
49,32.25566051776456
19,25.19035501456373
51,36.87465155463936
52,34.10803782639945
0,35.63521781277651
0,33.960147695651585
45,35.23698899430984
79,35.39887445558352
0,36.68368458010809
19,33.6175120701685
50,36.851560052046075
0,32.69530301341604
1,36.68411774886811
14,27.15390029385318
55,33.33395614572035
0,37.039521719123556
0,26.24891961612589
0,34.07769683984828
44,31.861261501193646
8,30.8693943696184
4,31.94306925905193
68,34.139794516808735
55,31.16180621079483
77,36.09407040121487
58,35.70930319729437
57,37.2543590717278
0,31.47055253793799
42,32.76459658112402
19,35.30214209940599
54,34.56967125834779
0,35.82638902848181
3,31.218849746001787
40,32.963980728491926
0,36.43868168975817
26,37.18049622454438
37,30.353699243794743
80,34.65240207814598
35,33.01305606847962
45,34.83013936265176
0,33.0090874986799
25,35.74098576162311
3,36.6253297588792
63,35.75245283173791
40,31.887189366910164
14,26.9903661593193
61,34.520317337971115
25,33.81097861778647
50,35.61678221663664
39,31.778902905117885
73,34.94312083677747
77,36.72615183453047
63,36.72086625707177
55,35.6656399180843
25,32.995752580514136
24,31.278156162777734
39,37.60525103942727
67,33.554748623992985
38,32.0227450766205
18,34.81583092373646
29,32.25148702502451
36,33.187907151029435
67,29.987587476617247
11,27.266445621419507
44,37.056330226693376
36,25.5557079154787
0,35.14407693898875
58,37.19631776096839
18,31.495983322616073
26,35.764072442615195
15,30.684077241033165
81,31.471247840130957
54,31.46137440127573
47,36.599864480572556
45,33.426307121552156
0,29.781005847916298
89,35.34091753108907
0,34.76238858834077
45,33.35209220387706
38,31.451124119008874
42,33.35001356835989
0,36.111515357146494
0,37.268287852671385
56,33.05240358844627
49,27.992774843426336
2,36.3544048025075
63,33.51021100662039
48,32.070236697603676
0,31.8071626842823
67,36.46531752224
71,32.6719428557879
31,37.49053147861312
24,30.547041195036307
43,28.11289637513139
43,33.70398030124419
19,33.676634816081126
5,31.548140301923144
74,35.585143771357494
41,29.927160118939387
22,29.49241891984368
25,31.326436570962038
27,34.17118438687834
1,35.14264184607954
39,34.72103300507323
33,33.58306048164327
0,28.9989814902753
0,38.71123865492488
13,31.097123553379934
17,28.93438189234811
41,36.684759686132075
18,30.953846810560012
69,32.356545142499066
1,28.00547816144562
35,31.856327179539754
38,32.996831920944885
41,31.266537023985375
0,35.67890889770988
22,34.37807530704188
32,35.61605203882708
35,35.888025015244914
53,38.320215410875
0,38.25993421514159
0,33.16700807712507
50,27.813931987912806
42,33.70733088641355
42,34.31923124950875
19,29.50349138407637
21,32.938390565658814
74,29.53451295228231
2,32.65977772719767
40,32.70772976014789
39,30.491582990338994
14,27.746568683581508
26,33.64049888385888
53,33.098763301873625
0,34.622403234502514
65,37.1382197442714
0,34.489341369725565
43,36.23434336956748
41,34.21149826460582
86,37.74154702967612
0,33.289619197500755
47,37.780317364741386
47,33.322103613486746
44,35.57437679847641
18,28.010505145542698
58,33.55425402888528
2,30.74870339228498
24,35.71037628555131
50,33.53412950769604
36,32.13491783727346
41,36.38903429104946
71,36.484932067194045
44,34.81214600432141
23,35.25819170186309
51,32.600643929104656
31,37.293815278748696
43,32.574691811639596
23,37.38162440606602
39,36.08379892002018
22,28.27042876970784
40,33.127008877861996
53,28.097708200982062
45,35.10898057590876
27,33.09702028538522
17,25.04264930973705
47,34.111538754817836
10,33.230498615162766
18,34.144888328422844
62,32.55616831171202
37,32.39936342154538
0,35.85187329389018
0,33.85217558315094
38,30.859348191373673
20,36.49705785028671
19,33.500784312574964
0,33.08005873352335
65,30.31826171074116
5,24.739016402216784
73,31.833794915513625
5,27.33414357258888
0,36.40150271628963
61,34.88140585696339
0,32.9395909663791
38,33.70811057039784
50,34.00222315555319
15,29.003841464553883
4,33.88784528288366
67,34.74182078035509
20,36.07827097757591
55,31.262308342747986
47,35.62199304403666
62,37.91631228156315
0,30.88994285902359
19,37.74961777934078
21,34.18697119638301
0,25.257176296604623
41,40.17921892172201
38,33.00062659614671
9,27.78951159787046
32,35.95879963880417
1,37.73099923621827
60,35.63266824016402
50,32.720622687487484
63,34.7918892455553
52,34.244589945074694
31,36.5779406246108
42,35.76583074994134
21,33.860350758313416
19,32.70627695747079
58,36.764505558377195
23,34.10341798876898
0,34.65682136452218
44,28.22935271570258
56,33.3401585911367
36,35.54356936760555
21,33.70252166300938
0,36.21917292097362
22,28.091058835601633
32,36.72234160986936
29,34.66413952524892
0,32.72604117832376
25,35.07794516369371
11,31.885429142565314
46,35.67760695388513
18,35.18416165585493
39,34.841134727386105
56,34.968514826099046
52,35.54499177857741
49,27.192533599980372
82,37.11635221531073
41,30.431134783010386
41,33.11864476433583
2,33.50709444624656
39,35.44636960609903
34,35.37044249947843
25,24.701820421568186
29,32.20549345956161
12,25.59090860786902
0,35.875465821561995
56,32.321405698636475
21,29.884999336484643
66,38.886140562849405
23,36.484978609413204
55,34.587128114462544
30,33.153655274260565
0,37.4872513132206
43,34.34201594767262
27,37.84309459612999
16,32.23874611662242
0,30.96306964971619
53,30.569879581845274
33,32.653250491268906
26,32.235610187135116
23,35.67339516932977
11,33.97560037214096
33,30.888436947627465
0,35.49493715159183
54,27.689029835941632
27,32.14918052762307
75,38.80219639532535
19,33.473630491529406
35,37.31497732065922
73,35.35235050819291
38,31.736212224362696
37,30.989193292718184
51,31.78256140410146
24,32.43598023916873
70,32.39153787470978
56,35.54822548005587
0,40.76487263850281
49,35.2136827341546
25,28.34452150409298
37,33.60486210918104
44,37.657438835871716
33,37.07261709071688
41,33.68380952585919
22,36.06504663894819
0,34.90097077299725
2,35.193476901313346
0,33.01373096829643
0,38.07337543950054
50,27.03038163484394
33,29.85751880209682
0,35.93463892726218
41,33.67901434994046
36,32.061542199286905
25,22.21614514582364
42,23.826786104223032
31,29.256686692673693
31,35.818786583567544
81,36.44499813709413
41,28.27631364920385
1,33.89777017237874
37,34.56334680292378
0,33.175659570516316
35,34.00424259260186
0,32.69229073326502
36,39.24036742827559
45,37.09728667537754
55,35.08205587283659
40,30.887131208418783
0,36.66624033502354
39,31.712410991029092
34,27.50907777652821
0,34.91501660882879
16,27.070666131933432
42,32.30436688263118
78,32.22834580314714
0,35.8457482948055
54,36.85732021971465
63,35.11440387053418
36,36.88600302056387
0,40.42905035966141
47,28.96303275818285
52,34.52974832425853
47,38.53926348065548
5,34.703342736597634
24,32.33875398497996
42,32.643309762649785
0,35.1809138307368
78,31.854676696963335
64,36.7855369465876
29,36.16456977986983
53,34.1258697997124
72,36.85818451696179
0,26.51027655290075
68,32.95186606027455
2,32.71716328748976
8,34.66873095775364
38,35.60245472828714
0,32.69635514854709
50,37.074274974134454
55,37.991983591315936
59,36.928896914309675
37,38.62304992197123
71,33.33310437581236
39,36.09377530029078
0,36.02502393873858
50,35.36299890915457
31,31.39899209519102
65,37.54559277008167
55,33.60761236888397
25,36.46858769537755
0,32.270681890335105
53,33.484682704712725
66,33.78768838063144
22,33.985663514268985
0,34.32352274338074
22,30.517447567038015
0,27.30283261765677
0,35.83142058836909
44,23.113569613446494
20,35.72095646786727
9,30.133351275793146
60,32.50308006060863
0,35.38870151549833
46,34.14695310397588
47,37.10370722866398
40,32.82943990141959
38,35.48908386763026
23,34.75986349825305
33,31.905718046407756
35,32.42890203863426
43,33.42719326133908
17,30.70365544135263
2,32.05459220903407
20,34.930055851690604
7,30.607684717572344
54,35.37683014288622
1,31.988560780508386
40,36.66925681543514
0,24.03887982680656
17,34.4079511093082
2,37.38437432305237
0,36.63200880707346
23,37.621875565784265
0,32.97218057802873
0,34.84118893578996
0,34.13979673935569
41,34.93362157566092
26,32.38958868862587
66,33.77913946824036
81,33.39087903086163
61,33.97292251797484
41,34.41082049156728
26,37.741849639006645
47,30.642340341915997
27,33.47154221940515
0,34.42564223476962
21,28.444524765375807
51,38.20066189929748
64,35.151176639653166
60,35.810295545703276
43,34.99242696503458
49,25.40335025743252
8,34.87299404584282
54,35.29783482531752
68,37.59635596239711
35,36.31968395180371
37,31.86948110610869
11,33.136632758962485
72,35.300798669291844
48,35.564392833223756
26,31.570149387209398
58,35.69586330125208
13,27.356335597728222
10,39.33737492453121
19,31.999027626522935
51,34.02083036357109
37,34.33984395409892
50,37.53765211456025
0,33.71505728227096
60,36.53159403959297
0,35.50089004443228
34,31.388910588653832
40,33.185779088764235
0,33.26074545156284
28,27.57474283813448
71,32.051643442202845
0,28.333058136734824
24,36.04514423855387
51,36.17741309488318
33,35.77328527511233
32,36.31797210469761
12,26.392179583820194
11,31.76091775008532
38,36.276706732096095
53,37.043369683328656
76,36.16977081408895
38,30.824903589468363
24,31.687419715210666
13,29.382053844416156
50,31.298036896575002
58,36.62707694615606
24,33.70542361457239
53,35.49007371501377
0,36.19253778533728
49,34.193667422338656
21,28.438584401761624
20,23.704047115418142
18,33.749510676842284
10,28.66683912303806
59,33.14012086170066
53,35.25355209174178
50,36.602681138602506
40,31.790625458654784
18,34.167553509640754
76,30.82024672853688
48,35.95422159731527
58,32.6950995981823
20,35.0333012333247
39,32.64852671476383
77,33.45246844398512
38,31.625544727288275
57,37.44665876578834
55,33.165065537429385
14,25.821564608517853
23,30.39804732849183
35,33.5525172099023
23,23.679078589794372
75,33.50465798674803
44,34.4931889946787
39,34.022555673192855
0,34.54682700094996
42,36.02774580428389
0,31.285274185079793
53,33.284179446535994
5,36.323120911579885
57,24.836014084410884
0,34.28999971733394
52,31.99878754648049
59,36.21004099339475
20,32.78855539041507
1,31.57271253892656
41,29.47758821792778
52,27.93769879513038
25,36.077485058174844
66,33.408374746968946
55,25.580517902421384
93,36.94424534554708
55,35.8853401412338
27,36.44818014252882
49,32.965931128133526
46,33.88425430490902
38,33.73397007119101
64,24.626910394217987
44,37.13693720274111
21,28.7140098193168
30,37.02044213320235
28,30.436340219551923
0,30.6988691888745
0,34.503953468917196
47,36.81767670846492
54,30.518067503914832
0,28.669015281807653
42,34.383404161267954
33,35.70753152058307
0,28.76364522542014
17,29.146248856589672
20,34.29836624762151
24,33.820647601576844
0,33.730797200566556
23,31.259177599374574
47,34.69861946133063
0,32.69183700173919
40,31.125950750135857
33,33.429568984951636
53,33.942135918349756
0,27.2605029716106
0,32.81077213605229
36,30.771664937719137
69,31.887584636822478
24,25.799162085765875
55,37.82900951318224
22,26.927521059698137
22,32.820484545610114
38,36.70146321695202
74,41.06416345977058
0,38.58466441817418
34,35.325625343741336
25,38.49602630324945
48,35.410358457303474
0,35.42071387905307
38,33.22312364776892
44,33.452624854084476
32,34.81100054708412
64,36.45930454508205
57,36.584824644347236
28,28.210785531094338
0,34.4192913515251
56,23.40113662924759
20,34.94864054549355
25,34.249853420435684
59,33.45053040079392
57,33.65200821919935
62,35.43221684841429
41,40.730408021344594
38,34.56219118915707
25,27.917340500256245
21,33.296677247772784
75,29.761025122220467
17,34.87855246742078
55,35.96941115990669
46,34.423636537963844
36,28.68992164577431
0,38.85641040148812
43,30.499103947296913
42,30.909427356998417
46,31.660494891467128
48,37.03367260682028
20,36.47925198050729
0,31.352902731408392
0,33.95017022162021
18,32.79647025824793
2,32.892049290649524
25,23.18185355785952
38,32.98041857872677
56,35.11854420559997
23,31.24765014790598
0,27.566914423399513
66,36.69747144011892
60,33.72496761737034
43,32.11137671403569
4,33.979144283168
25,34.35585557454152
74,38.04735081407743
6,29.186360875579464
44,36.9766524019154
57,37.49552593720402
40,32.28091765583772
36,33.41173216217214
78,33.7723468751916
2,36.09695876234031
0,36.25964375163521
20,33.35112901792568
21,30.40840555625553
63,30.44827253669033
62,35.036422039160456
0,31.585973132791217
19,29.28674226986848
20,28.099925834326605
28,34.4117354461588
20,26.342171123120877
52,37.85611064191321
61,32.89663201217016
60,29.069284680081275
39,29.095561819491834
0,33.138028455132314
1,32.60531278032777
1,32.17965437591415
52,33.702177912358366
11,33.99191791746819
55,33.42403149406789
41,33.79169679229473
31,35.389594927134496
16,30.14888479161376
61,32.10588541546077
32,31.8195853878027
26,34.74369908295666
0,34.524101977883696
38,35.224246964629685
37,34.310642845085844
65,36.454016895893126
38,25.51796941093002
67,32.623338044725486
0,36.013409611249614
34,36.79101963079327
0,36.276372132260384
59,29.366020798279433
21,32.10970901598398
58,30.179460775272453
26,36.81042705651152
84,37.342865131930566
36,25.943049407844526
61,38.1462483141711
23,33.69212800602002
48,31.566645767857445
31,27.192966497035297
44,33.382599882416265
2,36.05186780420334
42,34.168648497228574
51,34.881397453506196
43,28.245816113457977
66,34.988423906908615
44,36.62671758510081
0,36.87047285616035
38,35.49654021983369
1,35.76620139317991
23,34.57292253922428
1,26.26953488124518
79,32.988630303559205
28,33.56161392258396
50,27.23367203299632
40,36.63725628166744
62,36.115730126920255
43,34.94227341226327
58,38.59908227256251
0,33.14334414694753
0,32.3180037144953
17,33.2106104655791
37,37.10561611388857
12,33.04273884578278
0,33.858774137637305
71,35.99348937647799
43,37.635253880111215
27,28.125485918186108
31,34.35720728857471
22,31.73359543313012
43,33.61459145652936
21,32.74635284594996
44,33.2364581114125
68,31.64438347356827
53,34.1919641557918
48,35.07287547101137
24,32.11128742640151
0,33.57445406195858
24,27.753307008180805
31,31.40525374982084
0,35.12560390621075
41,33.929000273332214
68,34.633768266422905
20,35.622932367024774
75,40.45453687864746
57,34.209666156634334
61,34.48808944367291
49,32.448327754839916
62,34.676171928548044
14,27.0109033326595
19,35.35164688125954
21,31.41956050556626
47,37.44792429118863
9,25.27692178193626
44,33.43731270821143
24,26.49891540353778
20,33.68672673055384
22,27.131375007103987
14,32.49693663060252
51,33.61498692833604
0,30.717999471812316
9,35.48328711895603
21,23.493055277059554
41,30.51721898748119
0,34.86269588081042
64,30.356921852363076
9,29.331709367436304
10,27.59658885628794
4,30.890059164995584
41,38.80625584659932
0,33.98732087346465
37,35.1269156574509
41,39.001880583343606
31,32.993171181409046
51,36.99544193193587
42,38.933748101920116
62,35.41681241834884
50,30.907196745535444
75,33.03974533046174
42,31.658868779058874
55,35.637267377867566
38,31.75546164679117
18,26.49736115024776
73,37.72489670401869
22,37.28723419368689
51,25.54376710516778
10,30.772175183135662
66,36.29859873472354
30,30.331234127301954
75,34.143008988859904
70,34.5191362544945
38,32.785341575314874
0,33.97462650770572
52,32.78327144839726
0,35.246998214822284
21,31.162402747923473
21,31.884546113072393
43,35.63635519052944
22,30.569515742622052
14,33.89972144264808
46,32.36213610811078
46,35.173039695037716
5,28.306534951662833
39,29.183514115018507
17,27.705654874686243
22,24.14350018945958
53,38.1785126469254
19,33.99058203571012
20,32.35198721633113
54,37.764992074594744
28,35.354463990168576
70,34.04398203765558
37,37.63850895873391
37,32.37961247648337
42,31.420207067963883
29,30.10228438808908
22,27.107824176028835
61,34.57949326831765
47,37.765895281754744
43,32.33738799802003
0,27.497504005383373
28,30.485242404271887
44,37.80018665536103
0,28.892419606209018
27,34.53531236867536
48,32.21471669392571
49,33.84891433037612
49,33.17283945919192
32,38.68696657072021
0,35.85980344953493
42,35.99480064053022
17,26.718696526861457
0,28.4860759455066
24,22.271300546306943
8,33.98793882382985
3,35.530799681687014
0,37.27819772921084
2,31.115540471498164
43,34.4996565536562
65,38.08333696449582
36,35.97827796213116
45,38.58099532126683
56,32.50856383003967
0,28.76364522542014
0,35.53525005106337
70,31.776642679380878
26,32.41500198832252
40,31.226777280050733
47,38.001011344624295
62,34.020917537408366
0,38.07337543950054
0,35.50089004443228
5,33.38962257953057
42,35.27178733054957
0,32.89580195397435
24,33.89327064240317
19,30.963111867691957
12,32.65497852227796
43,31.713114688143968
0,35.193476901313346
58,33.928956445730826
35,36.10207001296957
0,33.355546824941364
47,34.314691830732464
52,36.822756796995385
66,34.429733564061735
0,33.409406806651894
21,33.88817375189536
31,34.86418379767911
10,36.42041231563035
12,29.517626022550832
42,36.630264658106874
67,30.79271548156828
24,37.75330166747176
27,35.46607945976451
72,37.11206364934291
45,32.46806370304239
0,34.15126151259457
0,35.98890045660923
18,30.881240788836404
56,32.54536963647186
48,36.85984124807248
61,33.19347948627019
1,30.614020652559024
0,32.256870035151294
21,30.43501069333181
34,37.89410549279936
22,36.31287943635006
0,33.205009642935046
32,33.27451811634347
64,38.65948156226454
1,34.95899039899742
0,37.52661825164278
50,38.89256898491396
59,30.197388516597922
64,37.25462345541063
20,20.32032000703537
13,34.66958842061294
51,37.8603062722196
58,33.442610443839264
0,32.1125018589105
71,35.68452427254245
0,33.006142384437695
20,27.714916261245534
20,29.96243808588774
0,35.27040197077603
36,35.192613631499675
8,35.71228915573661
0,32.41102703930902
0,34.75609233440253
21,31.095912855401068
37,36.70734861834179
57,35.66186565398748
33,31.257496358519166
23,35.534337048903936
35,33.82034669088271
40,33.39368379246205
45,34.36668852977768
31,30.39405508912412
0,35.10391998049282
0,31.18837772246757
45,34.90149915104752
21,33.49114822748313
17,32.7447169387328
0,31.159714055820906
20,28.126808804611755
4,35.342425487994184
47,34.61308617952038
0,33.30381613608468
62,34.010640139310304
24,37.00739420570883
69,34.96763082406385
27,30.621257833707716
40,32.8381772230615
0,39.77112635996905
0,30.400380866360567
34,34.593875342293444
60,28.4387252216551
27,30.94421962138491
66,33.81145423913624
0,30.40766455793449
39,33.49938923962331
43,34.43861138605267
55,34.75395090771085
52,33.935530251614765
69,32.171800211997265
75,37.35813547998237
73,33.57166070586629
17,29.218713515832388
26,34.08536635328673
55,34.08057004484347
23,35.23836196761738
70,30.633351351879824
73,33.281733333800105
45,38.58099532126683
88,38.23993300090264
18,34.83694984139006
5,34.61473846615182
39,31.286953558792305
47,36.29179502189979
0,32.25754147627188
0,35.19203544929738
21,24.808423786865383
40,33.50561745551377
20,34.80504484396121
27,31.595045754634413
65,33.16178295895329
10,32.06032890899784
30,38.61256771891176
0,35.48246019307927
45,36.64438354710918
47,31.3562071802958
50,31.765761851131902
24,36.996342719717674
46,33.34656586014933
49,37.64829331954978
67,35.40046037216973
0,34.25903148582727
48,33.74838574017595
54,36.29995103303744
40,35.227307419181955
39,34.27608382308852
64,37.37766871737237
0,36.64028660128318
38,38.03528434686463
22,34.49374519682907
30,35.91525280012431
24,29.879724706836846
72,36.34772648540374
23,28.287587526739642
29,28.26820251201215
42,38.17033452145606
26,35.0945861747663
74,36.91130060790959
0,31.0590794475336
18,36.62564538590876
42,36.554143727437925
57,32.855531986588346
37,33.24690783687932
16,37.51762058237868
69,37.687965498491195
14,24.115570592077866
8,29.076435551600078
63,30.781033086594658
12,32.54567214794467
0,33.037455560173385
51,26.139446392876273
50,36.86985387078572
1,32.369141874823285
40,39.0994375462717
63,37.072028233420724
0,25.860655146824747
51,32.59149826241556
34,33.59145041597135
31,31.79087428896488
0,34.44837587492451
0,36.293654813492864
83,34.75501080210216
62,36.05718852248259
21,36.048670822096874
1,33.46276820349611
39,33.544809669428034
0,25.636401831562395
2,36.30425885322646
57,27.067986423239653
25,27.930009328660546
58,37.245511227534436
34,32.55115603251999
25,34.38169011253988
17,35.371538289222656
14,27.89799301006783
22,33.47238438479221
18,32.595427600855146
0,37.17249376926885
50,30.078698033223404
41,35.02911362167767
19,32.84761247562777
60,36.60610951493269
59,31.783079209984336
39,33.54653141654215
10,28.232757819143057
23,32.45893221915159
36,27.63591938059934
29,27.301988976126644
37,31.88124867839309
22,32.67497468837919
56,33.12436819290464
0,34.524101977883696
35,31.392440130739274
59,32.35626020412414
58,35.179036628313526
40,36.64534869152529
44,34.26136916591797
0,31.656385185897804
36,32.70599950499967
43,34.308229971723435
43,31.04355694646962
21,32.503793637478324
45,33.42567603844774
16,28.780165515811934
16,35.602363757252014
32,34.32424334028325
2,31.843689045426018
33,36.557096370475605
60,36.41290754256494
22,33.4989177025808
47,35.525641160876255
61,33.86276119302936
21,34.14472412163824
65,36.89495603165149
60,24.957390219906436
42,34.94273051119817
85,38.21902629908327
32,35.991865410088344
20,36.90564999280953
46,33.2644416582279
28,35.032894134706034
79,40.76488730027825
0,36.672961482479586
28,33.472153289524925
24,35.901093429209446
1,33.65976530073706
0,33.79018074871212
53,37.54797109414409
28,39.25661011284755
75,38.28062646281468
78,32.140378866942484
21,34.562049992735574
49,34.481323056400036
29,33.18431270859046
44,34.43577396657195
43,33.492734277939476
0,32.043227782937095
7,30.602497288913145
39,33.49506057738006
1,34.209205623787796
51,34.81105822369313
0,34.86269588081042
47,31.221353304874324
55,38.778139368634925
22,33.20396752835353
44,33.18970227531083
22,22.428129901882947
31,37.38561824067944
60,30.585398777748235
51,34.990026189741485
55,34.24191328733013
34,34.058077802464446
12,31.000611566152163
0,32.91545685688933
35,31.646999632196753
28,30.46142663275107
0,34.55698077546171
21,30.11559497264226
76,34.815991815754224
28,32.737683792973655
68,32.028730727090846
45,35.465761075564046
68,33.34075792558097
39,34.44448362387615
39,29.497468075455814
0,31.553881936364103
61,30.94355615687632
39,27.3493158334192
21,36.24051695516657
47,31.80566511166768
23,32.221750823797606
39,31.94338650203688
75,40.8937037218515
59,34.563742283259785
17,29.55370090881661
0,30.877667459419914
37,34.849985173803134
54,38.29782124377048
38,38.33363665300444
60,32.75299394658326
30,25.31990440094091
31,32.921003328344
45,27.88832988237521
54,37.327148239667984
23,30.895801299277142
19,33.88000047506732
34,25.879886329625784
51,28.416583663351574
36,34.115310387459374
40,36.10247868398678
20,32.47639082452493
32,34.98542559146955
49,36.233103906265534
0,33.48505144274964
19,29.461818098752804
29,31.222645474602785
24,36.61939730625342
29,30.699785974123138
0,24.984035209832115
64,34.14433567298592
24,30.770165379624803
27,32.39939286890138
26,30.18521667610374
25,37.123779303820164
36,32.503968275177684
5,37.5362371512885
0,33.476733596931155
0,33.72464779105373
41,35.1964821162525
51,31.360973250372286
63,36.955314729083945
34,39.18873971994742
23,33.679196684926275
28,32.98027904074072
21,27.938374786096563
39,30.791387230691406
17,37.22752188891956
26,33.51180074918997
14,33.15863102960636
70,35.65221606552055
58,34.62221406311325
50,37.18215163236149
58,25.77635937225575
0,36.7466276102901
0,27.153260830292417
2,33.983388195582975
54,26.56802723404225
37,34.35964802213256
20,32.29145696046231
48,35.53001406833452
0,35.28426438889959
31,33.98424413089286
33,32.35471371761592
12,28.811870864808128
0,27.09091575724309
21,30.392827479251252
43,31.91275150406638
15,33.14301509585818
26,36.39516759124738
0,30.82612220038951
18,25.49578200802593
59,37.28295753189526
11,20.31430964500525
21,31.423970969948115
14,33.843179758511894
25,37.10671458494201
47,28.9451814409012
16,33.20722679585766
43,26.443082750192207
28,35.382658568383626
55,36.22024547128864
11,29.200882539908303
0,36.10975196496046
43,34.64228722290674
19,36.01098010494536
39,33.33423052063553
9,22.49103423728268
0,36.28047993409323
21,37.52059843544932
31,34.27578585738014
43,29.15121120345583
37,31.824518257866202
66,35.05728770773749
17,26.657423912749636
15,32.467326244426765
51,34.48083836128549
2,39.4009066118402
26,30.317333054190907
55,30.1834478505404
59,31.383026180578387
0,32.13867136410601
23,30.228323019309837
51,34.58934817557215
16,36.30370297203603
57,31.314325761801893
39,37.19436789217382
33,34.10629699057823
52,30.210630128357554
32,34.46207051158697
51,34.04191813796389
72,32.49687120456151
58,35.14534776167865
0,28.585925913048833
46,27.8823123860739
56,38.5003363745238
24,36.27087473473576
0,26.208235711137405
21,38.13979060247466
37,27.96129520490675
21,22.52174520443489
0,36.15866287723674
66,29.575206457847187
23,36.032425020577435
22,38.9444092192597
24,34.40993414916585
17,33.986957035518685
57,31.35692684560931
19,33.59426425710785
55,34.322726796834985
33,32.8586829060298
68,35.35695858188815
34,30.57190923705826
65,32.796680030665755
24,21.922574956749305
12,28.180067887378183
13,35.287317656591945
19,33.55691175263085
24,28.615619717387485
39,35.52145645041281
41,33.033655247466484
52,36.620433052099735
20,35.85035238830811
0,35.536994099874484
0,36.74857073626649
48,32.02795939497385
29,32.07368553116384
42,31.784241379430608
20,35.21442863762115
38,35.6690853513134
15,28.220466098986172
57,37.190065591906176
0,33.14146607271129
37,31.880967082281305
3,34.95020338950955
57,34.48853756424588
58,38.71360534751518
48,33.79272924942836
43,31.32915992617127
0,36.01928782089107
25,32.04556104161918
8,29.263394129154637
50,29.35709105207255
3,30.079344348537457
41,38.530873772895134
35,31.652977780245095
46,36.72824706677697
52,36.78166603980901
62,37.07052315880674
29,33.417205424785266
2,32.844209373825926
64,32.30142728913878
21,34.132960118784176
54,34.03356995419898
0,37.616891364535164
40,34.87652252418911
58,27.451964697852116
14,37.47648563823346
3,30.790930849755494
41,32.98066822274532
47,33.54880754989106
11,29.241694886732134
0,37.577097342321736
27,21.221060236409947
63,32.29991877697323
47,32.28659324989664
39,29.514996959482446
0,35.350153913463174
22,33.99076312765328
54,38.997825013141316
20,32.37821245393293
27,36.586819622294676
0,27.52957548150954
29,32.71615629224733
0,31.18837772246757
0,32.98774834877028
40,31.315032006426677
45,35.00222469233184
42,32.848889188467055
7,26.902945833352035
50,34.9871285453689
63,33.46482213071603
22,35.70540320243466
56,32.283631993119364
63,37.93806517919391
0,36.68368458010809
0,30.289331238107735
0,37.83240527710822
0,32.15599989442512
17,33.91216220172053
37,35.546362082419755
6,34.522264123135365
20,23.77147307717574
1,33.14146607271129
70,34.09430254139848
69,36.74289579419284
64,31.708899164675447
13,27.035965803483286
0,35.13359579603122
0,35.14407693898875
52,33.989314924704075
43,35.56629990520083
66,33.93068430903259
38,28.14300715282281
6,34.979835776898945
90,34.441944567509935
18,32.12127909962529
42,33.59797643097916
41,33.75925861431235
0,34.264034901624974
39,28.309921319096887
50,31.385508217393376
2,36.953850453374734
43,36.21425786704564
36,34.67663059430007
30,28.561769530836948
27,32.90284877845141
13,33.79469313198204
20,32.4200208851608
82,32.77686301454866
1,35.016310407753515
44,32.06730980143239
39,34.703149076725
44,33.85377868157026
41,35.98663743176642
0,34.86947857501203
39,32.54137500460758
23,35.57019456437902
10,33.791418906752604
72,34.78374983270739
20,38.22381811719123
66,38.32632597436435
22,24.389228373933758
0,30.327826841801873
26,37.53132156113318
53,35.050230327393685
0,36.26843232008791
40,33.42878953263537
3,35.27052637311141
15,34.05329999530113
56,33.846143509389506
35,34.39247442661106
24,36.12542429015531
3,28.00169239390347
20,34.48264599522823
20,29.518017337429267
39,30.949662603321688
65,38.53329095703177
26,25.797583563820098
26,31.93382283674851
19,28.054904287572516
3,33.956351102433906
48,34.25168657001834
24,26.591115951891936
43,36.55720298372683
0,31.75569314987621
55,30.829000440046723
26,24.324478882332116
80,34.65240207814598
27,23.142463287126546
36,24.30933907094323
28,37.71698064669275
0,31.224277603304127
35,28.037707216250105
64,31.267800490302903
53,34.70252761265185
80,31.62529424388683
41,37.229706527405206
51,36.17232894364476
0,33.10817423398898
20,33.447139775132925
0,31.462476854301006
19,30.147119132873886
41,35.0657986621001
14,33.781873446210774
25,34.82780004163723
30,28.888752219888474
33,28.631778413888846
20,25.94472539083909
0,35.481732501634184
19,37.944679096466004
22,34.53101112732129
24,35.798745704595056
38,37.05410270795404
60,23.677501379614533
0,29.564810194473797
52,39.094035678286204
39,34.99482606083263
1,35.17484861227235
42,30.352361465079262
65,33.958225698240476
0,33.98696568689549
78,38.191311289869404
39,25.745468362712153
46,25.462871263244935
7,34.94114064298289
50,26.675571063197708
0,30.247494774782425
17,27.771779466656383
58,35.83612013486961
17,29.088498691334905
39,37.23606543390934
61,32.33783009019014
0,31.943925120543167
22,25.337662871303
46,36.1401655385149
27,29.954082719734473
42,36.910940000367674
4,28.50868760246539
4,36.260051710216715
0,31.18837772246757
24,33.417936652314
36,33.96802922429687
53,32.9588923545754
55,26.845990916220508
44,34.05382006932129
45,37.12156115006315
0,33.710718815705945
64,35.79038267829109
33,31.818805470309037
45,36.126894453925445
65,35.607538571079736
61,39.55580933505621
19,36.13576301463232
63,32.7958386320627
0,33.777102005561176
61,34.50185744106484
34,32.961229533223744
43,34.438548835459216
61,33.993239704311826
0,32.02665465215781
28,32.64254387022409
10,31.231214009179155
0,32.003073463934626
29,31.46378198116047
5,25.12220161503742
63,33.96331559518784
33,29.40990538405873
37,31.308461611016014
31,30.966178121008163
65,33.654832495464305
29,38.48014345891578
8,27.107767131528636
54,35.16760052584703
2,31.055885697316146
57,39.006864318032314
1,32.00092534564977
72,32.71962240511947
0,27.66184838232698
0,25.769001555040585
43,31.603809293575466
55,35.28778325721417
16,30.610123833500573
24,32.990625513469695
52,37.688647260730036
67,33.55762398984037
44,36.73662669702065
84,31.604846863197793
33,27.34326314701209
25,34.5671855010134
62,33.86640705818776
77,33.562459021527744
0,34.24266278717299
34,36.122428346373404
10,39.091678278704066
57,33.410764369415375
17,39.415336929027006
24,35.405268933243235
41,34.39795235553806
31,34.46440684155036
46,36.71295841459178
23,28.052279296572053
63,29.67993795695417
63,38.599211107362756
0,28.99752131755729
0,35.25663865982909
11,31.902236881868568
14,33.83002368905403
21,25.1494815127123
35,34.53105046581606
4,33.21007041825015
47,31.654674022517145
0,34.946937469601664
0,34.42621232423943
42,26.667261943208715
70,37.70426892336498
1,32.580818155836354
55,37.505619377916744
24,35.54534263649426
44,35.052457245930746
31,31.16294968147701
76,36.75496134759827
35,29.34577215635713
37,35.71627537596119
21,32.79600047306496
40,31.118635770042985
62,38.403906994978726
44,37.6666160462331
38,35.709237722235045
1,26.802513457759986
54,37.653639371235286
0,37.63141702121256
68,32.501435901594824
10,27.55968603782158
38,19.54488814054025
0,34.69403185223046
12,28.524125613507238
46,32.77329454100323
36,31.32897166537963
21,30.253960538067115
25,29.742131285226435
26,34.525600494163875
37,31.216684054552637
3,35.358807800825396
0,33.60978638721662
44,34.08157213670032
43,28.673969357260518
28,35.45061948412516
66,37.99645181219241
37,35.42871127495284
17,28.79214494230221
41,37.1412648387837
35,38.05196782727319
46,34.82614373539616
39,34.51287285884047
21,26.976146369068324
43,32.393188344574476
0,30.074162336054737
48,33.389378397582135
28,26.251220521798697
12,32.87465862710329
49,35.95103845122901
0,26.917316368415843
21,32.866795272486144
44,34.873197401029195
64,37.18061749578012
66,37.362096141031216
0,36.8561203864108
53,30.289916051593153
44,35.21519838955651
28,33.42912718702864
41,30.782718805631145
39,35.18187727098849
41,33.17144704717896
39,28.926988698886905
20,34.7091559554937
47,35.90109521123515
0,31.83803000031667
25,35.211311034751056
11,31.35149391306774
45,35.1393987511174
12,28.935167296088117
61,31.891213707774497
1,33.1046799447578
55,28.835767007951198
17,32.3484767131228
39,33.542067567891685
48,33.765873253421006
47,38.593059274279
57,35.79386594236011
55,35.35178700332695
62,33.58584762280834
55,34.0276024379471
22,23.699302904295074
34,33.05988160653212
10,26.23679458325088
30,29.46335808952768
0,33.74300882181774
74,34.850420034273434
0,31.45477158382991
21,36.590714557447
16,29.72842559941923
41,27.740361369460732
25,32.65769457488617
43,33.00412631087988
39,37.9933393819813
65,25.98702778796071
45,35.21529252645309
13,33.06641055221108
61,24.859962698222205
0,33.80071324065113
49,36.07613612203512
77,36.60610730106594
76,33.9035046190625
35,31.690446265752204
54,32.23136275977097
65,33.093763835381
1,31.66632287161434
23,34.31637813116165
33,35.36132641541382
39,22.44543569013024
10,36.88373631358452
17,28.248760542459245
13,33.131567110152076
39,30.5612366108183
33,35.35496345942441
59,36.367811150291345
11,30.515990737398106
52,38.468725496061005
22,35.16607698848732
22,34.46622902272887
45,32.23438059381643
64,34.29734963223043
67,36.69030708036837
1,33.80193645927129
44,38.415405295278795
0,33.858774137637305
77,34.86789420428356
35,34.24254790672369
0,32.197654498862605
58,36.677367645418634
56,37.95688938995181
27,34.70381302262632
39,37.53739244783777
29,32.09218701799452
47,26.920710111842155
48,27.24379882751318
16,28.804696081139728
26,30.824552775789098
44,35.57842876435062
55,38.37858468698058
0,34.238119655153966
26,31.62234303905339
0,26.69684738964071
43,35.1131907661691
0,36.59406476949472
43,31.314461124219306
41,30.304403925887822
34,33.560798930171615
26,32.58930713788231
44,34.43404771965552
43,35.27145979156264
66,33.611860432315346
20,32.0559756943503
36,35.954001343196715
41,38.04260698871294
0,35.10737172364364
38,37.94791775706406
75,33.48607479347366
69,29.89659326911111
33,32.050084055623266
35,36.08255588664096
34,26.362000791257
2,33.49978771590124
51,27.466924185012154
49,27.16354170852058
5,38.07712487115647
9,29.38739233785716
55,34.867708583875384
47,33.761862341476096
0,35.02843641255793
61,33.77770738113716
62,37.30269470000184
24,34.330919149191736
27,34.734087355021444
50,28.364749001658303
22,32.77873646952094
85,33.202600624687065
0,38.85641040148812
51,38.679127585811194
38,29.446119371992665
0,35.690296638135564
52,37.46578175798451
0,37.33930921717836
81,32.27646812190068
44,24.183768736926236
29,33.9184770511105
29,33.24588517529592
28,33.13914949786312
37,37.328972440663556
27,26.82947060508821
68,32.2156776506283
33,32.810004399157684
22,33.87377891169283
1,38.243465039113445
25,29.039951355588947
46,37.46903014937195
55,32.20415489375496
63,36.72107695273865
26,32.33019135213999
11,26.97814253362486
30,32.5828469102333
0,33.777102005561176
20,28.3224019839174
42,34.81837729218605
57,36.09524492913439
48,37.139476219844454
36,34.15430786592884
7,33.85917419310542
43,32.16767210474295
52,32.76879670466075
41,33.9969997114759
28,32.76917205425006
0,36.906269745989775
38,30.900976444160875
19,28.727219852812876
0,34.86186492083163
0,30.973247448161448
60,36.080885650713796
44,30.225781333385438
20,33.779065539279436
22,36.58392952148263
65,35.410458354649144
43,35.955604994471095
46,29.570858978338496
72,34.45762587757516
20,37.057584934131754
24,32.451576156302295
25,31.41292207823955
72,34.080454088964274
25,27.420793742280413
45,32.24407361022066
22,34.78466285934808
7,32.98362931597818
18,30.94121881068841
49,26.014621517958837
31,34.27621920129877
69,34.288738897572124
66,33.104255486066116
38,34.911376102962514
22,31.84235169411375
20,26.987896336556627
76,35.585777021896135
0,33.16402694564157
51,38.34150789178378
25,32.24853649976497
11,32.67715329476159
45,26.7551518288597
68,36.36271446906864
78,33.29343079267411
71,36.7344225364936
30,35.787589861746454
43,39.09913182781379
0,36.4833225773984
33,36.6491510258676
59,36.25056434818113
48,31.364221833797103
10,34.576496836530474
0,30.52067451721952
0,32.81044961400323
0,38.243465039113445
9,31.427525575816453
11,36.60634052984993
22,29.83502956158733
1,31.848133639469097
44,38.600345243929695
53,35.97636400483603
29,32.6133809258791
0,37.01672315721044
37,35.81964850915736
67,38.96726312704036
41,37.17751824231752
32,29.38338217732027
54,27.65562581633689
72,35.24413389270566
0,35.202136979047495
73,36.98759718048132
59,33.375829490999955
43,35.403192898128694
0,35.82548875514748
44,35.262727598558236
26,34.49572745783062
51,32.69979483356371
0,32.47476871286481
5,31.143513778650743
44,31.47506156620248
47,37.2343225376494
11,32.02225651990465
63,32.980939112696745
17,35.329832855192954
34,30.576422022062797
38,32.17199774665968
59,25.0630939470726
41,33.489433122805046
49,31.822092295991055
41,35.093069635356095
36,32.903654194581456
7,31.185106462488136
13,27.290129256532197
71,33.25482343811759
0,33.470134533859365
24,33.61016532699431
19,33.999028958009454
56,39.07315598335826
27,30.815189229177086
65,35.826467797827966
0,28.86933765972941
33,31.466113363167835
40,36.86396170632609
53,33.43917896947676
51,28.852074887905214
21,34.11254484777464
29,38.16988521620229
31,34.35937184095266
14,28.850778033639024
41,25.137222291237528
27,33.45070747171456
1,35.20497248673418
0,33.17466659668224
61,35.799298076295194
14,31.035131088414914
62,35.55425908474283
21,30.344486751520677
55,32.625155427294985
26,32.642579348293864
54,33.955960236765215
51,35.16636355136276
65,26.8122109000371
0,35.44030768791215
0,31.02830890828409
25,26.76692658300802
65,37.7591770529924
64,36.08588295380614
37,37.45335035690019
17,32.20693647837401
69,35.77353748476428
0,33.035603261357956
1,34.209205623787796
78,34.296541323920025
0,37.911381486006704
46,32.67394747401892
58,33.623189925818295
0,30.27076706288642
61,36.43294419896454
23,35.261041869332374
70,34.373210778833474
43,34.703149076725
74,36.57990958561698
0,36.09245620667775
23,29.833882276507232
16,37.10877355020012
44,34.683550113165985
85,33.202600624687065
28,33.719225524717906
49,34.77466215118684
56,35.40356662110901
0,37.03897684985308
73,35.70404528529581
33,25.052882070115615
13,21.908915182510565
27,34.85202002731041
48,35.55301921057264
36,27.099753376315828
41,32.6904639540701
14,25.922564633770588
0,35.13396370116466
52,35.46684066206516
56,30.547096264737757
61,36.71658654286716
60,32.89914701079148
74,35.30850556479608
0,33.839010273753146
29,37.82395027377835
26,32.51595372070225
24,30.9689895286967
0,30.674347073460915
58,31.679777379290446
0,32.67377804616752
52,33.35248658517037
76,36.146746050562285
27,32.954292034403764
59,32.30248784914725
21,34.43210268725025
49,33.62876210831532
45,33.77411373199488
0,30.91938630576654
20,34.02702255891704
0,35.09523749676581
47,30.111298527800898
30,29.535118072859195
5,28.488020751809536
52,34.54698016626813
23,24.142506868331395
40,28.448377212813085
0,31.02830890828409
57,34.05367737934903
25,34.94811145400455
54,31.566555492493013
23,34.30730036712896
39,35.605528610646665
15,33.53747579901354
39,33.60389994178548
31,32.24374939755184
21,30.419123328471507
28,37.11175771575288
20,27.718536361907105
0,32.13659648760879
26,25.331085015177404
48,37.50609001849284
21,22.86626656117954
0,32.0619667872662
55,31.07289912182225
49,36.86636935513993
60,32.99413161976518
31,33.25195639506977
12,32.75542627279676
38,32.351478139962055
54,36.33214907373203
39,34.614952129809204
0,33.96474029013628
18,37.062168046423025
0,36.450820688371294
64,38.25105275980863
17,37.8218627985594
43,37.31377407593278
12,28.172224846497464
65,34.68571301249836
27,33.92042973191714
60,35.76363592243899
34,32.80877712112033
48,32.947316218827346
54,36.33214907373203
28,33.775061472562456
23,31.758519660485057
51,32.883536742594536
0,34.964745771046445
35,26.32202361952764
38,33.39053735065566
37,31.098817394041937
17,35.03025240744231
0,32.11596671996166
20,35.58644985299167
59,32.31829732745191
28,33.02161953385875
41,38.08488909389273
35,25.40211707447932
66,34.59319195056109
42,29.06145374465609
51,35.777740101428975
10,25.436055307867093
36,35.43035669200742
18,27.213778598735097
10,37.26933239784661
50,28.447340654883813
49,30.36009591432455
41,30.63672385014278
47,29.770618177304307
63,36.268514933324255
51,33.93763953003389
55,34.38815286923308
1,31.274942661772414
70,33.975248145479675
0,37.27819772921084
47,32.67251499820762
0,32.981219066058465
58,30.916117713130227
7,36.53357370567202
44,27.527118953144026
36,34.76007984364999
13,35.70542428198213
56,36.088727621731074
57,35.925044254000674
0,36.48497171050998
0,26.26469112050086
34,35.57162219245456
0,24.24543384821815
0,33.996211502849
0,32.077331259116164
22,22.633899815908865
0,35.4684836663015
47,37.34453116004755
19,38.164015640495506
15,21.642279958164323
73,24.490259879217938
5,30.2472485603692
40,34.20513259496572
49,35.72731290466682
63,31.699117026634987
51,35.32406341958589
51,37.851132792386714
40,32.677380073294806
41,36.58031297311124
18,34.652257144751914
15,31.307828651544845
33,31.612919518615122
62,38.24125809096672
1,28.89477907383979
45,33.35633743780561
0,32.616767715045
22,36.3477600365679
38,34.95753156433643
32,35.20811693072774
33,28.930085366914575
44,36.017347823196204
48,33.94966758981008
20,30.011054581061636
32,35.52339927700258
43,37.75791300768383
23,37.192292899143396
43,34.56690319150209
38,35.06148188819256
61,38.85852034985248
16,31.348662914855197
16,34.31822094287638
30,33.06259242881663
0,40.42905035966141
57,31.84814085888371
28,35.2930626179284
47,29.52616662301612
30,36.33546745009173
0,30.95003139438516
42,35.24507930818686
77,32.24451001100021
59,35.46598123965825
22,30.5356613561016
79,34.675477089478356
34,33.404462277202825
62,37.02061774727018
0,33.43055433694587
36,32.527397248888335
18,31.18497259281449
44,37.206177963237806
26,31.575174691197503
21,34.68164940112845
47,32.49590533957344
34,32.1714322244174
50,34.30737992433057
84,36.75704544527931
37,31.10014327870235
20,31.471070410200852
20,33.5590461260506
61,32.507876825104375
41,37.49819467169501
0,23.8095942103704
16,39.44373159765047
1,34.98554941258507
25,39.782908063366285
32,30.776566164047374
33,36.92461647847849
17,33.66418147813522
19,30.943004174895
43,33.983262476648186
43,35.560133160072844
3,35.376484429716605
0,30.481139821714798
26,31.872781174725116
0,38.243465039113445
24,36.84007588046098
66,34.48808944367291
1,34.70624627099185
49,33.32822421848366
51,24.220121557309476
44,33.33207181048822
62,29.778970783223023
67,32.70444191864817
28,31.458184944049673
56,34.10832284410121
15,31.75102538715977
38,33.256897398098275
55,32.49706805508355
1,38.14782172009112
34,30.804771611836877
44,35.52288388009795
0,33.1997623766608
40,36.96233146032559
60,35.876656016525985
25,40.178186799859006
11,25.441690610088195
46,37.48925384999407
22,29.264160229776703
0,31.02830890828409
47,32.148696041178916
40,27.874456353783692
39,31.263196143655296
45,30.007453475148413
35,31.702431449020143
30,30.67975663806597
16,33.451898834589905
38,30.788044876969543
0,40.96626565883917
65,34.128444737801615
48,28.544753929146395
29,32.21971105632347
46,36.23139611635761
48,38.95208481867754
46,35.749389768077364
0,35.534928040559606
0,32.424620285166945
48,37.96832273908346
15,38.496723537353475
37,29.984259154943153
27,33.1177120771538
2,35.55629178892792
0,33.15872199032216
43,32.14612086272367
20,29.848380971997873
16,28.88451385398726
0,34.65493673387446
0,38.28118572050896
37,34.89620414446469
0,35.441542326549275
49,36.730010820397325
60,37.975992716864724
57,30.74078395865588
0,36.74857073626649
39,33.462601862702535
64,36.10391066611084
26,28.994684407363945
44,27.716830286301157
35,36.00941652834476
34,33.45058785381116
35,30.418041503490418
22,24.248285466720027
0,35.441785316051174
55,36.732692037679406
8,26.18382278884284
33,34.353738009373046
29,30.909755188953017
42,35.13347275535017
0,35.05020545848249
12,29.71171370974178
11,35.214662219081596
33,29.72130751598039
40,36.80886554976632
73,24.490259879217938
16,34.22656835508913
51,35.9256845601206
32,26.554753739827134
22,34.33897021910039
35,28.278745896085773
54,30.356776031640898
28,26.06730022021032
23,30.9131785807137
45,35.74887323028488
36,31.543554323396894
61,32.49023675455919
62,35.27511857924246
0,35.016310407753515
61,33.21738274098677
64,26.222719496263196
23,34.062167522836816
2,34.9881638439548
60,35.76363592243899
0,35.65731776424175
59,33.86726602363731
39,28.010483918332724
60,33.10693395487182
75,33.00202126877241
60,35.3781771197429
58,30.787295153935766
17,29.201259307230465
11,36.21261865859282
33,35.16956152187567
0,29.98520891630016
57,36.969278207937045
60,37.1717294852647
0,27.69344257979889
0,30.51981942822654
30,33.26712939639965
51,34.106478211884195
67,36.12803935619499
39,36.130376124196616
0,24.258520730476143
2,36.74697782958366
14,28.361426919218957
0,36.41537094489871
49,28.19763346741272
53,36.355583659543505
64,36.71855949626485
26,34.80834925318446
53,28.99232365381526
55,31.35095085520335
68,33.31505615189689
0,29.11677566414258
29,34.892878105477635
1,32.915718586650215
42,36.31822686639533
0,37.63141702121256
77,33.78094951968869
24,36.46711568423389
47,35.18289543198053
42,39.51238664275442
41,34.53294060014862
61,35.266423152238524
64,33.43850675513562
5,28.04162729640269
30,34.44540789647196
24,36.692451890615246
47,34.88156376120378
86,37.014333887858214
28,34.42049050204782
44,38.34680290943984
54,32.9588923545754
67,34.014762180430644
31,34.89373708437307
33,25.47182692283088
29,30.115714076505988
65,36.803065148983556
33,22.863055680613442
0,38.152144123002756
0,35.536994099874484
6,34.45401948823336
31,32.71739831638677
74,35.30053041118083
23,27.793747909962246
1,34.05080738359563
37,31.091098800700426
21,30.82907487242322
81,37.084681947989836
44,27.31895974398332
35,34.40498606731088
7,34.148940940345994
30,33.88624748021063
5,28.010791922192524
48,33.277632620844635
11,33.76782706672423
39,36.4379032391318
61,28.955853352062903
39,39.68005260731275
0,21.928096853487958
63,36.19344879534853
17,28.912033405170934
38,32.355319143912155
49,25.58763191519542
52,37.407841932207745
55,31.17373418286429
53,34.353194310027654
22,31.567145101927988
1,34.369451156165034
45,33.49700893956732
53,36.48508427370706
42,35.714989609599314
1,31.66632287161434
36,31.97830634679278
44,35.41796858505396
20,31.811974697748774
21,33.56272319228155
62,35.518531427682646
14,29.220868860655926
22,32.182045382798634
46,31.222955253777744
17,33.7203450712541
22,30.75474758039365
13,30.619882502101277
26,34.73460865681592
0,25.67784482270605
38,33.22312364776892
36,28.961017487729663
19,30.625636593535752
21,35.91762869702505
15,34.53470817327348
48,24.05532292555521
21,32.285268643194556
17,29.586729899808038
51,32.13376330970613
33,33.849353246639936
40,24.522744212251972
34,37.70695030446193
63,30.630720282137247
1,34.54086409920499
57,30.194135093218605
0,28.76364522542014
58,32.37950414553562
50,36.15535652552718
46,36.219942552636006
26,32.862301556702946
52,35.4351330655247
24,22.92167236773263
20,32.53310849977541
28,20.391658200556087
21,36.614581830635665
48,35.619891879275634
53,33.017129223501364
22,28.839865947127574
65,36.08810996117604
0,35.96484620097283
41,37.07018842129624
17,26.403616713688756
33,32.18675251604328
28,34.48439288730181
1,37.735946596760115
41,34.83705011767598
33,30.15716156842264
53,33.03662085343682
30,32.828034584590036
0,35.43149541483485
62,36.54294058044194
56,34.54984707782031
39,32.28610792748339
57,37.03368024676384
42,34.00304090111156
41,32.30330921429301
25,35.01875705034304
0,33.43588161256789
0,35.56049898534012
15,32.71594252856765
55,35.447263602263334
52,37.6647092173554
51,34.30795345389592
63,33.765168283759145
60,37.68566249331145
30,36.89729856795662
75,36.721029072799666
42,29.052029825932106
31,37.215953680151934
41,34.086015131979316
0,33.58924636537601
0,33.205009642935046
0,38.243465039113445
54,34.66403390355951
15,30.575512660764332
38,34.24634759685986
1,37.70725949058722
25,36.66633159280853
52,35.16914406565725
37,34.14854592445168
56,36.368861626129366
15,24.103914202418885
58,39.43731555242572
74,33.92315257023982
31,36.02296912196288
53,32.93195439400678
66,35.17595810367927
46,35.093602715131844
37,35.14146487364506
25,32.067205454747835
30,33.533825891574686
57,29.394832075812605
65,32.517907571353895
39,31.071800275945236
26,40.91827643324101
49,36.39086186870841
37,32.68424264825015
25,30.068415790122167
24,30.92515173707148
36,36.248151460169325
42,35.919785027840575
64,34.946030661984764
0,33.79018074871212
55,30.789685770977826
27,32.061492067320195
17,30.16674679705282
0,35.753753346714966
20,34.47554441816672
53,36.448331343416626
54,36.254086398541624
51,34.61275610741396
48,26.127420821297214
66,30.269098481928456
50,37.95337888392963
0,32.397891372252545
30,33.39612815334177
21,26.38948440976576
57,37.6647092173554
52,37.52400675612031
32,35.27802229796314
0,32.223538494703995
38,34.275070193076836
62,30.692582398160553
0,35.70021072789026
45,34.489555072895456
42,33.864558146546194
45,31.887926177672043
0,32.38604792653417
0,37.57133648604518
0,33.912541196952354
0,24.51924241991613
39,37.92589397606868
0,30.6280949097862
47,31.832556740495267
48,35.119671096436676
83,32.29400940027605
0,36.95956160528945
0,32.09504533286298
33,32.77506999633684
0,32.2014289185153
1,33.77719271271884
27,33.53055213995557
51,36.48834459823778
56,35.324905501653404
6,30.495451751692208
26,33.11925197427775
0,32.937315946273706
55,36.525169142775376
12,31.728391879666397
19,31.784687969271985
55,32.63144629759361
68,36.60529677466959
68,36.65942320675563
0,35.08279546729868
1,34.575608044173265
22,39.21311615427557
51,25.903990762202433
0,31.707458840008112
0,31.13143535382625
63,32.04495415612925
29,34.06086398250123
29,36.64156023977963
59,33.243101094932676
0,37.0117821760764
9,29.90294510994443
25,31.85484979774928
45,31.546187396001756
1,35.42076456741968
56,33.00726611756725
8,33.74269405083936
0,30.923991557821537
28,27.407670496510796
39,30.239064582717038
26,22.58893885764039
39,36.831771256146816
55,39.8561753751135
21,28.890609193082668
53,35.44046614466061
63,35.64491895923581
26,37.76488006246571
0,30.674347073460915
69,39.560627730748514
52,26.604445337166904
45,34.89851037169857
0,33.46628317196623
18,31.94968484232512
39,37.881449170565176
41,37.08952114782614
6,29.589286174680833
27,33.73304699336083
30,31.295158327833075
31,30.339535260330475
25,28.72474360430092
62,37.955834611606626
0,33.024450199739924
0,35.700223430066785
66,33.88807258588061
19,27.785696609505422
1,32.844209373825926
32,32.35121737718524
35,32.80249282654163
33,37.43005160555934
12,25.839155453193854
0,36.45696479598234
0,36.01928782089107
25,32.8131480966859
59,34.365538612127416
33,37.13870444905467
3,31.85979508445255
22,23.930888698761855
32,35.49511649533535
22,27.82737215453409
18,32.73157964565761
0,31.49310139540551
68,33.68490319314496
0,31.57349276615092
46,27.09435594469627
53,35.756471048947304
35,31.727394018596563
57,33.414286628012114
32,37.324223326630396
44,33.547516633168314
23,37.098245815199185
44,35.726308688167755
15,32.566136364067155
46,38.09169745455002
29,34.54955359560819
19,32.59019906332784
37,32.72017586959087
25,35.57254178115868
79,38.39499247300306
55,31.76060833013797
13,29.33325213336642
60,36.706429942254545
60,31.216267753835897
33,31.468317643823532
61,34.58412950859488
47,34.429952340041496
4,32.214416693397695
24,27.37249000980843
18,25.067578500713566
43,32.310154319138526
12,27.548180671768492
59,31.660053585655273
44,34.09199973521919
64,35.05490929823827
58,35.00443361523009
24,37.33065044580314
33,33.828341261512136
65,34.99593537782798
40,33.97496086999928
53,32.93285776591977
55,27.753599332918817
39,30.809909582149043
29,28.98353365871415
20,27.228616673534994
40,29.551285607219487
0,37.5147055208338
21,34.04546562365812
1,38.21854267078263
39,33.8650402773286
38,33.69383660976023
13,29.528567170411115
44,37.252129906954124
1,32.83003241409842
0,37.275956226019126
36,31.88138643256405
31,33.40874368835609
36,34.322318026651935
48,35.60674752599063
67,29.403833456300873
29,33.36950086804103
25,26.865325457894798
26,34.50256239352171
27,36.236871363284266
27,30.869915755491522
52,31.594864865273316
1,36.62019944382642
0,39.113452517584996
47,35.241963844334954
73,33.702586765306414
42,33.58099840424191
56,37.61405671344959
0,33.97462650770572
1,35.1464743190429
12,25.78894782898165
43,38.98190840360754
59,35.78576092991361
0,35.518027090541786
56,38.86750234566385
38,31.073836772526207
24,35.347959167588904
60,31.972601971405723
0,34.71038103927656
12,34.924454384472014
14,31.534120211340614
43,36.28889973170635
48,35.40750238191676
58,32.666486205967296
41,39.48709149872871
44,30.374108611670167
21,33.976062204052106
25,36.47546930586871
0,30.659826177674343
49,35.90074057208153
1,38.401007961498564
16,30.51883884156586
55,33.604234759786294
43,26.284749742836645
1,38.297810444560014
39,36.65300621549197
30,34.706144089367015
22,23.627309413000773
0,28.660529607892123
30,35.23471679069461
38,32.16728090197113
0,26.16718552941328
66,35.52552729338999
19,32.579760246703465
30,32.326085185681926
40,34.59059880532288
21,28.329869015319275
46,29.349149147742793
39,34.85018244700265
0,33.60368941509374
11,30.291108827694067
0,32.35900395414858
34,33.34413147782844
22,34.26317684878182
34,37.327897064670445
24,33.81537656295036
49,33.81013985971729
53,27.65250783717674
27,25.622915767896085
0,38.07304052036175
35,33.39912530101395
37,32.38079546308588
0,35.67890889770988
55,30.93942520433911
19,33.21847229846971
29,35.68879265009123
45,34.607555682217686
5,28.5819715339787
50,37.78711590968239
46,35.9971327062587
65,35.07603990491178
49,30.487503369316784
62,34.08864072116408
36,31.578213509965227
36,35.17929404744208
27,34.34925167052231
49,37.61423517977009
39,32.76062934211616
18,24.604115067662345
34,36.36439864637288
20,33.38843694380919
0,33.35994071154249
64,31.209912160615076
28,33.86383246725601
21,28.623257372556747
48,35.26810659836235
27,30.411325845059764
0,33.76278071828922
5,33.263641206481495
0,37.589250029334565
28,32.329286426281726
76,38.82035889089472
41,31.25703787198461
58,26.340186886234093
0,34.55656253957976
8,28.614445747787016
0,33.45056831338957
10,33.48171870284185
43,31.917676264297576
0,32.596178056662744
63,34.85913784093462
56,31.78065365125278
40,34.35451698745632
62,25.783984403619357
62,27.565335600783047
4,34.70787411603969
68,31.342519415510587
6,38.63517370651068
16,26.960993938788512
11,34.38527430889713
62,34.04401453162918
20,33.0340247685441
33,25.68607833314939
38,34.40373916322856
0,24.710360052721516
4,34.70787411603969
39,33.41664058752839
71,35.456824796382755
11,33.358714279172226
6,32.370435352699886
38,30.157725887738096
46,38.77734587902366
53,31.44925281578508
59,34.767542336872104
18,31.203327603966603
27,35.39569524378859
55,33.00543887421175
34,32.945531880642925
68,37.05389466314968
28,33.720636161671536
71,36.026553948317414
29,29.379739135265122
20,36.68733251000556
37,26.152698912350722
74,36.75738248860258
62,38.67262163116701
0,36.765794926519156
33,32.74647761648886
43,39.04855773126901
38,34.5396587470456
18,29.228953786204464
60,33.57186109935856
10,31.09160413344516
43,35.68165822223065
59,38.0512471657816
65,36.02220969421057
10,32.56294230295394
0,35.28870473890461
0,33.28785894131156
45,33.75865664844476
28,34.52203798704892
41,35.649925922549244
17,30.457363220712782
0,33.062083821043814
74,34.20883380400964
48,35.78024030017761
58,36.46261424561633
45,30.54828166353215
85,38.031140812103445
16,27.361427328746768
11,29.980089432505284
0,35.824230679707995
0,33.39422102405443
25,36.97212079697079
29,31.26718385880625
12,35.0930304559646
11,31.263879369716776
68,35.057342071667385
25,34.38487099872514
21,35.051542427036246
22,30.534921541286348
44,35.78655632402185
39,33.599354087780576
67,35.60219373483508
24,34.32240023935752
43,37.631316804584564
39,36.36714094189801
26,31.28675533600108
31,27.066593510988934
26,30.204997428644777
78,36.20203361465768
0,35.477058518484135
0,32.18773092352439
87,36.82773310648392
0,37.676599526500425
50,31.004269084139867
18,28.602605785752928
37,38.134520171965384
10,31.64168784266552
72,38.33952570230332
50,36.20317545508117
41,37.0843540365446
58,37.60289461488896
18,35.277306450346025
62,35.55065747136895
52,36.8316668073225
18,36.00557850701522
50,28.89790509239699
34,30.228501939229986
11,35.29539847332566
0,30.908225401412523
41,37.279965454220985
59,32.144833803867904
35,34.65183053967393
50,35.75093927296264
23,31.755881268205467
0,31.02310900962123
1,34.26139511529147
1,31.08611940303252
0,33.28785894131156
24,36.39862990293575
68,33.58160459036103
1,32.73206489699267
68,32.39800416240312
49,39.373685388594964
21,32.2010705233262
43,36.944458215126815
21,31.9514295169748
46,37.25070266290406
63,37.04448979655723
40,33.79451760331883
17,35.466597088548625
82,35.130096933389524
12,29.866803137944522
20,31.973063657875244
26,32.48852531679636
0,38.66457977475882
31,32.61885356363998
50,38.64105744355696
23,36.67306460175086
44,28.184509552082822
7,27.07374483327694
12,36.55355740630207
45,34.65711315414425
43,35.51961585447371
28,34.72552505452341
20,34.22619665417474
0,35.72488211845851
31,31.363968588945724
17,33.65050487331526
48,30.25859819378077
49,38.053733767764896
0,32.181044583828225
54,31.24769901577063
29,30.619418856560216
12,37.0537422897749
9,29.536623440465675
39,36.427837853782314
70,36.40782373849005
21,37.96490976876336
46,33.078387262478515
57,37.46710943156545
70,36.41337300643415
0,34.77235767620973
17,24.17810922724432
5,35.44053307396668
21,34.41599957232266
22,34.073708023438265
15,32.97184630781915
10,39.48457950561293
39,38.478376357215495
2,32.10668991680577
1,34.35626523517428
57,36.84879830623087
0,31.865335460182862
26,31.61388509200138
45,33.767044132253076
0,35.90932235653083
45,36.60659555339235
37,33.02652460099059
19,33.91104660110677
3,35.24489102425864
0,30.67903867260717
0,33.710718815705945
57,33.03077753122497
17,32.931647090684486
39,32.52176139076703
46,32.36171635573191
24,32.421094718329414
17,27.872086688554695
0,32.0674385680464
0,31.656385185897804
34,32.690757970686384
48,33.5714657178554
43,33.84735548951219
10,24.586755189580522
30,33.4466898743636
46,33.33640033831463
0,32.98691001676347
19,31.921270571997727
81,36.88550760838183
21,24.108184415687454
72,34.45341891817264
33,37.64235220521502
6,33.776305165106706
51,39.417373613807925
15,30.092642146061024
51,35.34892569703548
76,37.194898298043285
0,35.42076456741968
22,30.712802195610283
0,39.012594012601646
20,33.02019727538555
59,41.641859463169524
54,28.099475117910522
0,34.57302778825803
45,32.87570642394779
0,33.37125030522034
60,34.862167388605386
0,35.68076525834703
26,32.72424716668188
0,36.02502393873858
56,37.70433344522765
34,29.854725938588953
38,30.9808732339681
53,34.66238936355237
52,37.814081674117695
45,24.252564452317685
24,30.58506466595684
27,30.612951203199582
8,30.614471730097083
43,29.481616306632493
34,34.70603431856104
43,35.986980008850026
0,36.34646233868287
22,23.73308629509532
22,30.629641146881216
43,34.88154087307584
21,35.84248172590173
45,35.23698899430984
42,25.392300003989384
21,33.83843123887573
29,34.42222234723511
34,26.765041512186265
0,36.450820688371294
70,37.13681039976999
40,31.441652890979032
35,35.16111322051825
10,28.154792248438696
20,31.29502902043771
69,32.85485183795231
49,33.55964126815278
45,33.942835470118766
54,33.002013912079555
43,31.71576760737284
66,36.46468586301618
26,34.56428903580745
44,38.116249329750005
50,33.52392226143193
6,30.77124935576838
46,38.03326185650752
33,38.19477432858796
28,31.185399832029074
38,35.26485234984317
64,35.17640113729143
0,34.86607902358698
39,32.100156643148665
48,29.26061195641617
26,31.09108415074844
10,22.759756174011876
34,37.079951884679026
35,34.98205451694931
44,31.310718970296296
53,38.20123246126755
20,26.309325529241384
33,35.116983788519114
10,31.235891888858085
18,31.46529047378653
0,40.83797805181873
58,32.04813964252545
44,33.5528913949868
32,34.18875119447203
24,24.33003710724625
44,39.558215159958415
62,35.518531427682646
0,33.260777425948085
35,31.97502905550412
37,30.74300684347842
5,35.41002155034242
26,32.806269800741184
0,31.691565496168494
23,24.410133166972543
3,38.70188662317985
54,28.527213676668058
29,36.21630214017294
62,31.51403064392987
23,35.15665072583747
41,39.13419017766137
18,29.186184203330768
0,31.609915096832268
20,21.83431273066512
44,33.43983696669507
28,25.241667059600996
37,37.30074895487881
60,35.683150119118494
26,33.204711631629095
50,32.19830594186041
69,37.975069682175366
43,32.76961273188712
1,34.54086409920499
36,30.7162370613918
46,32.247800053704076
12,27.720849293312206
54,35.24316480069367
70,34.14834591693892
0,35.16197582329586
54,35.69173004460456
62,30.15501076830922
41,24.612550623691533
39,29.43342364794738
79,34.58641977523011
0,32.412757784056424
57,26.33410389049383
29,30.976819768188903
0,37.03897684985308
43,38.514852243549974
0,33.90069587229167
19,31.78227073112864
47,35.03639616190817
20,36.01454864018724
21,28.659208970433085
61,35.18722105802194
31,31.966184665341917
19,32.110537233794
2,37.17249376926885
0,27.24880635654482
59,30.509995381145252
22,32.7820981093462
8,32.248082737461985
49,36.029054709115336
18,32.03783786014472
1,35.67490277961841
48,31.53836734330239
30,35.4877160668919
28,36.906027660318024
22,34.59060970243867
50,34.45192573963635
18,33.374684719105595
35,33.05659330674226
32,34.417505223600635
40,36.31632241523688
41,31.87117340509147
44,28.71785065474372
57,29.570928344727967
66,34.33716254689035
0,32.034444064409485
23,36.69038202344164
35,31.383131044703475
56,34.60495090414861
21,25.36161090375283
0,34.247840379744936
47,33.081461657383144
49,36.60801321123889
39,33.5720008860126
39,34.498186095675116
20,37.71963067417804
42,36.22193806286763
0,32.482382067656445
74,36.91130060790959
40,29.074618945056734
46,37.84725784990534
41,32.38639532635303
42,27.8995716883403
18,34.92394508638375
0,33.54025093611356
54,31.287692529925412
43,34.20713632565506
46,36.123307182312026
19,24.046040574568615
63,35.741681072419624
8,26.965399146998386
64,37.26885620468665
29,32.26546153886001
0,34.24215055730753
45,36.96760143662905
70,36.36217619888386
59,33.083380306526536
48,33.84751146246154
0,33.578566633646
0,36.651726928625386
6,24.333351800413496
0,33.08005873352335
14,31.032418550943127
32,34.94010521279768
39,33.18591850717898
26,36.644880433828014
18,33.18544819997682
44,34.28793048972137
65,37.179779780329405
0,29.51233478344744
55,31.4989608374817
0,35.35038968478684
42,34.024652844782786
0,35.64116470903429
39,27.013031012083268
20,30.998314279462726
0,33.213715832081014
64,34.75333929787114
48,32.11004394956933
48,35.91003527642346
18,36.96823656028274
66,25.41961053899756
39,31.621170592530074
0,36.07092875772025
57,28.60226613459469
57,35.544866527942716
21,30.479727795591867
94,38.94922224818963
18,24.76556704725855
36,29.83562611891972
0,31.250638604481544
57,29.92171893232791
26,34.65262313475237
0,37.489544728523214
0,36.39763081286623
48,33.67215247373211
39,33.634857439832665
1,32.580818155836354
21,32.77437070901393
19,33.31274138232317
40,36.00937115150866
61,33.4696690671894
44,36.249338748471835
10,32.45718644292425
43,37.317402455326125
59,39.13414705633866
65,37.93806517919391
9,33.6393916066486
46,29.910810191939422
41,35.94150874634461
13,30.346222822889068
47,32.325456897004514
0,37.838236009085705
19,32.32082950035377
32,35.91213608437175
0,32.003073463934626
0,33.01373096829643
46,35.84865322069509
5,34.27091345832141
27,32.733200965778764
39,32.22812349584466
20,32.30835903444952
5,29.40939532904426
26,32.60216816781324
23,36.94977288048109
14,28.626070688900672
64,34.89067665826414
27,31.662935989411924
0,30.400380866360567
51,35.9008575786645
69,34.837046973657586
3,21.963366127557173
0,34.924195205861736
59,29.588876262994077
36,35.55839842199839
39,31.368058487751107
64,31.435049271927056
36,31.466681363462154
0,32.64287488398097
43,34.368911033298474
29,29.271158288080983
55,36.72651145215919
31,32.88886311280374
26,33.04231782879292
72,30.016967022068243
0,34.80339946028857
11,36.396498711629405
54,31.364385398184087
21,36.633563981170006
54,29.966353299209988
55,36.10776539283008
32,30.7556807188478
6,27.624244856310856
52,32.42456439642066
49,30.47992251733731
49,37.99528490446839
0,33.79018074871212
23,30.87175960991427
0,28.494638290748806
52,36.1809711380456
67,29.354537099487978
70,33.01110954454495
32,34.94105097485428
2,32.23995214106989
59,39.34921376315343
0,28.921073087505626
42,31.6718106323186
45,35.034595005962494
4,33.776305165106706
53,35.69645340094322
57,36.222426564348126
18,34.18953419854228
37,31.940142254512843
2,35.89110353133397
19,33.127598373297616
58,37.493343535548775
36,35.88662869443636
0,33.04381805287087
0,33.13062309545839
59,25.098950347635828
31,37.37843496097985
75,37.56193016813447
70,34.767410373096865
0,34.84118893578996
0,31.858430528571475
0,25.860655146824747
0,36.39680243294052
51,28.767883344544483
24,38.70509900957244
50,36.15809646778629
50,39.41113147648915
1,31.37787095346073
16,33.76563360021682
32,32.80856160738381
12,34.559786035955625
60,30.44118002021076
45,36.075538596434534
49,27.073517837952988
48,37.13021643279082
70,33.77436627637108
55,33.17280951673737
22,29.15995332737493
35,34.991296610859976
66,37.0498728412741
49,36.862516924563224
41,30.519675037301543
43,32.49802849308932
4,28.419290575289516
47,35.41840705661565
30,28.888752219888474
34,34.30962294782952
0,31.229232167772015
74,31.95698984442913
20,25.324511757439566
46,29.263584880172026
18,35.06335564414895
19,34.42887925833266
0,38.243465039113445
18,34.000594363276825
1,34.46550312095266
41,34.37795096249309
0,34.40560817346288
0,35.68118564089316
49,33.5454036122743
54,40.18729583984366
26,36.29955653120392
52,35.43257854537722
0,36.13702765002152
66,38.7069077231189
5,36.323120911579885
51,37.889733042198756
63,30.614279440542486
63,30.65571554594643
49,36.00935838308011
51,36.28076199800483
55,32.46449987710701
0,32.867085339561086
67,35.7063067277096
62,30.570611112331065
0,28.043319048536198
27,36.912437723682295
41,36.222782928280594
46,32.20658040827952
27,33.862882013045684
31,35.894720683959655
16,34.131842010872134
38,29.897241917261553
25,31.448151077488593
2,35.89110353133397
23,33.20237829422412
63,35.472751851370845
61,33.882178045430386
28,34.159364029668886
34,31.781784183403424
45,35.119793069228386
36,31.64467319465523
1,32.055524210419016
49,33.072485728416986
0,34.59834049099009
74,33.25016295639903
34,34.01745032135369
96,33.16112846535479
23,35.02986974872985
22,32.04946188345387
21,32.625202012632606
39,35.86774873062776
57,36.45437132484645
0,30.849807357735724
48,34.60772744044532
16,28.641684101405353
32,25.26014236685964
0,34.8269546812402
35,32.28539019573505
0,27.55883906810023
0,36.518290051483625
39,28.404984925192068
64,39.08755741849304
35,32.462778836893335
0,34.57302778825803
22,35.87448437575504
53,31.41937397005362
60,28.295796962862575
97,36.164885876092626
49,31.42590361791568
27,33.227028008614425
70,38.131257404523645
48,35.314697521324184
24,35.14800266253745
27,25.088795616687715
0,31.40533838140593
0,35.477058518484135
51,29.561966486192084
43,34.05343282599169
0,32.197654498862605
38,31.47937641078102
0,34.86078516755356
2,33.89777017237874
40,33.07413399685666
58,30.916117713130227
0,36.55838799870527
29,36.350745889821226
62,34.31366661126888
25,24.471473990572328
28,31.166913331931816
69,32.173018544990164
19,35.03265453025416
65,37.271832611801536
0,34.54900543131328
40,32.068728330943806
66,35.59384221747114
23,35.01414709608452
37,33.34964403066081
39,36.52303142379413
29,35.63895885566073
0,34.05372772454207
13,33.403793519549154
31,34.79220600579233
40,24.742704942658257
44,34.600556819558726
1,32.218281361369044
67,37.37919707882183
18,25.64108936934276
24,31.900486780692425
55,29.94360582877325
57,38.11348746984892
44,39.15690940718197
39,34.36865787914204
55,37.561046808077265
47,38.762750005367806
32,29.011612187984543
23,36.73993280834855
0,26.90833411684462
43,35.44034974362489
0,32.699482145548075
70,26.79344166115264
68,32.25566051776456
23,27.642049209883993
61,32.258977016667394
0,32.90656462460925
59,34.68639042904028
32,27.143168222731184
26,33.17919356823552
0,32.650029777658624
44,36.169950409336344
48,35.60674752599063
35,33.28919401766405
26,34.60784045361858
63,36.84935582826847
46,32.62257626675554
62,28.525108401357063
37,28.866738133027354
60,33.979629728318926
41,35.589401725808756
27,35.36919587594045
65,33.99219000019794
52,35.300114271940636
0,33.078739492279716
60,33.26477008231849
21,33.25453063593396
0,37.8991414773009
65,33.559046649008074
46,34.65974527886519
67,32.359508745235715
16,32.971930180518065
6,27.152275300051766
39,38.50590238111228
25,31.680836046656587
51,32.3031643794067
63,32.91123168896906
48,34.258867293916104
73,35.67835925861748
45,27.367757680979807
44,32.42218211096448
60,34.16274763082617
46,25.49188948034962
36,31.527909687602275
54,38.49375915176757
24,32.01683857534786
0,32.81044961400323
0,26.824126745043532
26,32.790750691942485
39,35.69305179574159
38,34.71442305045375
19,38.90366435943755
61,31.651113213647264
0,33.84785825972904
0,32.71387231381716
59,27.5418806597924
0,33.866814093146914
2,37.08930673453815
32,34.5864544180543
27,36.627429783727145
28,35.20381577946612
43,35.82535154371162
6,26.732214240381353
36,37.73838567911024
25,26.360358351152755
21,27.951293000834355
0,34.54786336260396
53,36.87029204830185
16,33.21217927175792
16,29.5485252033207
0,33.35856121508818
50,37.714961852323164
38,35.80833040130571
79,31.58987038977954
51,31.527689875107136
53,37.137487231607224
55,35.14319923671383
45,33.95008718106167
42,35.7070510002155
44,38.05951279641402
23,35.004967138718
21,34.541624062240174
46,40.36218023376213
19,32.70354967552089
15,27.622015091645633
1,35.24773502347159
22,31.42251017071371
22,35.59788996108651
58,37.30105915343952
10,31.47188990285518
57,37.08990859643026
58,35.69724363221557
22,32.916750171812446
66,35.5438608220154
60,25.554891343111635
20,37.057584934131754
0,34.821383220785194
2,35.89110353133397
76,31.516462909933576
22,23.623642263853327
66,32.399227987596284
55,38.28513053051442
0,34.04383700915127
60,36.59917762918166
6,33.71544005548707
1,35.67490277961841
27,36.20680317105962
44,31.54838230539303
20,38.635508786015386
80,38.9491909193207
45,31.38297777105458
29,34.80998852941551
1,38.0592246101704
0,32.24249166416109
22,32.437713631688844
16,35.09728027622469
41,36.434553037559255
32,31.654109925501235
42,33.273694656451845
25,32.44926845110353
0,31.51753214380512
19,30.161719082650315
70,37.701465171390026
48,35.42052092013943
76,31.69364678229872
36,36.96795626697899
60,27.749018089264037
32,28.213885745514105
54,38.367309052871704
8,34.47779217826323
0,31.285274185079793
1,40.83797805181873
45,30.394677411969884
52,30.664195205957917
64,33.18211120892139
48,34.66258096693394
41,37.58356717673963
43,34.48165858334779
49,34.27115298293803
54,31.43218925421903
37,34.91145693299971
0,35.80829747507278
72,36.04045741378418
49,28.57654619933005
42,36.72767886071276
31,33.38660213916186
43,34.62502595468119
45,32.78795401237186
55,32.625155427294985
56,34.49277891494391
38,39.67271068371075
61,36.05087750642615
71,31.974703913815627
20,35.311642409004634
57,37.45546742613087
45,33.17991146120216
21,36.335656457956816
16,40.0609577936341
2,32.99708054682024
58,36.384404153921764
38,30.71930619783252
0,33.99318562912998
22,36.201303912357965
31,34.102482698520525
59,37.46756939620986
55,36.14054762718307
21,36.48135128571398
52,37.60794521680904
25,33.44427729183924
69,35.09044729004779
2,38.005901783256945
0,37.024435615627404
42,32.93442331813214
73,32.691940461631106
24,34.490145032757646
40,28.156156323978085
16,31.327918528517603
31,38.10675528785447
5,26.9917379707291
0,25.467965551306147
58,35.98501728944518
0,33.96779331570285
38,34.47404717817707
0,36.21962864100256
38,36.692944453666755
55,35.266940087879924
35,32.779954413810124
22,23.47367749724333
25,30.161144461918738
88,35.68601303934828
21,24.456633940961883
59,36.34459651283745
53,37.08641207690921
35,35.37113649124202
21,35.245059069195214
37,29.065087325568076
47,39.87737527507655
67,36.392877729272826
59,30.286670067687908
65,32.60920922686519
41,33.3186553492676
22,37.009350968557726
0,32.63368278100034
40,34.32361606424708
48,32.75654868845348
43,32.719295101389676
57,33.357521783577695
36,32.12453995452234
61,35.252293152098
27,36.56520424525893
0,30.45503784744806
53,34.36945681176972
49,34.49087049881668
42,28.709297458641558
18,36.922275769072016
49,27.836386994627393
40,34.13997398380564
49,32.14661468664435
43,30.788943368753166
0,36.063609440370826
26,36.158734693369375
45,35.674725183005535
0,26.455887671293777
31,31.611899896154085
48,27.814639438554995
41,31.266537023985375
47,35.48257862970277
26,34.95859775205523
49,37.98777532408699
0,34.51711864784369
39,30.638146968255434
0,35.05746983417208
82,28.08356225933109
45,33.655063515741666
49,32.27821607855584
65,38.57844382092004
2,31.823336491389284
57,36.64215534747273
77,30.91210351458686
55,33.494689598894766
59,28.718527412998192
64,33.72597209038692
79,36.73619710674983
39,40.69701205156738
0,32.686186140680185
46,35.146106759759114
45,27.29220288641946
16,24.562501143955103
36,33.143196297222595
60,38.02945900755047
37,34.361145293206064
16,28.935872933291975
60,33.96652554245806
61,34.86762858526656
31,33.30243884220834
23,35.0789508996605
28,34.841657754337156
68,39.64381131089299
0,34.177186367895196
37,37.77360917764965
9,28.021828267141224
37,33.64787702607663
33,32.922335248463284
0,34.24174212419618
73,33.36824539801532
0,34.905994896169844
14,30.511214212533606
68,28.56959725819942
71,37.11936613682566
50,29.829748415606353
53,35.91101204613345
0,26.63386280276946
52,30.439902135569277
61,29.28616074775089
24,27.527009573461804
29,35.21220835394099
29,26.42670384764696
21,33.60309121561317
18,30.993796545423617
64,31.974703913815627
73,28.123426620993996
0,28.76364522542014
79,35.57966080833109
56,34.59913142611734
51,33.93763953003389
51,36.368081982336086
56,31.072804001248326
72,36.597255222443565
70,36.09460833135873
36,30.683573390904417
52,37.99620211590448
51,35.272877954886376
32,31.701321317942238
45,35.04129974313792
0,33.78321403725285
57,31.89860770842807
63,37.97516763702743
0,33.97462650770572
7,23.14174289356988
29,35.976839460108394
42,36.37760906968666
47,32.60511794715914
28,36.85230831652804
35,26.171371681757336
69,35.77353748476428
29,32.326173680979096
37,34.80436229260579
28,33.28749730948891
43,34.11684506771202
9,34.157443996706306
24,35.022161948745534
3,34.68211790537249
0,35.350353816934444
39,37.04348180916915
66,36.945934298534915
25,27.249759942096347
19,37.74001967830636
67,34.34482343376647
30,36.51804733639356
35,33.92012819557347
20,25.24881529512242
62,34.606283045511844
35,36.19815288099444
22,31.852094876796592
0,37.33930921717836
0,34.98848788007669
23,28.854648142769996
47,32.401792197481235
10,23.51636514748813
11,36.200401266356316
43,35.24363574802485
47,35.097625853106265
59,34.47063251085312
36,34.32582782708834
79,33.27575768514106
15,34.81732470729618
23,34.1762404312767
38,33.83710267100819
4,30.841118881846832
52,34.77891635235408
0,31.161797293503056
39,32.52263226218767
40,33.89991558627602
32,33.20733646487665
0,36.229028515976374
34,29.438473896124155
65,31.120200853346038
60,37.29923355000389
62,31.523922533565376
60,38.1854610983579
11,28.74618998456746
46,31.510597269575147
0,33.39253453520999
45,35.04129974313792
83,31.681549297642597
18,29.61596171916094
23,35.036320458096704
40,34.69085762679381
11,31.859521386786064
28,32.57000550865256
41,36.84033805670444
37,33.25250718339254
0,33.68990861489828
21,30.80683336399473
63,32.79495258871178
25,36.24917002855656
36,37.843275040679416
32,33.17454429833827
55,30.56987057849861
20,32.85048675201995
77,29.979627545202582
2,36.391435202035254
26,23.167692774466794
34,26.473350563373764
41,33.9296531213685
42,35.62283678050312
20,34.251666114141806
0,36.21652680661445
66,36.31450132405687
56,35.08949977324437
43,31.045354247823678
35,34.94799774956201
25,25.00233414026311
60,29.922420430449357
41,39.708575243946825
33,35.29810449209025
22,28.694487668702266
56,34.053456897969056
59,34.25321005121914
44,35.386926380963544
19,33.767595538258554
39,33.41308628912036
45,31.273115573875742
0,35.441785316051174
47,35.05846087781909
60,36.105883557838865
42,34.5582381399161
0,29.891351549997562
0,36.25964375163521
76,34.884132995000975
18,37.6333191487394
57,33.79299871340915
66,30.49086309661156
38,36.96496307732755
25,27.376389888300015
55,34.3262988865861
45,36.924250904162
45,28.157910209279056
38,35.15491198323153
44,34.48947506700612
0,30.650591917209013
38,33.114714222142915
18,34.25801629841153
17,25.856049069699186
2,28.279299670812666
13,33.637431179554376
39,33.869134539391084
0,32.686554219764226
21,21.74801408105273
58,38.02531199367107
0,34.820170772914686
57,31.904386036585237
51,39.52892599970487
20,23.91984360839067
71,35.751274037248294
43,37.68270435458597
0,31.95130547827435
21,33.735076903401286
1,37.329728711294464
46,35.146106759759114
0,37.268287852671385
0,28.41666887182476
0,34.00916956015516
53,35.1488506418763
26,36.40938495676047
0,36.75253662278413
19,33.694631533998695
66,33.1137723462346
20,33.26352415066544
24,33.62249017074414
22,35.131621226551076
45,28.588287388387396
20,36.73558227241993
21,25.549577826315524
18,30.604713657290304
30,32.855991181004484
3,36.3544048025075
46,34.56390867931168
36,35.447258862216486
38,35.7652470012074
51,36.44082974538768
28,34.18991129649938
38,29.728149440174587
49,37.40492233147897
32,32.0712111801497
0,35.075406986778006
27,28.0025060829878
0,32.98471022153121
12,32.15678951602428
22,34.78350620427395
5,32.105902926514595
40,31.892127624965685
21,32.80833661812181
37,32.55810578134783
51,32.59743575296285
68,30.50597662639337
47,33.27652191709661
37,40.308715850129936
1,31.57271253892656
19,26.165363857876752
13,37.268287852671385
30,30.83213749035997
32,34.65402012237811
48,34.960825808987906
28,35.456504641167456
59,31.282167592005116
49,36.61660040046327
50,38.58703789162242
46,33.71149346180255
22,35.42326148769675
67,34.09340848889956
54,36.78121248836573
65,28.90713333513714
63,36.01590654394366
0,35.536625660536025
66,38.89343461926647
22,38.14865432574922
40,31.32258443609715
48,33.0923277667248
80,34.59594099450459
0,26.379416766765658
24,35.952854578146116
1,35.016310407753515
18,33.80431540896355
20,25.898607418704792
18,30.25269474475808
35,29.998552825334404
65,31.901965253924544
21,28.567461834345785
46,33.530975984649714
51,31.11252398082762
23,30.456292556284264
15,34.58995571017143
0,37.054814108600134
15,32.683994314381266
38,34.541006082085794
24,35.976270790601006
26,37.27883330201786
26,27.538975122863537
41,30.304403925887822
34,27.55317676533668
29,30.53315438638174
10,31.125106643551668
0,33.430461460841535
1,37.62157661805695
44,34.17083408118949
0,35.9275734243437
58,36.06304962915043
47,38.004462560014375
0,36.957628914941544
43,37.030753943033744
0,31.944091997596548
40,33.793402000414666
3,31.58987038977954
56,31.326287619246717
18,34.1216903560213
0,37.33930921717836
5,36.323120911579885
34,27.30564330602736
69,38.29019132429022
18,27.141953850697643
41,34.053687205807705
63,35.59825608447064
0,35.46930706818197
32,35.1661555221346
33,34.205742693686155
48,36.61493496680338
14,25.693401260882084
56,33.73904131636003
53,36.198000744179375
19,29.33257845256548
38,32.69538687631307
35,33.16036479079828
39,30.972075718937315
20,33.78466739505849
24,30.40164070672138
28,36.74467214934806
0,32.92391794449987
0,33.9063161038596
19,34.97003006088788
73,35.57544745212591
14,31.857329348776467
72,38.516282426946326
52,33.26848164020296
30,34.91875585519613
17,34.0561974726627
5,29.901785386245685
45,29.745816035104223
68,29.966322204480168
7,34.22772777987929
0,29.885919552890762
41,34.508747692500364
21,24.07624478202468
34,35.375200625839895
0,33.07443645238244
67,34.011291546514386
59,36.15924005091717
10,25.203649745005748
70,32.80445837667738
27,30.492118815192256
65,26.935769274637828
50,35.138153353893465
16,32.10532312122945
40,26.280506020799734
34,30.38570824561451
20,29.44607330684508
27,31.781949814858088
55,32.46139983803294
54,33.973015249740016
0,32.937315946273706
1,36.61737410196116
51,38.83128102663107
1,34.34160644194203
66,34.76869299134905
21,35.36902844053054
52,32.115189993828984
0,32.218281361369044
37,34.20342549606181
19,33.04156483724022
35,36.94466355060488
32,33.53373784030452
29,30.690086635757673
53,30.59936319720113
23,21.709225979167044
0,38.019863103639025
60,32.40025704575644
58,34.986610590997856
42,34.63884400941835
4,24.368241889060855
52,35.09970941923846
0,36.76255188249497
36,36.29899602203601
60,33.266026181055686
16,22.026753183271545
0,37.42327688020313
52,31.204262340249567
53,30.39005250770502
0,34.53104820238407
51,33.50884957435782
18,30.705270829162593
65,36.29896716800221
0,37.15178524972588
24,35.232109719162324
46,33.56348228751732
19,28.0792226777088
39,32.365128843323355
0,31.57271253892656
49,38.545013840616974
29,37.39554072828706
31,26.975214854512807
0,35.50238359646717
48,28.844046722327366
29,30.291517430770835
64,32.838978637246484
21,30.644809515544324
0,34.684208175544605
26,36.64932851210825
0,32.424620285166945
24,32.260177077902696
27,29.80843308581578
37,37.024859146298596
67,31.966037364523668
25,30.89967314605679
45,32.618363794888346
0,31.69275812393056
0,37.38437432305237
29,29.645239378538996
41,31.422287540226463
19,31.119632133434582
6,30.720621364525044
1,36.169523949876506
46,30.35255121988949
33,31.874003249273876
60,35.8605440841937
18,31.39436774340784
66,32.41616675707748
63,37.62701789316135
44,37.65495184268167
56,36.88081010062891
0,31.47196428986536
43,32.844744562657134
37,33.86550627221885
33,31.41718485967926
42,31.294845491439304
66,39.18067390533611
4,33.61404956167134
25,30.920982127513984
21,32.52172745799549
0,34.71629568178226
70,37.23179398569522
63,34.79340440626645
0,33.65116272629426
31,30.9267622238314
18,31.852822488927227
49,33.479223031741704
21,32.66419977153339
49,28.08320650461923
48,36.19314256775089
24,33.78457736957472
48,31.774700199391958
52,31.658735088810747
78,33.09184838403453
45,28.364411121352557
46,28.557299799435913
40,33.38580974387735
47,35.048868219738985
22,36.41976831232807
45,34.2854495207449
34,36.218881961029474
0,34.87312581435403
87,31.962794112320218
57,35.21052121614857
16,29.535583412557866
73,40.193624407848624
33,30.265002795246588
50,32.88391629465391
1,35.67490277961841
44,34.75947080279818
43,27.253355212594
61,33.40956874902545
58,32.39131437638189
21,35.98536229520099
73,37.60181071796116
9,28.717076177575713
36,36.49856544195739
40,35.66729203155775
63,36.33466981492796
32,34.655515075915204
0,35.69882996131804
17,35.4878409272078
1,33.41751770446168
34,35.79481198542703
64,33.56573589665661
63,34.59500689611037
0,31.13143535382625
16,31.967162384331317
1,31.352649286451705
0,23.21476171818621
46,36.054192230309205
46,34.99490815935477
15,26.579153469422355
18,33.37214229639975
24,31.08830631901269
1,32.6088463699718
63,27.681328387189968
65,33.355115557347986
26,31.67378525807782
40,30.964625100057532
46,36.81510756956225
44,35.368185181492215
34,26.742034515482786
25,33.44427729183924
66,38.6137788046814
29,35.72441712087095
66,35.958443929734585
46,38.84929831147374
34,31.934311110698655
44,34.72654855529667
55,32.24217200172458
0,33.78655757226254
45,31.629613074874452
10,29.266282083880036
25,33.51706921994013
18,36.471802459252416
58,33.76535616361505
26,32.76561535047927
12,30.381353672382666
44,34.239953403378024
2,33.90942351224297
45,35.90442071098033
22,32.59470170541035
0,34.65682136452218
7,32.40052005939945
19,27.69301926184687
30,31.433842477987987
47,31.619622458380558
47,30.21687186108614
18,31.531628462506973
0,34.17149412698759
22,34.159598404871794
5,29.809927441756404
44,36.57418609723888
10,26.848694689321327
34,33.52434813502572
49,38.05540043019726
66,32.04381150616244
25,27.523353817588024
61,34.255623398421
24,33.892366743945956
65,32.30440560803872
47,38.316745242507075
61,36.98923920124053
25,23.537675457399295
52,34.8816449260665
0,35.858437730364905
24,29.48540801810703
0,36.559645664699886
32,29.70742636042026
42,31.047175998803382
24,34.362731027276446
58,29.557632434000993
8,33.63076476440311
59,34.62714705322703
38,31.823583572792305
0,35.73966904855708
36,35.95018493736369
41,26.72120545435899
29,27.133798731566884
44,32.15791722071111
40,33.81812345422761
0,33.69300819644012
21,34.73002669176185
1,35.83492591951095
28,33.93616876146241
71,32.513207238571525
52,35.76179096755646
50,33.319477954878465
26,35.5429635069622
45,32.374128832668575
39,33.55784945496286
1,31.844661108246616
48,32.217895879353236
60,27.133427549882683
32,36.927002165665044
0,34.43730882753851
30,31.324061031196422
0,32.937315946273706
0,23.83217494257346
5,34.77610963835359
0,36.293654813492864
29,35.43250711575726
13,34.700174980751505
66,32.5488106393761
25,32.609281022749634
35,31.725991697785304
0,33.235196531891255
21,24.470559692688322
68,35.66205037659076
0,35.55050950285859
26,30.02979377190176
39,33.60824434344916
36,32.62246925906177
51,32.93522347792322
27,27.327543710495693
27,30.034233625311362
40,32.0267635954272
17,33.72542905015798
46,34.61145176534706
42,36.529431140537255
40,27.373966726102495
0,27.58993139429721
28,35.28517375248455
7,28.264657203624044
45,36.67445854057058
52,31.120399628516097
0,29.952480495444565
36,30.434510488313283
67,27.232290312213532
47,36.55966450864152
30,33.43623298854001
33,33.199510347978794
19,31.129976925152445
0,34.82327448514339
0,37.73099923621827
56,32.56024031712786
10,32.88120375155037
42,35.95235740636567
23,35.30664355418321
1,31.58987038977954
2,36.25964375163521
67,31.72748837267291
41,32.47369471122935
52,38.218875736334844
61,32.76870596452425
57,35.54299473932828
43,35.11542308823907
59,33.2326785190391
26,32.03059961541842
47,27.595348774294525
0,34.92292926437562
0,30.682441547898375
9,24.452602750547136
0,36.520088769728936
48,36.805015388758186
18,28.96869171014454
0,35.5046666495631
41,29.176349454259796
47,30.541306141408374
5,23.85419528532833
56,29.47176299717836
39,28.480066883153086
71,35.83169596713458
39,34.703149076725
49,36.07507267301997
22,30.918742654623927
13,38.65388099459791
2,32.24996030741234
28,37.76680928587753
0,32.85449298834124
55,32.845525360865594
47,27.890051270966282
49,32.360726030048205
43,30.55605816060872
24,26.579518954024095
76,35.639207482043716
59,36.653451785177474
25,33.972346260111394
53,26.856659274355394
55,35.461772760186435
33,36.24410846465014
0,34.35626523517428
74,37.74154702967612
22,26.63754727253297
18,34.74687906259415
57,35.39294862800541
24,37.30759239786026
0,32.9395909663791
16,26.892761351974865
0,34.644366373906486
0,35.85193158159031
46,37.58952132850597
31,26.952557825253383
35,33.44669475380615
38,36.9380979597718
14,35.681124706274275
52,35.52257319654851
37,33.1143012871734
41,33.89409138965479
49,30.70439124643463
60,35.931922622174596
9,35.50852399371788
35,31.456371152736434
73,34.3226094015691
77,34.65924965169459
0,35.19156331970318
59,36.306970282578945
37,31.60231341170745
32,33.35440104719589
0,36.12578968664638
36,37.679824964922915
60,33.595653310915175
44,33.71974689470409
50,34.84474824366378
5,26.386958504694448
26,22.871878030588576
52,35.99463984458058
32,36.64118283706318
37,33.24058674272566
80,30.428309901984505
30,36.17991296904372
18,31.60105878596137
21,36.806771337022695
51,32.030354314459224
0,28.663202125401458
45,35.04002537715129
65,37.89390751541638
35,33.405168870310135
70,26.79900539656129
41,37.44245965586245
0,33.308704257011755
66,35.93176646764302
24,34.033604836593085
37,36.28026599978754
15,34.99795918730391
18,26.176565300382904
53,34.23273070614009
58,38.3104735663194
47,26.373041363363754
53,30.227771782250556
0,30.555181383936
9,29.534697221150637
62,37.04531225984913
49,34.82469811811842
31,31.78568266365373
53,32.96061025144529
5,33.56775542165341
67,33.652675604516126
27,32.85960078344164
29,31.959701158737413
73,33.808656945874645
29,34.138644120792236
21,35.44101954200059
0,35.60779866253424
15,35.802830739601845
0,37.054814108600134
50,35.76604388411824
47,27.991810218027993
54,37.764992074594744
67,32.38772788443316
48,33.2848207798938
0,33.96779331570285
73,33.36824539801532
0,29.372456353996764
18,31.377193859066825
48,32.3686623512795
29,35.09295375060604
0,30.717434403145763
37,34.86758327915076
9,41.49428439747973
0,30.514867535938333
0,30.555181383936
20,26.497727315635906
20,26.13576746161906
0,34.51711864784369
23,32.79426825776783
21,35.99124554392788
0,33.19261552213752
79,36.583030629405236
44,33.95045151300646
59,34.68020548107692
4,35.5263014683176
73,35.90652624140336
47,31.397665666549763
29,28.082253067314277
33,30.930061104472088
45,30.901488711050447
21,26.59492298512329
68,36.22922347732087
39,35.55390861406529
32,35.46353514972135
24,37.04153791548859
1,34.138798314779756
21,36.00818721167339
46,29.17891289248396
4,35.06811699641145
26,31.279764039141742
16,33.2747652884022
47,35.978479138332666
61,34.12432648886238
0,33.15934097510392
44,37.34624103275108
13,32.89004757859911
26,37.370396965274196
0,31.13143535382625
60,33.331505550089965
7,38.69938711015379
19,26.922502405931187
0,33.16825860281923
49,34.97422668685791
42,32.19212246665982
0,34.880112286842916
48,35.54306565351338
47,36.85656898258557
55,29.81220742483694
21,35.05404371204283
29,31.699261032611
0,34.78723658941507
0,27.415610368135084
0,36.520088769728936
19,36.32025821276564
0,39.113452517584996
39,38.4076205962438
0,35.37398841064574
22,36.69656662550328
13,37.254422071944234
39,35.86882985251215
40,32.82247834014108
57,29.878641691680922
41,39.33718639125751
0,32.587782925966685
19,33.249491068332944
63,34.70981983115422
47,36.98073092409401
50,37.231908922710055
46,33.935823695115
50,38.73763613964569
1,34.44759746850188
24,31.817463703333885
39,35.692581952044094
1,30.842892742080465
26,33.24173888837851
53,27.195598307308302
30,32.06353157161711
48,31.882552942722285
45,33.69850409207669
69,32.7254525400636
9,35.29376706333238
79,40.01814609339083
3,36.391435202035254
68,38.194488819507384
62,28.7632211227808
26,31.339215608637865
42,32.616117609837055
47,35.797700956855124
20,30.135901494901677
38,37.104814326962305
40,36.07923808471986
72,37.11206364934291
37,27.32047927105143
45,37.87752246524165
22,33.13151446878826
37,35.64697474474649
36,26.15428808643148
70,35.27539421072612
26,33.51803016929656
46,33.712420531768956
28,34.386770470181254
59,34.28078786603754
51,36.26357908803588
58,29.9724786821641
75,32.28217636616091
31,29.934473589286004
54,38.108650224834264
54,35.15496724401768
51,33.666026873760934
43,35.99329375958049
0,32.811727891950916
33,29.314235872343673
55,35.131781170280924
45,33.41406479430791
21,28.109969426918582
30,32.68170944314769
25,34.411453420079155
66,32.37882522309974
48,32.95162977017307
0,27.30283261765677
46,33.042315704887834
1,32.89580195397435
8,24.90538802437169
50,38.387905276211015
56,33.82931082450302
66,33.31794721732965
49,36.13772460198285
50,31.212170963107884
45,33.682345236364434
26,33.91284967782929
62,33.064034911831385
2,31.823336491389284
0,32.51697911132337
0,34.84153754668995
39,28.189491768691056
1,32.436101858210954
38,36.35901033808267
0,33.062083821043814
38,32.44675292800717
39,36.243707584774015
32,33.263007013970835
49,34.35978689454489
37,35.55933200585832
57,36.052147829605424
49,32.685568039417284
0,31.18837772246757
47,36.57276192177507
56,36.541788229018
2,32.95069552265688
0,32.104508272725354
52,37.39895533938216
8,34.393546150582615
47,30.40619955621048
22,23.917715873021834
49,33.558080544164945
67,34.23359562184054
65,31.064492119974297
29,34.52794079933716
39,31.097828320523035
16,36.72961705781083
35,30.37600609424012
54,37.803229953539244
26,29.854633904725688
0,33.7374251800836
0,32.2287615527583
34,32.501511997102284
57,24.575766693230946
59,40.60491411082171
64,36.75729378507145
50,36.39589519259755
32,31.751757225951525
40,38.45431974082995
35,32.97038004727438
62,35.28010423411875
32,31.124658309515894
39,34.116812996167724
41,31.359586455530867
47,34.78641808806709
38,35.99106183034762
24,37.9053606947612
0,30.960988967851712
46,36.34299468465787
22,30.10045452058373
18,32.21723185221651
76,35.022573458967265
0,32.73207760592241
1,33.15868512147174
48,32.975902296905645
31,36.50110157093941
20,30.87457878401552
22,34.325905216728785
38,34.56219118915707
0,32.51697911132337
30,31.08171158070527
52,31.5296774471635
48,35.8992665218469
1,32.02652340237258
0,36.34329701977964
51,36.57033407590656
43,37.119928662936125
27,35.73837262455248
18,34.26339708808697
0,32.68902507127441
0,31.736970754312914
43,32.68497281125192
27,28.74310896968223
43,33.68464877056351
16,34.671015435685646
63,30.95495020471615
50,30.693889431586992
52,35.840334316910855
39,35.57208504164204
41,30.64843194114019
65,38.835317526690574
0,35.71014021023934
70,36.458706200936284
13,33.19130483906813
55,33.404716601920505
67,36.71638192743343
34,32.54275063237743
28,36.57688523879647
20,26.141310472532886
47,34.36726626629789
39,36.4989898728497
72,32.75199400981107
0,34.254376851394284
52,33.09509769277784
35,35.65645732013805
41,36.65607829566027
35,29.55868726267083
22,33.96068167979817
36,34.03893525151761
58,35.220247529157135
0,25.387285276700137
30,34.49467451917415
37,37.65650637152831
1,33.902774507985235
0,33.69920649386498
48,29.699983547847307
59,26.351174541540622
33,32.55958887496638
39,29.759206864022463
59,38.12377215766634
33,29.58767157095527
1,32.89580195397435
0,32.8696569466965
29,35.67985226606921
68,33.84345621413023
39,35.708691646374845
40,31.81509497361858
27,31.644067843085608
18,33.522697640955315
0,25.257176296604623
23,33.24990493970652
46,35.43438492541016
0,37.63141702121256
73,35.02252053605729
45,29.26415335361385
26,27.488535378100146
17,25.46099835108259
0,27.77943504092865
29,33.05232889234265
25,36.21239037433112
73,33.9693729139275
0,35.260912619291304
43,31.6807901053026
0,31.582957791520844
47,29.987559744746193
35,30.59326980427008
21,34.90854233276993
17,27.37291181962884
0,34.02134479699687
38,31.892041335177765
21,29.682688961533703
0,32.63032777621715
40,32.82943990141959
41,35.119166164775436
63,31.11459790444987
31,32.360274211393175
19,29.217771975160126
35,35.83176575130448
50,26.813698688103308
54,35.3599906806112
34,41.349294798084244
35,34.22632641235902
36,35.192613631499675
19,39.13015851186046
52,36.54845373682267
31,34.27352831206907
3,29.36108641494978
57,35.06959893246052
23,33.85494947034201
0,37.4872513132206
39,33.72168798211733
0,36.45716844031306
49,30.668538294095946
44,31.759367293536783
43,32.16767210474295
41,37.390093059235284
38,39.42113642664879
26,36.38277032201923
0,38.91519965210204
49,33.41692751540868
64,32.16717355122803
53,34.589763941452524
28,32.9020069803304
40,37.28963097096906
54,38.400317672432976
23,32.89747790504146
19,34.359031721652094
0,36.520088769728936
18,31.972581068052772
59,28.797264081057474
38,26.579376595806618
34,31.40453790334124
44,38.20098382486208
47,31.315932746632424
46,40.18447574123334
21,35.95150660773903
18,30.535913413977944
26,36.11757703558713
23,31.789287368712827
71,28.893691048488847
17,37.282534701985014
3,33.40555278080334
31,30.751781785691207
63,33.35004661883183
21,32.26339633657826
56,31.45129659425374
0,32.908808237077764
39,28.360123904122993
41,32.73902784428947
52,31.441100342062587
32,26.109557607111313
33,32.13187084660126
42,31.401423932801837
40,32.99132890994446
18,31.64663316782651
36,32.671019680657395
71,31.428411293571603
45,35.603820392799456
47,35.906915008237384
18,33.34752382791819
46,36.15584639879329
58,32.58461335867703
0,35.82548875514748
52,36.08283668561617
22,23.894308441569095
46,31.237862065145897
22,31.88334415069566
29,32.45966379564725
1,32.76965265706512
71,31.36607724399316
34,30.712684068514186
30,37.11466729293089
0,32.650029777658624
0,36.672961482479586
55,31.823644743109885
0,36.12578968664638
21,37.11869417009227
56,33.34675164732802
22,23.837303762314683
66,32.04381150616244
40,32.67761171417072
26,33.299808302382964
75,32.30527776137177
0,31.988560780508386
61,33.581937744410006
20,28.580102705938334
22,35.82010116772365
65,34.75224970196405
46,35.09414062613504
11,31.17980666859859
15,27.832835180565077
42,33.30811988545753
48,36.12359313266455
1,33.14121654860124
73,36.43068909379066
36,38.58828079472965
20,31.34971450936863
0,37.34441933417574
42,36.75271832823619
0,35.9815601481432
5,31.274617185903654
0,39.61793784465522
41,39.45631434336071
21,22.818320969134934
67,33.42651881052927
17,36.61902374488864
0,34.16573227480494
41,39.41074761683336
68,33.80679502649942
51,32.269465006510934
47,32.47285800045786
53,32.662583049153035
38,38.58628161205432
16,35.19371800347332
46,36.55694667455167
25,33.15584410036611
0,33.725015591612866
0,22.09529600454633
1,36.28692372139328
48,35.14404807923392
53,29.50715329499848
40,36.46808173858788
13,34.5853136493836
53,32.97611093444746
28,33.505977547297334
39,35.56335403721984
67,35.00041556575738
0,30.689914428228594
44,32.49326393333549
25,32.44928206111647
22,27.24523253201037
40,37.76268572167205
66,37.03832213455572
0,39.72885098299329
37,29.117588321851766
29,34.2937664629373
47,30.297720511942895
43,34.54381715617304
31,35.26881990572382
23,21.267922351731013
55,30.046943606624996
0,33.94086721142351
43,35.29735281292584
0,33.72722984336086
9,26.218496107644533
50,34.42162286549553
61,31.83803000031667
0,33.85217558315094
58,37.51983346813149
1,38.07337543950054
59,38.32306052659068
11,28.274099916651043
0,39.113452517584996
1,32.369141874823285
60,37.71615073543112
21,31.82309185943467
18,29.360387475426876
20,32.653075394585166
0,26.547832002170555
42,29.882832748769783
47,31.089188494783432
0,33.96474029013628
40,35.48518137875643
0,36.67417355340244
20,34.72087998591889
38,30.476027688605086
61,36.78747159692522
41,29.992106111213992
48,38.8740873818017
33,35.38767231607487
22,32.820484545610114
45,28.057551160521278
20,32.679494167437795
63,38.32938153024415
31,27.900028439990443
7,27.335554579069115
27,35.950273880995844
32,35.10991887620595
0,33.77478610794377
28,25.976595361326385
56,34.165745907023044
0,32.12626232719536
33,33.49021634090791
66,37.04157909180223
0,31.73609710272881
54,36.21333445167767
28,21.696329268320053
72,32.757299650203635
18,28.57565731119607
89,36.299691970022096
36,36.507962609310134
39,33.31081658146967
11,33.25496354628703
35,32.29785068206714
48,31.400706406319205
53,24.31297175829428
33,35.78577629139522
0,34.22932197841054
17,30.54153881522917
62,34.99011589946037
28,29.50124865441142
46,38.37474056346689
25,33.90946031065127
48,36.288054644166834
11,35.12020411170839
38,29.141924338164884
24,32.3804047620652
21,31.614405671688452
33,31.38302779725196
45,34.130320306617385
16,35.21980906688436
16,33.767360901316316
39,33.719026196712385
55,31.872994381898017
72,35.58234477769528
25,33.45605112702903
21,26.649031809120494
46,32.291439248853884
44,29.838625812880004
44,36.20471494215433
23,30.132202063796797
49,36.73819320335256
46,34.54745406958847
17,28.784996143306447
35,32.57354327500179
19,29.18780506709516
15,30.909639003850625
73,37.87803606229484
1,38.07337543950054
18,32.34692363230658
30,33.65670587492487
43,33.78563214557068
0,32.6745584253243
63,32.2303515619745
44,35.45363193964847
4,34.61136775710216
41,36.27097028041099
5,34.75864201680157
18,38.15605049932868
0,36.21962864100256
0,36.36428119913518
11,29.67529539688154
52,32.693636587106546
33,32.19013150376934
48,35.215332981624655
41,31.43870097274975
27,32.81037135504178
61,36.3826215108605
0,34.32964664946676
49,36.12892326405425
28,31.51973299531823
54,37.18851824349661
19,32.151102606374245
1,33.51448116999748
0,37.11559774787909
46,33.611885923808316
21,34.909562654441864
3,35.89110353133397
47,38.66332216435419
27,34.57575322637777
40,34.00380199841072
71,34.89152917365347
0,36.65283472304242
80,34.199217781941144
56,37.67386604737671
27,29.711848524855036
18,29.894177734867032
50,37.26928835385428
49,34.827891374024844
21,32.06788374395853
0,25.66268724068131
25,33.331900232113036
66,34.911767624443044
52,36.161353134000485
53,33.60733613292787
43,33.539029025090194
25,30.946180751865377
0,30.88994285902359
0,35.544873894215215
65,25.162201349398515
70,37.4855362189039
47,34.25172093856153
68,28.946988838498406
0,25.26734743052605
19,33.910198984927725
60,37.51163279650948
31,33.64746616961414
0,33.783878001550946
40,34.728558322192896
0,35.79421533141278
62,31.43211247342335
0,31.679876052656095
0,34.991068135679
28,33.148767079461976
36,30.523790307748342
47,34.933061440178115
45,34.46856788904368
36,29.59925898184178
47,25.410097222760665
19,24.342378609717088
57,38.929026548552336
72,32.356035900338824
0,29.75461743203909
0,34.72428769599019
50,32.182051821535616
63,31.381988275716196
18,37.60496561054396
60,35.28186180210805
0,33.17612256910787
18,27.439966022241425
72,34.96298679909348
21,22.509617842708078
18,29.991428690982776
49,32.069150551826276
58,36.223488063520364
44,31.96357916172173
50,34.70065136428931
39,36.76453882374891
10,31.635760918998173
0,36.16246396024793
54,35.70821914837168
57,34.60042958160202
60,38.14878341233661
15,26.826342610040566
45,36.776214560629064
24,32.351927464021514
23,33.853060920487806
1,34.02529401840287
60,28.643259161414537
0,27.918499420365126
47,32.6867450362122
51,34.92359950014269
35,35.94398224442223
45,35.25209091758245
45,37.31407360688749
3,35.50015484329959
56,37.86569884137604
41,34.32822362130229
20,34.5847330981272
24,36.29205677140135
71,31.729388737894304
60,32.481723168365725
0,31.189785352078317
24,37.25076357631694
0,35.55963205865399
23,35.21349491283971
66,34.124816319132094
0,27.190986374756672
33,33.27352115015538
53,32.96548902216625
0,34.86186492083163
70,32.77908666417076
42,34.13057560594329
23,28.073050520865596
55,26.22662471252349
51,34.51995671111088
41,34.72738487915373
8,27.877172568123868
36,30.86334340405589
44,29.124277659838263
23,30.16675872369924
69,31.683912420035067
51,30.00133068638347
0,33.81592824439046
52,33.47815907059631
37,39.46536782751251
44,37.20976534113507
55,35.366152794202065
23,37.744341648683275
70,36.77696792592369
68,36.674072162437774
22,32.95854994945876
41,33.490421680814926
45,35.306684083559894
41,34.154633166145125
0,30.749939711577493
21,29.91155782263909
54,37.2095108965713
0,39.08987530949736
13,36.697663419547474
18,31.19231080638508
22,23.54360901566247
22,33.64766396257848
38,32.21322025369471
21,23.790537443383812
2,32.29818688308055
34,37.393973960988134
24,38.61017072471171
27,35.21744654032006
21,34.33585009369652
59,34.97432172379299
70,35.70741715159973
26,29.631656269380617
5,28.881253680650588
46,34.13346641616866
49,35.716985116330484
60,33.5866504663203
13,32.98868234704914
0,36.341274465677714
25,33.37297127763858
30,31.43511540538031
0,36.91630981569095
52,36.74666243076063
0,35.481732501634184
65,35.7219901729464
1,34.95899039899742
51,31.48137214977308
20,33.62957303666527
0,30.67813100201689
58,37.43079745693138
30,32.81011502034728
0,37.11635221531073
53,35.28209147688695
0,33.07836668097922
43,25.89341599626701
33,34.68716257385654
0,31.339190906077715
67,36.08411163675579
21,35.08708820704772
58,36.09136049562059
0,36.3544048025075
18,32.398625279658916
58,36.48112885222248
20,29.915768939423938
46,34.728848110682264
0,35.40112671809372
76,29.230323842872075
69,32.96326106422734
20,24.91352833265652
0,32.3180037144953
0,33.0029523281328
23,32.94469445289815
45,33.38706953823721
0,34.226109891012534
60,35.09285942673163
69,34.57350463519231
43,35.14484054131871
68,34.31379169787054
0,36.39792292879526
43,31.86442052052074
67,33.39045351323853
63,30.630720282137247
36,33.79534575338797
34,31.79488929997323
42,35.246430030748
58,35.99056802307734
21,29.21374895722784
0,32.139942515785805
33,31.744780552452692
25,30.417187438935613
37,35.02533315035071
42,35.7814753923884
5,30.50776513928366
43,28.424966649228722
0,36.528995643403064
66,31.230392477440265
60,34.00913652287215
22,29.382714504280532
57,33.414286628012114
55,38.560829228453315
0,30.620177178581883
56,36.75887998548409
48,34.21274128600009
26,36.8176266061206
19,32.05221154956139
11,33.57791471891208
50,37.14241675574664
57,35.726137285071296
34,32.13969821935467
0,35.2715249836795
82,33.19261552213752
68,35.60625523554199
62,34.06025427766985
62,33.543587237034494
1,31.988560780508386
21,31.082917675809334
49,33.30212046932484
48,34.37192204869983
0,32.937315946273706
41,38.559561117927736
65,33.13130837026443
45,37.67318032264825
0,32.12626232719536
54,33.06189701322086
30,34.71224172067029
39,32.587077536530906
24,21.424126128029492
53,29.722388330630448
49,30.585789845512068
60,27.732279309594652
27,31.304830670289896
4,36.725288893845516
0,28.76364522542014
23,35.38698829825877
15,30.87716332959429
28,33.903105105567796
37,35.90560863737328
74,32.66042836392391
23,37.46497508328806
0,26.474999369790478
20,25.70882858751203
35,36.64602266314075
25,33.09414745542991
46,36.4273780020317
53,36.796801464759156
45,32.618702878684516
50,36.186623670402476
18,34.566969919436836
38,31.968019717948696
40,36.248774850424375
26,36.05776514226888
20,31.921631829543525
22,37.078991354273505
85,36.49873193385656
41,31.75044930702788
65,34.84491595550073
45,32.55204581856588
56,35.378028273282524
0,29.852838792042252
42,36.59062061505599
0,35.223480200910494
43,32.969424094844484
38,27.54843666113758
0,32.19486817095551
27,33.33263846621547
4,28.228853002730553
55,33.50037336665684
36,29.573688637003023
60,32.100591459800306
63,37.84188841720679
13,31.205564765477977
39,33.869134539391084
54,32.85012627363458
44,34.09199973521919
49,35.74745771766293
1,31.722389277667602
23,33.483419369234134
55,32.10105643982502
0,32.88011536703003
0,33.804352340267556
20,35.63742855225975
36,34.086111436836276
66,39.78896499884897
46,32.73758116196789
66,30.49673182223379
0,30.346918965376926
33,33.67060770916777
29,34.34705813393905
23,34.84841766144125
0,31.58987038977954
24,35.10170384615074
44,34.45224843096953
66,37.632672106911045
32,25.885742237219446
56,31.914085287411407
52,28.56551316971826
3,35.12560390621075
49,35.16497953706618
70,33.21769560996106
65,24.621314775388335
53,33.90174114012615
53,32.17625516984695
47,30.124021225813557
22,31.075841297469076
56,37.96531333834111
33,30.12134068163313
0,34.00916956015516
58,37.22907036543478
20,33.77984661448033
45,35.695139077583164
43,36.62092540660049
44,34.23000998699966
12,30.79158569609408
35,37.784523740983786
24,33.80624550412326
27,36.163672921118895
23,25.48644761728181
56,34.9458320718997
78,37.12527127740629
0,35.11557308385577
43,29.244455542858972
44,31.996640528335206
0,29.47521938956951
4,37.286405706879684
66,39.18067390533611
48,25.307891602554804
50,37.13512010567771
45,25.77830181457158
19,30.457748367092794
54,31.742572993031224
21,36.477030104117276
40,30.51387819321212
48,30.329411296152262
1,36.136706948871044
18,34.22503518252235
0,29.453182536018844
40,29.067148534561355
0,33.379838644017426
23,31.386120865654934
33,32.44269520114602
2,36.140691465725844
19,29.65174968437252
19,29.28936046492722
34,34.8148357510195
68,34.270044860518105
66,35.71174403168733
31,32.44366654003262
0,28.667690197430925
8,30.828309125624397
16,33.96184147437386
12,28.127681987679047
79,34.58641977523011
36,36.259280562536745
0,37.3356180201246
24,33.302908341845445
1,35.20497248673418
38,25.80186200035861
38,30.778438989720758
39,31.68779093223343
36,35.512259002154615
0,39.61793784465522
68,38.7270730997709
1,34.43758405052073
49,31.355061986688707
67,36.55386621398878
39,32.65694359887392
48,37.547795950678186
45,34.54641169692127
40,33.202064878267656
0,32.937315946273706
44,37.49240133656747
71,35.779347001936046
58,34.2300723154697
22,33.372427752550365
0,37.64809013552882
0,33.79018074871212
71,38.166573732196795
6,35.75548712416545
60,29.505922643187787
21,34.27748482227386
68,31.64438347356827
31,36.249664205800826
68,34.000475770269894
23,30.082896662912013
21,34.84013483232726
42,32.88216376189899
65,33.34806809593163
39,35.91000635957645
53,40.03114362257523
47,39.87737527507655
0,35.76620139317991
37,36.26961186700639
40,32.623363613605555
29,32.14454414759448
14,33.820633358709564
47,35.78985447904299
78,34.76869299134905
71,36.411756765476404
13,35.84966492681599
33,31.090365382017666
59,31.479337303768204
63,31.293108757740562
0,32.7859324542137
28,34.119170962641924
40,33.2512360779934
62,33.72315914969165
69,41.258510050758765
54,35.61739337494411
28,38.216738336354496
39,34.88488081207593
24,30.3112985260653
20,31.455708643840293
90,37.703859586033246
19,35.56688278888741
0,36.16807368808915
57,33.65200821919935
46,35.5209039828913
0,37.27819772921084
55,35.55869759635295
17,26.621913975516872
50,35.42546343452227
5,31.75888249083266
26,23.221990845458052
54,33.52457542416954
56,35.92930283281661
0,29.285633810227313
45,36.57959629353447
16,33.216097227974025
59,32.89904474024673
5,29.212184913527857
18,32.377524136851804
0,33.213715832081014
25,34.2964434234229
41,35.49042448923877
61,33.11237314303429
44,31.524480987838317
41,29.959534991654785
0,37.40104057604432
47,34.71603822114396
62,34.80380921200551
68,32.28793567610173
25,35.24297928094672
8,29.97862108129105
23,32.86935953510976
12,30.485134624986035
45,30.026575229471568
63,37.264869765054655
44,32.52988110469628
52,28.176298760757998
27,30.756422613209654
35,37.22178380388211
5,33.89492278786952
59,31.258464998610066
40,37.72427130344368
23,32.86351743443308
22,33.65917144110389
52,31.73417121239174
41,28.082337079883732
26,36.2847910720021
42,29.147809883111773
40,26.997374153275697
30,37.536206907454016
29,32.101713748231624
21,32.67930478093829
29,29.730492153179807
16,25.325269327180937
0,37.025093348036485
37,33.24135140945473
56,33.22797227860607
0,33.46628317196623
34,30.887690801606375
43,35.9355791915355
57,33.660899322175254
0,28.76364522542014
50,33.89426792738369
22,36.10288614960552
56,31.95219735427573
30,34.57571543482048
57,34.79740726497924
0,23.862796336539375
36,32.84426444111054
49,38.46724352079081
23,33.08858134330394
48,33.30082848907759
50,35.58846564129762
0,31.45493915759952
41,35.43231823865804
56,35.1112588495035
58,31.883546089694722
46,34.26006907603512
25,36.928361410111194
25,34.81674483097732
36,37.04539207639589
1,30.233865377681113
31,34.375391250436564
24,33.6681109564752
27,34.81383787620911
36,33.88462426488435
69,34.20405540352242
56,33.56572153055919
19,38.49229549706297
54,26.45971393232291
22,33.88513749348775
43,38.486045245373205
27,32.73344647491674
17,34.310632194186255
27,33.11838345671284
26,32.75144298095507
69,34.57350463519231
72,34.0746215574916
44,31.071935044584187
32,29.275811584059305
24,32.67766943933627
52,33.29933886674348
0,31.944091997596548
55,25.868783787202595
55,37.655109780281265
23,23.193934699589107
58,35.591075487864494
67,38.037912590241454
38,30.365940268936026
19,37.39138437377403
43,32.34488564720859
64,36.24368455506624
21,30.24581606775098
23,31.647786754755867
38,34.155067487986955
16,32.33149155232691
39,35.095377066750906
40,33.317937391485295
37,35.10517970601517
28,31.18029539823999
54,28.80185222235839
69,32.39499875627495
60,34.74514272905405
58,35.32310055970382
1,34.143207881522535
0,28.76364522542014
25,29.34359330715745
44,31.33557686751711
28,25.70949950386761
12,35.302311207798944
53,39.712799503359776
20,36.17673679105088
12,31.236771535713107
72,35.21726130330486
62,26.198147962016574
0,35.02843641255793
0,35.110677751067676
38,30.599579861602916
0,37.2500304500969
53,34.04736702121868
59,32.326618752234765
42,32.04574582092824
22,22.930044237641752
58,34.20785506098886
31,29.53290065914192
21,30.676769400806602
26,32.725631179739494
31,27.930673971981424
36,30.299162472944126
60,37.998675811224565
41,35.24090387776711
24,32.36161053011235
0,31.082887042793416
35,34.48710427380507
43,38.24977693597259
71,40.19717404563065
0,31.598110392116862
50,36.14649862998183
40,37.01831169268109
44,38.01690984037942
0,33.702419783991814
12,38.80903441007463
42,30.610554221930453
27,24.23967846251772
34,30.811105261305883
54,33.73955664583734
38,31.346104236284894
23,28.269808569181567
29,32.71770735369816
49,33.198611496811196
51,38.53535221920334
69,34.74416411404268
0,37.731220847349036
0,34.625396195770925
83,38.99787349102611
0,31.13143535382625
42,27.181609812827226
0,34.11806934408198
1,32.0729079539966
1,33.394638833430506
53,34.73033715301723
0,35.40112671809372
44,32.90773758599424
82,33.897293024380346
78,31.497534808608858
35,36.98997504325827
19,33.21798583473817
45,35.60712238761324
52,38.85882696921795
46,38.27790592817946
74,38.73362451186091
25,35.70699763252235
34,31.209756810907436
14,33.99280135798492
13,24.96363098268413
28,34.9025974376706
52,35.62470960999226
0,30.5312793867687
0,24.028899932799696
50,34.71673269566979
9,35.35681546895493
36,29.65360027790402
73,34.75901034290388
0,35.377388502932625
23,33.35599876222854
4,35.01467263805181
0,31.20094970690537
37,24.93384851866118
0,35.11557308385577
13,28.853951115542355
19,35.36434350866704
23,25.673922236965875
48,29.46819679373351
62,35.91488721739787
49,31.35404787912014
22,26.24159719418808
12,29.115989743022652
23,36.62910189711786
66,35.97099902034809
38,38.88555255368627
19,35.71821124039519
45,35.68520469678849
51,29.80384971964815
41,31.361171086570852
39,35.86043116509003
0,34.33537681759315
51,39.8794216271055
43,31.29465537521139
19,36.55768224742544
62,32.47691329007749
37,39.074970301858755
0,35.70021072789026
56,35.08678715047815
58,33.342413105482855
57,30.11333045180988
64,29.77283588855009
56,34.21426871104866
53,28.797706066153232
11,32.88106887708734
73,34.79236288624958
10,28.773238205873795
40,32.03126249107876
45,34.18080785589709
21,34.759847467204985
31,33.716792154391094
40,24.207617875943676
48,27.87662611941168
55,36.095878059877975
1,37.489544728523214
10,31.412425562433775
38,38.899863730218144
23,35.532276935039235
69,35.404385561215676
30,34.832950189033916
0,32.55217901409786
43,33.41400123139869
42,37.26757895122041
35,34.857346662264874
56,32.06084447069073
18,32.72019345854758
41,33.39319527904721
17,26.005381032526877
0,36.75787232977396
60,38.280636770636306
19,26.44579676557977
0,32.12626232719536
1,34.891247225104074
28,29.006674098313574
0,27.225961129645437
34,28.465912341745977
25,30.730288720584348
60,35.43048219194774
0,32.306442333563965
38,32.386041305246046
23,38.54079799030526
74,34.59166230200312
0,38.42054042419915
43,29.19261682141512
46,31.573636290923357
49,38.03144103887617
0,33.449077360869076
53,30.570741307892003
50,28.80853088839305
39,34.77751194781284
1,35.92863048278164
0,33.79130682751356
49,37.463184694901464
51,37.06182358155626
0,34.63768969318372
0,31.536304332316416
29,32.30266739559941
45,33.77722513609663
1,34.630677334418
38,33.28751707337599
18,35.4455287276226
21,36.73813888425047
38,30.98292645462151
0,32.587782925966685
0,30.657779798580396
65,34.21163779065767
49,31.75025873304279
61,38.498521878287775
20,28.71649337074266
34,34.76021502270749
25,35.148297103486655
57,34.31952702923037
67,36.55386621398878
0,26.87772614444043
17,32.474572968968495
34,35.55738278559166
45,36.1880806167645
26,30.939733974330327
0,33.81533890308747
0,38.0592246101704
32,32.83861541279747
60,26.720606730361844
55,34.80607947004494
0,28.176114884580713
41,32.51731255986276
19,32.03352260484222
17,30.72328839718658
29,31.263445982288935
24,34.78946943160847
5,26.262247072034217
57,33.04080367746839
20,30.81055305443903
26,34.368401257850465
47,30.51420072726353
68,35.75098653802417
25,33.18720914566089
53,35.05165487359966
43,30.645790812576774
56,36.22162713520747
12,30.311660984179294
20,29.71231762868425
2,31.58987038977954
74,38.090944721677474
85,38.86394782349976
52,38.117886304033384
19,35.271044400282875
28,29.297833520868984
5,40.16162451417215
20,28.024387402587408
24,34.93591537595016
1,37.315751569278696
23,31.163945075718686
17,33.36828366500855
47,38.843274016807875
35,33.16384016588199
36,32.796748549235744
0,35.910800750244576
43,34.239951762036966
20,35.69062825999988
35,32.8600502131559
35,31.787759784375105
55,37.55848193389527
36,37.21402600099242
72,36.1545575140626
43,32.946745554843645
18,35.60054740827417
4,33.21007041825015
29,36.571141549481595
33,29.60803275815142
13,28.572995905100722
1,35.86713181919567
19,24.56823022572216
39,34.10225811765027
45,36.06683763451311
41,32.51896210087517
61,34.59972355620409
70,35.86662791919933
54,35.30373094163452
20,33.19948714205438
39,37.224184145261106
63,33.68490319314496
24,32.133236951030995
56,32.63903151512306
39,34.37981635546932
24,34.50928585412658
45,31.426554962326502
72,33.75701618438883
27,39.36230837039123
62,36.47595418307664
39,34.399230931274175
62,35.58747348440699
66,38.2905174581872
3,31.12897332021469
22,33.575302109350424
38,37.11118690088423
31,32.11317692126155
19,33.543157184284205
29,31.824744247264505
33,30.160636463934054
26,31.269898299761586
32,36.92461647847849
79,38.39499247300306
52,27.93769879513038
26,32.8145959016082
0,34.03393351059564
38,31.804151662517636
36,31.38906259273373
48,34.66541651946187
0,30.41323712892181
21,34.91243260098348
1,35.686907855891576
52,27.27151085383582
76,33.57656753972248
11,28.86168579374553
0,36.04989305954078
4,38.297810444560014
40,32.21238473793031
40,29.067148534561355
0,30.72843836559015
89,33.31466162029116
70,35.90518527579495
32,27.604631813868004
30,27.23983753615345
0,37.87649809704543
58,38.26285359870313
63,35.745907583889
45,34.55548749484196
17,31.643908903830095
28,30.779635219190077
41,31.350982470566585
20,22.461390550178574
21,33.534798419883025
13,34.32112543939057
28,24.825677841374834
34,36.74697581760165
19,33.64950755488886
24,34.41765258313793
60,26.178786206040993
26,31.391975814199494
58,37.50767995960244
0,30.080993068398058
1,36.4435392705459
36,33.5770665655651
28,27.023879600320438
31,30.858863433035722
39,36.38931675209324
0,34.65682136452218
18,36.02299910870138
46,39.949897862329664
21,35.847635530885896
0,37.46617156859904
0,24.23900404454635
43,35.986980008850026
12,32.00036785288217
50,30.89710299300812
0,30.800854333387345
48,33.301914165392716
56,28.347359204733987
48,36.377189451862534
39,32.115296715649805
59,35.448017774279066
28,31.496129676189494
37,35.19493871792046
4,29.733102288699605
65,33.612078723158035
38,33.46001140031787
40,35.405915325975904
1,30.060915177388132
0,36.25964375163521
82,36.57550674971914
51,36.89593689157578
53,36.05870320020043
54,40.221621408580646
7,31.032381115921396
31,37.86156106696935
55,26.999972466564415
10,36.47188828477124
1,25.977054258006433
51,32.883536742594536
56,32.10176142640796
22,30.792263658328856
13,35.43670886663598
41,34.65962985490967
21,34.17351627844283
58,36.35421302587049
49,35.0232867085888
0,36.04601845212979
46,36.34299468465787
0,33.13116833101314
22,29.124055169881146
61,35.25083881002029
0,34.287869053124325
47,30.07884141012246
39,36.12913246113802
57,35.52202624655598
43,30.44822187508241
22,25.24332226567367
40,31.46321738798974
18,30.008807805481467
25,35.1629767513021
34,31.222652457014686
60,27.855947449958318
67,35.01634572501643
37,33.2132650737785
15,33.450427767958104
48,30.731438906199372
58,29.424199284138147
48,34.729759449600834
39,30.475325606889168
0,37.84229196329651
56,30.54816635087797
10,35.86825191078272
3,31.64807711867028
1,32.50211052756304
0,32.537555313360805
38,29.68485156426859
57,35.46440782579785
24,32.76644348079185
0,30.623709781035224
0,35.67890889770988
23,34.647223197290934
17,35.001854535933695
19,32.36945904906313
0,31.45773010708921
49,29.078859811382614
47,32.4719667055814
17,28.730114840535403
16,25.643772906568426
0,31.02830890828409
0,31.02830890828409
64,37.015689016309075
0,32.33881736189464
58,32.871293300468146
52,36.13743526231567
44,38.398778446913646
39,31.36030173664371
64,35.281731013582124
18,26.150246778758717
0,36.651726928625386
42,31.59364206758832
0,31.4830443081603
50,36.22275089765818
76,34.195900865932096
66,36.60649703975772
0,35.05746983417208
67,33.89266731914328
51,35.60015104440009
22,26.547430923189474
0,26.067422117811578
32,37.08662268200649
13,30.41626337331379
27,26.628451253839422
33,22.910986763293728
21,23.12558864090445
0,36.74252386554478
29,33.128520114372186
51,29.732014449218124
45,33.83260526002468
32,31.977647075176307
0,34.215745908147426
54,28.0530295058494
50,32.3704876004321
39,28.309921319096887
67,31.63385822978628
26,31.057961740056648
26,33.509977473329975
0,35.699336339881185
37,33.93130539097183
57,32.714106876500686
52,31.571551251677143
43,33.79067277948255
28,33.07414887790104
10,41.040134870298395
0,33.79018074871212
44,33.01450827324255
16,30.220280351739056
51,35.91725288833086
30,34.1491141147501
29,33.679950671373035
76,37.2690159430016
0,38.75652312438178
20,34.49238239649421
26,34.587205290153825
0,26.766425156688648
12,25.201530734421574
42,35.6323164597172
21,33.945478788013496
20,34.25108349369801
4,36.39095048649006
48,32.01084680836248
16,34.40308541645893
22,35.71506752795714
0,38.297810444560014
37,31.869169547296064
19,27.92114630715828
44,33.42995685271403
44,27.397761179047265
56,33.61518589384024
9,29.24003701014559
43,31.660381192357306
33,33.73740189545435
21,33.45906881754531
72,38.61664157076964
63,36.7794921898549
39,33.71153536858075
25,28.592685455666086
37,38.0895526980365
0,33.79018074871212
19,34.062639271069735
0,25.64068285552856
35,31.300793401620616
24,24.82066927873216
39,33.06019191579613
81,33.34884073507238
46,34.897792973577744
0,25.645808609898246
68,33.17564672333162
12,31.03400149077579
50,35.27452315194494
41,35.30925614359988
62,33.5240443352868
0,30.829684871038502
0,31.858430528571475
10,32.0406250681037
47,34.645341998932764
8,24.528513277871014
0,32.01634410645994
2,33.77994344744526
0,32.12735901551425
42,38.029221815369596
45,35.2816981435105
54,34.04271413133255
25,35.275987960749134
26,37.09111105615311
23,32.939513444602866
18,35.240939698657094
55,37.963672877888975
24,32.832796142739205
60,35.67806185084609
0,36.0121264526226
48,34.18769639873057
38,36.420276474718634
21,28.032821580581036
38,35.29419635952232
0,38.54391894183742
33,30.38808841015613
25,28.79400342375899
59,33.48914824981685
41,33.77254117729607
46,37.908856169205734
19,27.579166269039767
60,28.12837760742741
36,31.37168559573444
48,35.59906158689424
55,36.807556476013666
9,25.623779208334998
50,36.192647039694634
56,36.11251470437077
30,34.79159807666182
0,28.35590378983453
21,33.33940591752776
61,36.336080587427965
47,35.32498858654266
51,32.342827499443466
24,30.667628999576223
0,35.536625660536025
12,33.12628083685427
17,28.75921780355246
45,35.13940999331151
43,34.48165858334779
12,25.067875063463795
48,31.576729872277685
44,38.26855394742634
61,35.838441758054984
59,35.07873991546285
58,29.089015946328153
51,37.03470676621473
11,33.41843772628382
11,30.443511276509142
35,34.12964637530433
0,33.796036591958234
43,33.59197421495356
55,36.731631781762175
34,32.49017247705865
0,35.25663865982909
51,35.3599906806112
30,34.45670367594944
7,31.950055020229254
48,32.77567214273313
40,37.258041612370604
55,28.833165137995334
24,33.4027627747703
43,33.42719326133908
0,33.23926677231838
53,37.55489182306627
37,32.69174377437563
44,39.294212417073105
34,33.944461955334994
62,37.46016307887368
0,34.991540795411105
47,31.665446503502682
0,31.115540471498164
57,33.447287247213865
21,31.568079281805538
1,33.98894780777298
45,35.83309932164097
41,32.344323704391506
37,32.38496185976662
58,34.33407562175615
66,36.70502870400335
23,24.326343925980968
55,33.06372331789671
26,27.44975113592785
24,34.14196061904285
44,34.654012591653306
39,32.40901026963062
72,32.49687120456151
1,32.143985031899106
23,36.00902643935075
12,35.332707574071726
47,31.932473570892093
33,37.384301989787915
20,31.57114229196546
56,34.165745907023044
59,34.106078300641684
10,32.773820344061264
0,32.920918996317695
0,37.87649809704543
0,38.90999973518443
46,32.752738399757675
16,33.61819858916159
31,30.917754018091653
73,36.19801522216471
51,34.689497391244615
31,31.07407298590884
0,28.5819715339787
5,31.069706879788352
60,36.00688999066101
7,27.388430801572206
0,30.657779798580396
41,37.21042940048772
21,26.106485997320107
0,29.97688585673527
43,24.1161377067574
36,32.527397248888335
57,31.065180352902953
21,33.17065205031812
66,36.70918498358601
27,33.398673755088986
37,31.37709678203254
0,35.61991863879811
44,36.34374984473102
15,28.207533829017347
21,32.88600967119498
51,33.25337886518968
41,30.74821271040912
56,34.80071299765013
65,30.08096301794739
55,35.060723576977985
65,39.87327443451758
40,34.10051013791848
46,35.24009718827363
11,31.955482245240574
0,31.56744812652764
58,30.501338971701472
63,31.90091506614577
1,31.184144014388735
20,25.824149022948177
0,35.99333546971599
77,33.203912537097494
31,33.117651995043644
69,36.742879155753464
54,34.874527226516676
24,35.80141261717175
30,28.830729704658737
56,37.81741054530971
0,35.886781497867105
20,34.48971696287966
21,30.297128155794915
43,29.213787069093264
40,32.743574160569615
3,33.88726498134858
16,32.472411091180774
58,35.452280420920715
35,37.19144605660059
70,34.73040841217648
26,39.48738263589996
1,37.147968258142896
0,34.411371093984584
61,33.20935544471907
10,29.862239836231513
54,25.820196326732646
87,36.82773310648392
29,32.03974691545602
33,36.98058850732553
48,30.423605916463842
16,33.45127916002444
28,32.17160240783325
0,32.69298958264176
13,35.392225866347154
0,34.49911754645817
46,31.08973205216574
49,35.19568324098328
39,29.779710108571603
0,33.7225161333481
17,30.079052357514524
51,30.6277882807731
33,24.478088277091658
15,32.172222326393616
44,29.706383285507787
25,24.940717016314316
0,27.692505708947053
7,32.237846193218985
59,30.85909711309889
16,29.741610680282395
56,38.85960724535625
55,38.32773798783579
40,26.088908549106588
84,28.337272577205248
34,32.5293725887378
62,32.51127291286783
80,34.04111179411472
44,29.22458130440024
47,33.81454434318544
17,30.791525413033337
14,28.867916575482806
28,35.81026249644676
23,29.72065676649391
47,26.887975635066113
0,33.394638833430506
22,29.390631389507746
56,35.64441159754836
1,35.55050950285859
37,38.308870064542496
21,27.864238212568196
53,32.08400682508423
47,40.244794953711654
20,34.666016124564074
22,34.02736868252087
83,32.02977960790042
20,28.95906320723198
29,24.580605131439395
24,32.351260676122926
31,37.86043042235145
80,33.32140043939982
12,26.000882138800296
26,28.18927691066023
0,33.4225280751305
13,28.592659988611423
26,36.03965053823567
23,36.0907365861416
46,37.569926741414434
53,36.22997080099212
28,35.49981710636292
0,35.47390134950301
28,34.55721053263112
22,37.71972828745096
47,29.43952427041097
26,25.76177942092228
20,30.95366059617697
47,37.58274884949472
36,31.31287028455762
74,37.855843374517484
0,34.209205623787796
22,21.61134476584251
0,36.74864299584128
20,30.425620211679902
58,30.477155118607726
56,36.34916329552945
21,28.128685175630075
23,36.479847619962584
43,31.133638562968798
62,37.975992716864724
61,36.333897658721135
4,37.11635221531073
31,31.633033481746835
66,31.312731502794627
3,33.76679925522334
70,34.12942445029949
1,34.226994547783875
0,34.33253826202747
63,28.13150194654429
50,38.322339992896325
36,33.002008166134495
36,25.508567434579543
12,32.89263270577135
23,36.53495770932723
68,29.961336368207515
63,33.07184167377479
62,36.40291009653503
32,30.058586364863753
22,32.69473609835641
17,27.802321483667477
19,35.37593058250412
11,26.748074451002083
0,31.653791852460184
26,39.228498813546345
59,34.79028659230363
23,31.7312272118079
67,33.76811522990782
66,31.139396404014352
20,35.53179126655874
51,29.04049668201458
5,34.175071367102085
68,33.124096059171045
14,31.989572300139574
21,37.10380794397107
54,32.22528593976285
51,25.672441294690824
46,37.40908241941812
8,29.756416898323995
0,26.452583142283714
32,33.58048535967532
57,34.25728840733359
1,37.09242956052828
15,32.68737032577513
41,35.86518160617889
35,33.82919969035764
37,35.10230849319777
20,25.703950254277594
0,35.73966904855708
22,24.297080831536068
40,36.69295891721035
39,37.224142192486134
0,32.595286697149845
21,34.37703365958226
45,31.88007354572909
43,32.90955854741768
31,30.778450505154012
12,35.618676253302056
68,33.59771143135941
0,35.53279878162272
0,33.33074205653963
62,32.36232614267379
62,27.371336580762193
50,28.061708955707907
75,38.1708137508147
19,35.96079379048691
0,37.281852452615524
57,33.40299684284518
32,33.445818869696204
31,39.930009807591574
22,34.42803703098286
17,28.3793118607571
31,29.994192806187602
0,28.05363288839558
33,34.04879618331765
61,37.27845060736897
20,30.488489155557602
65,33.104514129957174
8,34.082060348755405
27,34.13362588330835
16,31.71587365445778
45,34.6306512419126
1,32.63712120748185
38,34.356313836802286
0,35.441785316051174
33,33.17121885161827
49,33.725048692726226
19,35.90941035043142
39,33.089686526989134
32,34.94125902377482
22,31.944490947938426
55,34.69976395411336
25,32.99823553111654
51,32.637973185878494
55,39.73750991763581
22,27.955968197151172
23,32.62284400135233
22,21.854353421305508
48,32.11004394956933
22,36.240914431501466
24,36.38219195421978
43,27.24073383879965
0,36.30470761216575
47,33.54880754989106
17,30.812828757262533
44,32.914401780677885
37,34.51832316682202
43,32.00838631120355
0,35.67490277961841
53,28.38307876919502
3,40.41393172798349
0,35.37375128462568
9,26.29876147463739
0,39.61793784465522
46,34.87187815351621
41,32.505535325111495
58,33.26709133450718
75,29.89721187648573
0,34.28355503041911
46,34.571631251865725
31,36.19227853999697
67,32.62222986433308
8,38.419562021402456
19,33.68069455623176
56,35.16752619104048
48,31.903184285510804
25,31.47487171106326
40,35.82142017344748
0,36.70354734706888
1,35.016310407753515
52,33.81528786668247
0,37.15996307113834
33,31.764773563824352
31,32.877783254509616
31,34.74957489118904
49,35.554747607564686
66,34.47585412989801
75,36.5632285012805
35,32.01713183210749
0,33.656680867746914
52,38.12524422907089
7,30.087168576066137
43,29.24862293651169
22,28.057949588875488
53,35.44165992577867
0,35.53975603767964
37,34.3482373972124
1,32.18009859037963
55,26.98022275214454
27,32.50567936300702
20,27.388698703764096
5,25.282299205800257
38,36.848859174848805
64,29.33471118969012
0,34.60447751783122
2,28.778538584184616
35,34.32708928695666
63,34.24385286106897
21,20.596212734970415
19,35.03856139851789
40,34.99275741559191
0,33.396424281091704
55,35.6203671631413
57,28.415760615586265
33,30.144574629897466
2,26.393931544784934
44,30.348048870243332
0,35.675641966882445
25,33.53294897901104
33,29.96034702506136
24,29.427628768542547
67,33.33829371382622
33,33.374796358694034
38,32.238838902501115
25,32.73416146439147
0,34.977524124895645
48,34.67501905631728
39,33.85499638095842
27,38.04961464133288
51,38.27173054720719
79,36.52203541009052
33,26.152942813423405
1,32.87639515825644
0,30.159837560674056
57,36.324549297324396
29,34.603609282870764
35,32.609626715406705
0,32.218281361369044
41,35.91524814129924
62,37.49853204843999
50,34.48343112667874
44,35.714098454013644
40,31.24784449247791
21,34.48112220075592
38,32.39757675312363
25,32.98610973671361
32,33.70502557051772
36,27.47555712864149
66,32.31021942603679
23,30.738840756755685
47,34.740168517591286
44,38.57065550861787
20,25.88971249741428
0,25.07909751284228
11,34.57690131771232
71,33.68072402261799
24,31.303328152522806
77,33.144217818451935
57,32.855531986588346
20,36.705947451319624
45,36.76016452833197
45,38.39763878065814
33,33.314901008610896
0,28.573021095190068
45,37.08641944658603
28,28.517889960624675
71,33.37598366516678
23,33.99097701909716
43,31.832501139738678
0,34.85038927124762
81,34.21831761136092
80,34.105500750798676
37,31.807169028643568
9,28.509793887986614
19,29.100955022132737
54,36.794337998741
25,36.5194570453367
21,36.31308567767991
43,31.349956625321365
26,35.07214738545135
53,34.389467652098894
29,31.390109085311792
39,33.22815611651319
58,38.143253447076646
36,37.13510407361098
24,23.284672525357784
51,34.02700331209456
55,35.834268740807865
43,35.969502367850055
25,39.34721015190688
20,33.78673967163242
33,33.09524226467226
20,38.60487403999473
0,34.87312581435403
34,32.43567830971523
28,33.22688540391045
17,37.4575706834217
80,31.089022067415584
2,34.977524124895645
0,23.8095942103704
35,32.13041178429699
5,31.761334153418456
17,33.004562131088925
48,26.531114239735352
20,26.416510996242636
0,37.729023406577596
64,33.40680984803276
18,37.252540308781654
19,31.43825655313763
50,36.21344624821465
9,30.052872217115624
46,32.20224553902296
71,29.231522212768393
56,32.43370644967475
26,35.264063696619516
0,33.15676528579696
26,34.41650350890972
24,32.68754032962676
58,37.872087422872745
1,38.231388002326526
22,33.854744765765595
54,30.782438251512094
21,32.531736959320845
53,30.227335194129136
55,37.901239733391165
42,31.57353057841565
48,37.99686220432616
31,29.843608624128557
13,41.57704871493496
56,35.09780730148837
52,38.218875736334844
37,33.95989424319915
41,33.72370813156895
58,33.59618378921752
52,35.44299774811558
0,36.3544048025075
53,36.053640745672396
51,37.63615342800792
47,41.85412460150497
12,34.45026863064752
50,36.07872815023172
66,33.15586209493883
0,35.025884951399014
18,35.26056662121899
20,32.40804170866978
62,30.21049128659832
15,31.047448181579444
60,38.42819819210879
60,36.2626880237493
47,32.00313923587474
46,36.46263898256797
25,31.19333354923256
21,25.723843082975144
0,33.880437749141
27,28.885721695685078
0,26.99570342077609
19,32.935829230905256
34,36.81474333670949
21,25.67065882987901
26,33.86270416156419
24,35.59566858788259
54,32.532374793169986
22,32.090904735576046
21,35.56726061462239
47,33.73380339922484
37,33.3142262346012
21,29.554790573902114
43,31.661498906874957
0,33.516729849955695
40,38.17097474158358
46,32.82356448470873
0,34.3478066181887
39,31.625751308540902
32,33.61541618206489
12,36.34177089817422
44,33.59033209861677
20,38.06748649631053
0,35.42071387905307
29,33.772867520506644
2,32.71716328748976
60,35.68919597798241
26,35.18131842177457
0,37.95888579926871
40,35.39273196097566
48,32.88457687650875
58,26.48019627792039
18,30.922214930825625
37,30.253324514558678
27,36.026200518773635
35,33.11176770002505
49,36.84511324546632
37,39.137556395402
64,32.45815083856465
26,33.04345353466339
44,37.480831910189025
27,34.96106732031886
56,37.95688938995181
22,30.239219171706083
45,37.507616452760395
26,34.10235917995133
37,34.15045280573247
34,32.434660379657736
47,35.47152495939521
0,38.018985063193725
68,35.51512914242557
63,33.68977287041773
19,29.06774766770445
36,27.443824086876745
51,36.58340287832293
45,34.97212981424576
55,35.882594253702585
0,37.95888579926871
34,23.87436429197531
23,32.60500198776075
21,23.76446365751635
63,35.83970137975242
0,35.65731776424175
9,32.308864299990844
60,35.21096534553974
21,30.06617221636606
1,29.45213354531664
45,37.15806904604494
0,28.76364522542014
0,35.50141699607055
53,36.80552775054222
42,31.49650332992745
55,35.612279565543204
0,36.2738136996833
38,36.01336805607831
39,32.94045500884119
56,31.268356222855463
40,25.729723381105906
26,31.756264392999295
0,35.751747819033966
0,34.80237678126114
39,33.502176625524086
8,32.931990990297535
54,35.397904130852474
0,36.157108281897344
40,32.08008970263199
24,24.467689771995836
42,31.627243380051663
45,28.075984142334875
46,34.89395768301466
0,34.710078268995844
52,31.653798518310545
69,33.81627167046591
57,35.00645121593418
21,24.733965179971037
0,32.309008200701896
62,30.889753489202818
45,35.08198852400966
10,31.38155676933719
9,29.30786029865021
4,34.14951370898795
22,34.342071845048444
50,35.65065013670162
60,36.99155662671515
28,39.50887748426373
57,30.79223955965094
73,39.19374658340456
35,36.16776874232683
0,37.27819772921084
80,35.05692371847234
56,34.32076094256982
32,31.78374004534425
39,31.575440738361475
40,20.806391908043523
0,32.10363876906563
3,36.04666830485804
71,31.052771520625146
30,33.62258678502199
30,30.724180822129878
32,33.0558126586024
0,28.178476317450624
81,33.20767895309632
24,22.610588366929385
25,35.88518380591926
43,35.604060557818244
17,34.46413529314769
50,32.947025461177624
33,27.47944608684419
32,31.968974011776893
41,33.96935582706999
79,34.37585187943636
30,35.20069038172062
31,39.631615615338866
42,34.94097506230976
54,29.77917348213159
34,34.04729117183979
52,34.11363438677992
36,34.817376610371426
40,33.78621578967405
31,30.786404944598292
39,38.10660163438369
35,33.393302392150346
24,34.00009825414794
47,27.892592180855885
60,30.44118002021076
51,30.949270933842435
67,40.38087368784037
17,28.04694554005731
24,23.764523401061894
0,31.49581427859631
34,31.709618738437854
0,31.956010408105893
44,33.392922746339956
0,34.54786336260396
22,30.245885085324133
57,34.06295234204815
19,29.581297005868624
15,26.39180591006528
44,34.327454978333144
0,32.69530301341604
56,34.13392971201851
36,35.68131685316114
11,36.142836239259225
51,36.28586713380746
1,38.809366101227596
34,33.08397360124962
63,35.289952983828265
59,27.14695738265085
46,34.55176535509963
23,35.601277081741
47,35.887674278619144
42,33.350682198143495
33,32.95239320435084
34,34.869037117611434
40,27.883353162511334
50,34.7276371980331
41,35.68259651976545
59,27.676596059768176
37,32.04883953276156
0,34.61458196517947
0,34.262237535437684
45,37.81881894248128
0,25.297945570772477
70,34.85788209884956
55,36.000512438473194
21,32.6473776846466
10,29.47012853817366
37,32.07411061809655
0,33.1660711694536
48,34.44245515392379
0,33.77766442997062
0,34.01069989241357
0,31.49581427859631
68,35.569976935278284
11,24.418611246743687
25,35.023138844654845
67,33.48697843397346
54,36.374217647007065
19,25.000916075093116
65,26.931800796106874
44,31.486094256965846
60,32.03864572726487
39,32.37372764749678
21,29.601496610036094
0,37.12502515742844
20,32.47922114764077
0,31.56744812652764
8,33.06886535224214
32,25.577224827817243
26,33.70683304984089
1,33.32851518795965
13,28.202686269788956
5,36.38694697421698
0,37.46593557692924
24,32.551719074260774
56,32.97185800947448
22,25.64604967629672
27,34.949532360279974
59,36.002099053206564
50,37.00472714581059
54,27.366189017129237
19,35.19354744942531
72,33.45835697781576
10,33.01605494025687
25,31.243908779290418
45,34.48355832070548
27,33.03816217069683
55,34.948536245749295
0,31.57271253892656
42,31.414615964006288
29,34.58662431864741
29,32.21113465219228
59,31.90223738160538
75,32.720746039559515
63,32.34544020479022
17,31.272662839678
39,35.022526942621354
19,36.87954141585357
0,35.4144539018406
0,36.48497171050998
52,34.73307556039649
66,35.89321396223821
64,34.00462085033993
51,34.58632984266266
17,33.93932771897473
60,37.35555422730437
0,35.110677751067676
19,37.491540701315415
27,36.35037054094754
50,37.63832375550557
48,33.05582838920248
1,34.86269588081042
44,31.110392428746646
29,25.96175348635086
59,33.27200961184502
84,35.40141317750484
0,26.3845871312273
10,37.971679089340995
39,35.668488879640094
56,31.217488218805794
37,34.408233890593266
21,35.344769683858395
18,35.76185349703363
21,35.044147592433
0,30.52067451721952
45,37.08916641650482
0,37.230296139975664
55,28.106067704949623
0,32.2487180768034
16,34.2317174584317
35,30.59326980427008
21,31.558036764851426
0,32.2303649407415
0,30.52067451721952
80,35.29278963236533
47,33.96484261951089
0,33.15369378740494
48,34.41628736200013
51,33.10147234094746
32,34.75973434771916
22,31.960883675343435
2,37.3196066630766
66,31.27713428057803
3,36.76669997101682
50,34.99874473147023
44,39.7922106468862
66,35.18606056031
0,35.422411698683305
76,37.21446764676936
45,30.694818918186293
35,34.30346227040761
22,32.505871810923246
48,39.321739047455424
0,34.36025395525793
46,34.08054580273318
56,36.77951122522893
23,38.87963205092903
75,33.89839555053753
65,32.586745352577346
0,33.16772948353951
76,29.19221807457121
24,35.13232722923375
61,35.6780958013807
0,33.67836647282303
18,28.844758673645778
8,30.639603262218596
57,33.608395078651874
71,37.11941975749859
21,28.347284044703393
34,31.493313512912536
0,34.889799622616366
67,35.061713390649125
64,32.71382071298186
51,36.3211067921678
1,33.2883652324906
1,37.426402954311165
70,33.22757339254692
58,35.790884088915604
42,33.79855860483003
76,32.7619164058369
57,31.60802640345015
22,34.96854619656438
48,35.53001406833452
49,36.399158420357836
38,32.908680835097776
73,35.0343379570364
54,32.676595014346084
26,35.82932446024673
0,37.87649809704543
54,39.99230155235969
26,33.794263180012024
15,33.476483017945505
69,30.433437368730427
65,33.90500605046551
71,32.923421594337285
35,27.89130577363008
56,30.2468192865936
43,32.76149816838017
9,29.347934814348445
28,30.20037922827905
66,33.11586426825308
0,38.31789248014262
28,37.08274845666461
70,37.31416730242133
26,34.98632520348262
37,33.28826144627482
77,30.980472486468702
45,37.31738671218973
23,21.44329417226731
38,30.11706022864158
21,34.93909416017507
61,35.34168554381585
28,33.868055692001064
19,33.94830170824699
44,38.3360784860735
27,35.447258862216486
62,30.414243645503564
0,37.550565046475676
21,24.65019535349294
29,28.405935978792712
38,33.70586324123831
19,35.76063251976539
50,36.99403109862714
17,26.169889594521855
42,34.01820592645458
54,30.579654243047763
25,22.35168980906402
20,34.253190503553164
24,35.611155466421316
52,38.358592172941854
27,26.467529454102543
27,28.17139075639564
1,33.40335863609362
26,35.15676332997169
32,27.177457582143127
49,34.25492048060687
20,30.983916282307156
25,32.7737805133126
24,29.541115576779532
41,35.59471875121318
39,38.31456101934999
0,34.602517642986754
53,35.899936839329044
20,33.14697445219641
32,37.12656259135367
46,31.68959437228222
46,34.59105864319291
12,30.517428453747893
1,36.15219673923076
49,23.904289585740813
45,31.235942009017677
46,33.5321526598053
67,24.185510925409222
28,29.868687371415408
37,37.5215787182637
35,32.54722957336743
67,32.15114678457102
62,31.608093787750576
0,32.7064524746227
57,29.453279482486128
25,38.59219630911752
37,32.82173355188543
39,29.7161847381481
60,35.42035318367727
0,33.394638833430506
45,36.513622688328375
45,28.88863273813537
34,37.55601211557373
19,31.697395359647164
78,37.95669760318327
30,34.55772032389431
31,37.63582438982406
36,25.609423589699823
34,38.87073679084391
0,35.244423908475675
17,31.55632009982206
51,32.72531741425644
0,36.54575486661731
0,36.84578506942599
63,34.04067957658911
55,35.18552833850871
0,32.9395909663791
45,31.840562528497163
63,37.41739772591954
0,34.870467358642756
18,29.144614420873058
64,36.39622424206346
46,36.198439924020235
53,36.44749992496728
0,31.705830097368857
46,32.15257594873397
57,38.42361343452326
0,31.34489224108067
0,27.765724100784823
0,33.15934097510392
25,38.22629248275605
90,34.441944567509935
31,37.21526034640002
40,30.273162626442755
33,34.96991164179238
0,34.889799622616366
16,22.832616876594074
0,38.7024292041014
0,34.55208403006942
35,37.30597054807103
36,31.16161200113539
32,37.065353600576735
14,35.18456763236423
68,31.025711315465436
53,32.08400682508423
53,36.68823798108891
1,30.11310405134013
44,26.798975504822398
3,33.443118117701786
68,33.85281299845353
59,36.18711553675315
0,32.12735901551425
28,35.92127621998335
24,34.353052189217564
47,37.17897293058897
62,34.2087390260429
38,31.188243195963672
50,32.606461279131146
46,36.005175685209316
36,37.77455095716717
49,28.582903736519373
67,34.52209321432026
0,37.421338277254506
0,34.618432710365724
26,32.256339334567926
17,33.283649326477565
57,33.535144568147075
23,26.49472333578639
0,36.156908019126604
42,34.198219248293206
0,34.7799532937706
33,37.31935236895361
42,31.795872990861472
67,34.80328685230574
18,31.474254473514197
21,34.56950276099569
21,35.6832341345957
39,38.284188851740495
0,33.725015591612866
0,37.87043163750189
33,31.375762610475526
0,35.73966904855708
23,34.28834979919573
67,33.97423944024671
44,36.710055964431305
61,34.07093598986865
0,32.63712120748185
76,38.56111273318028
40,31.2638389860535
0,28.745297329138655
79,30.728190118230998
44,34.50940128770334
0,34.36333285160912
28,21.816039869462713
29,29.635882236808435
40,26.519688478834787
56,34.67715861821988
2,35.45586427370286
18,29.031049517724426
0,25.715820924877676
22,23.99299182861941
53,35.6664384260341
27,36.02525663097045
50,35.46549530138283
3,36.843434025388994
30,39.185287354379184
40,28.314967104750302
61,27.545148943993013
16,32.63175737680661
50,27.704012777372814
44,38.66761570214863
42,36.20175401092596
17,32.75496379664489
28,33.50183967891245
11,33.55336523011275
1,32.0729079539966
64,33.46549913117827
35,34.193853001789115
62,36.480570273656525
39,35.09085868502771
3,33.86356632426206
10,30.00769643404094
48,37.68029110115548
3,32.35900395414858
0,31.868657994124824
49,36.5748980436
0,34.40897073663562
27,31.042677511553087
40,35.781700065181894
51,32.299743342859834
0,36.70354734706888
67,36.53357370567202
21,31.084907806282114
11,31.83416508269218
27,26.027207601516846
48,28.357028199513802
30,36.61995209823131
33,29.655282364544572
29,30.929813373310665
43,34.95480548105861
29,37.08176006914253
22,33.7963382278647
63,36.859786474826684
48,33.20596251393056
29,30.88941811461265
57,33.53359830598079
0,36.651726928625386
67,30.268458435596074
56,38.04353362516781
62,30.692582398160553
33,33.896703300761985
21,34.121161729138635
23,29.72065676649391
46,36.634900741315
87,36.948453908450574
0,33.79018074871212
35,34.3420790223082
0,32.937315946273706
0,34.62712205301389
48,32.73364021406244
30,34.76808483465011
20,27.61668398778671
54,36.27243794422719
52,32.23929593119543
30,35.975955967606126
42,33.767811837395
0,31.944091997596548
43,36.94182452593838
22,32.610243000553545
40,34.535135033956976
0,28.564747395918634
52,33.08518518668311
49,34.651616075792234
45,32.998553426961365
0,35.412652720906074
41,30.347392928538955
12,29.95662166893237
62,38.01653705389015
40,33.16163722750621
21,31.938967247630394
56,32.55369996885161
43,31.814503287397525
45,35.830966496262704
0,31.705830097368857
16,35.87173828106671
24,32.571290185067554
0,33.231415280338
44,34.63567401469346
63,30.44828892317403
10,34.49978814403439
67,37.31731004531069
27,36.053058171254214
55,38.94224610574055
11,35.37530859741412
2,30.890059164995584
65,32.76721517479327
40,30.32643838192864
13,32.54841379805948
0,31.250638604481544
62,38.85961526623093
1,32.80081975113935
0,28.76364522542014
38,33.789496776647
33,25.89073632139975
20,33.17565230027745
8,32.2409042328292
3,40.12951514155
28,36.38660812118291
62,32.89298877995826
58,35.79144029011987
22,30.328486752231164
29,33.47427830806807
22,38.38296620882138
41,30.37830384657236
0,31.536304332316416
43,35.39236900990034
2,28.09593779867449
63,34.85913784093462
0,34.05080738359563
56,37.133571158124184
1,32.66614047444202
47,28.796519962519238
21,32.290663814211065
14,35.190067744223626
42,33.74172294673006
30,33.510527673547756
31,26.888870455126003
37,32.33593406205295
25,36.33333394018713
50,36.92475750578227
19,30.878713540325734
0,39.61793784465522
25,32.700079684689264
38,31.2537626347779
23,35.58823069481718
21,38.51311715794231
40,33.20627747438437
0,33.01373096829643
62,29.452188168524152
42,39.08593212826758
36,32.39963205560536
21,29.896910924679965
3,35.02583833657784
43,36.31809862190969
68,35.14135292710726
70,36.41337300643415
54,37.08451376597073
0,37.079828616949676
31,37.622307272518796
15,34.217296300728385
19,33.40492232977994
53,32.99320431967714
64,35.84092830602114
36,29.48435802301212
54,38.08659154420827
60,34.384184260300735
0,37.00679149606994
25,27.001008621796423
43,31.68811699985258
45,23.746934825116412
50,36.21344624821465
84,35.18955632149376
20,35.49426693965973
60,28.55898021056333
0,35.65731776424175
23,36.72582952231065
67,31.92565953419628
48,34.06840775908209
23,34.160847442330684
39,33.77551051507859
0,35.2903918482022
44,37.47970897990794
49,35.63482504485312
0,33.84389141315253
74,36.08777261015896
57,34.29604281263754
50,38.3237061623117
40,36.57596697095663
2,34.70968599320772
48,32.72480187264374
23,33.26888805659604
20,32.29361829485658
0,33.48160307730522
22,31.16820675497436
31,35.80700679066025
10,29.781707100210937
18,29.996981770697356
40,34.46467682802448
1,34.434676390819206
65,33.34806809593163
32,33.31302518529394
51,32.245195693591086
51,35.01618532428796
0,29.826903321211873
35,32.58394702322532
41,27.977609076303548
48,33.83508390106078
65,34.152089596443865
27,26.12756649397994
15,23.407228026364024
30,35.0305903409193
2,30.52134696587522
39,30.78374017774322
24,24.877434258248186
1,35.73966904855708
14,26.891863604069428
83,35.14404738219525
59,36.21283105644696
59,34.591531142186525
40,37.96407381081987
0,28.59008964033078
24,33.42299528243786
21,32.377366146809564
0,35.54861465568008
0,38.243465039113445
35,33.53873125876468
43,32.538819083742325
20,27.23812530031323
0,33.917000129388825
29,33.17149403140929
43,35.470879007764744
21,36.45025639795262
56,35.24663697438199
14,31.563164629806163
18,34.218751099136824
1,32.055524210419016
55,34.122485438622164
72,35.155078102619946
0,33.19261552213752
9,25.71039425411748
30,31.826605265508476
66,36.29859873472354
23,36.38042604462438
0,35.42076456741968
56,30.983965594872874
61,34.98185168191067
22,34.94092064683421
41,33.07709821136603
40,34.850264877743356
0,35.77202198840479
42,35.39765405551103
39,34.719392876866216
9,26.491014791617097
66,38.96625843598761
27,31.426443193979793
24,36.76140846561541
50,33.703702765612356
56,37.569856781876
27,28.550022903257638
3,34.62600097134388
28,35.759611970221336
24,32.9804760700003
16,34.170701813304994
45,31.80153581549662
73,31.82435095372196
39,36.47553187613917
22,35.26158730802729
13,26.500551718763482
27,25.814295063219316
1,34.920890202283836
0,33.20419463139235
21,23.530084904483175
24,36.76342913166016
21,32.91483216739068
63,32.08507336381822
15,31.440061917070146
30,28.971554763553705
22,30.686037934781528
57,36.805147820247406
48,31.738264225981318
45,30.20110975347852
0,35.05746983417208
48,32.60963680084824
26,33.700373896988474
12,29.28664844150575
59,32.427923669926855
51,34.729125721002994
56,26.700357471776634
77,33.09335516508495
23,25.81429376941523
44,35.24652779429052
31,38.19027956583199
42,38.17798716409662
18,32.345854351497124
0,34.389902924229084
45,28.721736492719252
0,32.491453216480274
17,26.413567845665415
46,33.46196066047284
53,31.468243694364936
78,31.090813651604922
48,29.29282670238678
54,34.354650548052014
21,27.02298059555324
41,34.18922921040385
0,30.916614879264245
55,35.366152794202065
62,35.78499597790535
26,30.726836231680657
0,33.35942863797502
19,36.58780214226421
29,34.288222582621
22,24.331606546158355
33,34.76911969173039
25,28.87830035567339
77,35.3269732249568
61,34.03208542711258
18,34.89363292423577
54,33.11420934703489
41,30.657044758928635
26,30.666794700609003
0,34.97060411752624
36,30.955099355590473
29,31.733809174392608
47,34.207568097186694
19,34.639202908770116
32,30.846785601351
45,33.373284643039135
28,29.910454327521396
32,25.304801704317864
48,39.870061333244664
1,38.019863103639025
1,33.95944896268131
3,39.02999539436136
56,37.86569884137604
53,38.83329194127578
38,33.664304773204194
41,36.94793553134829
21,36.62562198982496
44,35.83237228988374
39,31.286953558792305
8,29.893689689800247
49,32.73274502733167
44,37.93088545579769
0,31.02830890828409
20,31.649874875826654
47,36.08684223960415
36,35.60953294409026
32,32.865186516753255
65,32.32819991753129
55,32.954714500937506
23,33.877671612198064
21,31.445074939385137
2,29.900522919987548
8,30.079589734532217
62,31.016883682653482
0,24.258520730476143
22,30.298175117829516
63,34.86917077782077
50,32.720622687487484
37,29.984259154943153
43,32.40750683244241
44,36.61495086054371
40,27.588857335298215
37,32.96505168104946
62,38.460769381679896
20,32.32644701408404
52,28.138279736300237
78,32.32064117096256
38,34.80052675259138
66,35.47530499283104
0,35.87134693070635
59,33.67108978573811
53,33.320062723542904
1,32.88011536703003
50,36.2046071077719
51,34.87800476090599
0,30.67813100201689
53,36.14277806335886
0,32.287424570333435
33,34.7649038760372
35,34.51450749164455
20,36.6340157932527
24,34.33185301565319
53,37.600602919535056
57,31.419650323578676
0,33.92350551473552
22,32.17872032084299
56,37.148807836654655
0,32.09504533286298
48,34.492172373831224
77,38.28983325151955
39,35.20736516560914
37,35.550268497958605
1,33.626098659337046
23,29.063281467164348
0,32.218281361369044
16,27.663343946641042
0,28.622010165615077
54,35.82248454652406
53,37.233499877224844
63,30.87315849206465
55,26.917037744561384
57,33.7061559035259
20,25.970898066123816
0,35.60316539327717
54,32.83849346351972
23,36.28506539447996
26,36.11057049613708
2,32.31489865567336
46,32.87445925531297
33,33.20685720781148
42,30.349358479259784
0,35.23974887648753
0,32.96799535806728
53,35.9199617135574
60,31.91694634225177
24,31.377315377985916
21,27.26363086456764
49,36.50240418310553
78,33.947343950839944
0,35.76605199481155
5,33.20315630811367
22,28.404044780451162
0,34.18644070474612
43,27.5737794218231
48,31.953473585929277
62,34.00040640654905
21,29.4717039714511
34,29.993655803799246
0,30.362128194773263
0,36.57990958561698
31,39.54640842543127
23,37.255655852247465
47,36.899944635310895
50,36.20827078314708
11,33.93882704701674
18,37.193848525406686
53,33.49157914535686
70,29.89659326911111
51,29.370782349249225
32,32.25381661267812
27,35.82184886965477
0,35.13396370116466
14,34.42330547264909
43,30.787970877734395
17,34.63223585418787
35,35.124475021773115
62,35.701070484011055
36,33.94332748679407
65,32.90084186278261
0,37.39829693940677
39,32.73408634261544
32,32.8369173534414
53,28.304919092112073
62,27.370804252880944
35,33.67310714852026
47,27.55888463489854
54,37.665521473900554
62,33.31619377039538
34,34.02622312610882
34,38.76634940199236
16,27.043795850232733
70,33.540146471764146
23,33.304028172994684
48,32.50468756682468
41,32.13797052089115
54,32.5964974624461
1,36.156908019126604
50,38.88205908503716
1,38.07337543950054
46,32.973909240947364
43,35.42541494914876
30,34.985168442524234
66,32.139191686936606
22,30.255559868079107
42,37.02895137901399
2,35.539207754506705
34,32.185432685820956
0,34.13981179979977
1,34.72278214066836
37,34.12511628148644
76,36.808942930541264
0,30.659826177674343
0,26.678898493494657
0,30.508444491302647
58,29.48433782948194
41,38.58723226925187
35,33.020216108857355
32,31.181095322154977
28,30.54092605851621
19,35.301928326218984
70,37.554780907729366
24,23.459170429212378
52,30.966114541933937
60,38.77430135383152
20,34.38159699514912
63,38.29106818723274
58,34.47365315527805
16,27.156377891813364
54,35.16559773591218
0,36.248524208485065
1,32.73206489699267
39,38.589240007283735
35,35.90366376968422
45,35.89501333615543
27,32.627406112710695
0,28.268688319801903
36,32.989606814152935
28,35.95214032827458
40,33.17434541339252
40,30.685457812617347
31,37.59278547590373
50,35.027188709109026
37,31.652193526232907
5,34.79003360657762
22,36.95377045978293
15,32.61921824959561
1,33.954910395377375
21,30.45967926321845
18,32.953655247191705
54,34.72019403491565
60,30.811179425381997
56,33.3401585911367
12,25.407377059648503
7,28.135333563165975
0,39.61384989734141
21,32.71040993397402
43,32.242727391150645
55,32.31470961487012
58,31.287221234179217
0,37.870935932108814
63,37.444766970676405
54,32.41360261956126
71,35.17315159825655
27,33.716620847474346
50,36.152763279152516
18,35.268490602305505
55,34.52542435290591
82,35.07748867200556
48,36.202546256685714
41,34.889376919066635
22,24.85919613002094
22,25.901586956580363
83,34.20926427088953
52,33.40945008593091
22,36.01188324138841
23,33.02178313155347
0,31.956010408105893
12,26.088229405993378
63,38.9075178368011
40,33.02289665227393
51,36.20681174132616
24,36.414528065531385
23,35.977009612099664
0,35.928078072595525
55,36.000512438473194
10,30.662761481316693
41,32.54630467508023
25,35.3602974655078
2,36.157108281897344
43,36.721237759096866
24,31.7108197843643
41,36.94841247744856
2,32.34136553259264
0,32.055524210419016
58,37.14884877551467
6,27.345447049762505
0,31.13143535382625
0,33.07409544045047
74,32.33618011904322
33,35.670134196041964
61,33.10698010527159
54,36.912918280942726
51,36.44082974538768
13,29.17638582165325
22,35.610698508837935
33,32.21876977528754
21,32.010091703092336
52,25.541341459010116
0,35.13359579603122
21,27.225477898778646
0,37.49814245109418
46,36.78983918446824
29,32.773295563915795
56,30.434503567652776
49,33.94710589153812
0,38.83032728517351
44,35.97560794631078
55,31.16180621079483
13,25.875221694488836
74,32.63562575859591
77,37.512658336565366
0,32.42783072404557
0,31.782552177839616
62,34.392242926031706
0,34.78886951579631
23,35.246881622609834
25,31.735147694240712
60,35.29759592489685
26,30.159817544119647
16,35.9421816333176
1,33.59390352076434
36,31.74210398256964
68,35.215239012040485
0,33.0090874986799
48,35.72282985422892
42,36.18209523054386
37,33.665459084393014
0,30.738008127184056
43,31.235912381979023
46,31.55170425999695
22,27.538021359316932
67,37.9027340056162
22,33.27315426611903
20,30.698492943073937
53,35.50758476361119
53,37.482952282244646
48,32.21916698533274
33,30.596967598628762
51,36.99070830106781
25,35.09279222647044
0,29.088258659438207
42,37.4241755903257
70,31.090676565067174
43,38.1105074574566
0,36.48497171050998
28,33.44979574790881
75,35.31776878167299
32,32.11228468755176
33,31.571322094408544
70,37.701465171390026
84,32.89580195397435
50,35.017441524442425
41,38.51411354290295
21,36.06061368388597
48,33.67215247373211
66,38.24573987841816
12,27.944881430468197
57,28.366962560515287
79,35.700003540244204
0,35.45958702465958
68,33.01094646006594
56,37.64023475132402
4,36.06634955123655
45,37.27154578166166
52,31.90816712385201
39,36.129063647894554
0,37.569856781876
71,35.93497946803298
24,27.082707338798354
61,28.451238250096353
21,35.93706235026883
62,37.95558151928825
23,33.30204688905566
22,28.743635787922468
19,33.051519582660184
29,31.128316873134036
27,34.70730283927504
38,33.98332927352363
26,34.638693256080316
22,32.161111280200984
70,38.79468924786999
67,33.58730572640835
40,38.3435625439345
36,35.07315201757019
9,31.944710919641217
12,34.36033238635673
1,32.02537489751301
63,36.120298961474035
55,25.78580616755145
66,36.6573937401862
68,37.06658659320641
43,30.140207591571983
36,29.693871432541563
51,37.332703552126894
0,34.31762758166835
47,35.62199304403666
19,28.32976412379336
39,32.82308345485945
51,27.60271494770241
71,36.9642557340186
35,35.9439006581736
46,34.1123766583607
46,37.652975474954204
27,36.107543647316
24,34.33354340799345
37,32.8236414268095
41,34.16050634725882
40,32.708380126442606
19,34.9537937956718
44,28.866672582629562
73,32.78053881205303
41,29.208186250673613
18,36.04398762903166
0,31.323872448848068
63,33.46482213071603
52,33.20722679585766
21,36.83810466346227
49,36.232565811872014
64,29.780840112571248
26,23.305908853110157
61,36.63931607400079
69,36.227780377779176
29,33.62864760573193
71,34.755387035574124
58,34.287646854134394
0,32.96068327814848
71,38.64259583509934
44,34.72521969972132
78,38.96451675893233
59,36.594538604098396
26,34.11418260594771
33,35.4574601305995
38,35.052574290694416
47,33.278923483823306
69,34.60444688451383
45,38.992768739430765
28,37.161773054594526
66,36.17801215922084
2,24.560282438200147
81,34.02295601182375
46,34.548286866269216
68,35.90974123908525
49,37.56264038012199
10,27.449743888434707
58,32.42356888747533
43,30.73328539678617
42,29.67965900256545
36,38.27133078183331
41,35.21136729951297
23,37.0506011367136
37,34.68111835635786
37,31.992545256294715
63,33.04216902547233
73,31.491250251738897
0,36.804227537556045
29,32.89594358500984
73,30.852821106640036
52,34.727331606128516
0,36.70354734706888
41,35.39584570169944
47,28.146107534790865
65,35.54940218339714
59,33.34222777663559
33,35.38341709700694
10,35.056681863326546
23,32.28385216787172
47,36.44899431093024
52,31.220550080760038
52,27.687567928861355
65,31.790795615644633
31,28.071542048173384
34,31.89298920532984
48,35.81056515399704
40,36.24305216756821
22,30.80330597960182
18,38.10533522311637
48,27.822410898998072
17,33.66418147813522
12,28.505351793767268
7,35.71494051272319
24,31.369389570908908
31,33.26910341043279
0,33.01373096829643
38,38.502933440341636
0,36.06124127224571
43,36.70797510055312
44,31.592536316589722
33,33.03984431702855
19,31.754176727519067
0,26.478546463665523
50,33.783384969322356
45,33.54912083692901
0,29.86044758074783
63,32.24730298301615
54,37.36398843796922
3,33.76679925522334
0,36.1422117850149
0,35.82236251805793
18,30.076794677340775
1,32.12209945961501
44,37.23667456195413
6,36.52575284860226
22,36.171270281998524
53,24.33485965034886
38,36.308965811757275
0,33.36401162684995
40,32.48279365425123
53,34.945541654426364
54,35.61027705981675
0,31.407021120729645
54,27.484316839325324
48,33.765873253421006
54,36.50888572977143
0,33.95155023584974
58,26.665194645010995
46,36.93497255891638
51,40.12929258105044
22,26.551629680761742
22,36.80009992548946
29,36.439549376162894
0,36.063609440370826
44,31.117210121513413
32,26.313007167884024
0,32.813148795322356
24,23.62379945315951
53,34.80129408826562
23,30.099032986568417
0,28.660529607892123
45,37.38361839907834
16,29.600520664672892
46,36.53492836369913
26,34.017965739361074
23,33.129931906187146
14,25.781583110684977
28,32.600886120825685
23,35.8313495274976
6,36.802823937541355
0,27.37960581844078
52,29.62234912506678
0,28.76364522542014
46,28.223533143864252
71,34.54982000121759
80,34.23795469801241
57,31.725787322638144
0,34.185985565916226
37,31.2161324355764
20,24.215972696365043
28,35.572570937318126
41,32.59159584897393
54,36.769070447084935
51,36.80326239136964
58,34.364889102461184
56,38.952506014443486
41,33.11864476433583
0,31.13143535382625
39,31.19731840239417
46,32.241314209878205
42,30.52470537298156
73,29.97444203611283
44,34.083852578408376
64,34.5465304848006
19,28.955390766383687
58,33.96816053184287
54,32.97200722603143
34,36.99788972967513
0,35.481732501634184
84,32.29124314563641
2,34.62600097134388
13,28.341391112839034
7,24.896413759919135
61,38.08006902419168
49,31.39012681037727
58,31.401455455487035
41,32.416737842936236
38,30.441256135533553
1,38.07337543950054
45,34.63907161174776
17,31.189910883614964
47,38.35539239574856
64,34.72313977253002
23,36.83341430326266
53,35.823869035533534
33,33.471265567316344
39,32.16703676091378
19,35.50561746038854
19,26.79285112965755
70,31.077549127203223
37,31.356319142304667
53,36.38450648948531
56,30.644176840569802
0,31.097973573654023
85,35.485478018767864
59,27.930992512321545
36,23.261778108927906
40,31.32693339618662
57,38.15475515619562
1,34.805262574396465
25,32.77240041811225
57,37.45921596643524
0,35.60779866253424
0,31.115540471498164
5,37.57133648604518
15,35.69856257087423
2,35.41005814086266
35,31.07786059467522
0,36.161907407011114
8,33.19516626161303
57,35.045350661237094
43,35.68220041065017
42,38.87436601598348
39,35.89574074305425
24,36.16129578396571
36,31.9142059813147
23,36.32090590497702
10,27.812046718132603
21,37.17870737971409
29,27.55178700745126
0,33.08375394593561
6,27.940321232302935
21,28.537632898582494
39,33.339972812894636
0,36.14442030594103
48,33.90415805902613
80,35.7506553078865
72,32.63258297295344
0,34.74172136809002
44,31.844486767707984
64,32.78568908448566
46,37.80361473752667
65,33.28533740046606
74,31.73594883217733
12,35.37718273246835
46,37.295947675527344
23,30.538872883621963
33,36.4708387875709
78,32.34764790211434
43,32.83036826844418
42,36.550944570805356
50,37.769891643642424
60,33.298037552660155
3,33.858774137637305
55,36.40227688846424
20,34.26640077429716
46,38.5733714214159
70,33.930156768543014
0,36.52156064441638
0,36.16374624539131
39,32.31325847564782
0,36.7466276102901
62,35.56477101049292
54,36.71327914606306
41,35.79922292167574
57,28.98023629610195
50,34.050159456648075
50,33.45852579635582
26,35.28882361361685
38,33.47619427220067
1,38.54391894183742
0,33.68990861489828
21,35.348283088370806
40,30.735568767168175
32,31.586712627482722
16,33.47836412900662
19,34.9491273287257
21,25.413262168616356
0,38.735661424372616
28,31.75590188435464
82,32.34732556471427
28,32.23311247597423
40,30.02326147857868
49,35.733581388093114
22,34.61485926779949
0,35.54861465568008
25,34.07211924940384
35,35.98187804958348
22,31.49340099819039
70,33.96984183779259
8,35.80844393760555
77,33.26834555530846
44,34.087977643118336
0,28.876538425049336
24,31.6043415040994
57,32.808199049129065
38,33.947801428735836
62,37.1288945144452
49,33.78508290869237
73,36.924309928378484
42,37.74480246182367
0,32.47926781878993
29,34.55158777453221
34,35.75833682019309
0,37.08492099091362
30,36.687491705869114
69,27.643603165357057
57,27.474070715967002
6,32.53663363097895
21,30.322721622598383
34,34.07048711323703
52,38.69903933285709
54,32.84722034317725
21,33.80033494720638
58,32.80472036995572
38,33.097908412707895
21,26.667923708832305
38,37.9517743634651
59,33.94828350469658
42,36.695048187411054
0,33.57682812076928
78,38.02461536250739
28,32.59145956675892
75,33.11005041994418
21,33.602585846727294
18,29.84573801789131
37,34.20774932187791
1,35.80213832423344
30,26.936273487728577
45,36.4918768355115
0,37.3441637099249
28,29.752881276445947
48,35.83634982143982
28,26.488726231693647
34,30.76572186459025
24,35.45870404206586
42,34.17537840360086
46,33.82498970145807
61,33.52701000233067
22,32.47708684564553
46,34.553286263428454
45,34.78876684810988
42,36.955365116235065
43,34.05646752272162
19,36.91413959518719
34,30.788647662817485
0,34.393819929166675
26,29.69957456853481
3,24.900297101686725
44,31.715911328153172
37,34.92759235586777
48,34.596996231447555
1,34.625396195770925
19,33.595528880516234
45,35.646968482673756
52,35.78554187583169
49,32.64538957907598
12,27.895037773362496
45,37.64489489441294
60,32.537697160731796
56,38.85960724535625
28,35.30022892479026
58,37.604573414059075
6,26.362281810054775
45,37.225875710690815
46,30.934485473299848
45,31.375170637436472
48,25.635024393513508
42,35.8383775493672
46,35.71536921533859
43,37.86766209933886
58,38.289089164175124
41,37.03855842946588
24,24.413962494156472
61,32.60025249233289
26,32.04512653889535
53,36.57748759445837
18,36.22585419449036
41,35.137666908635275
23,20.931522680610758
72,34.96298679909348
27,29.064944470153232
63,35.49146108689871
69,35.1022662638863
47,30.35176004786922
0,33.90942351224297
34,29.222546014599374
21,28.600700892619713
23,29.701774445563313
0,36.16074475700601
17,28.23891945159806
74,37.08274339625802
56,36.01466742933458
18,36.863219101656476
26,25.290771770420616
83,34.37073022365262
52,37.026249227865634
53,24.33485965034886
29,32.89350116300209
22,33.88525329351383
0,35.60779866253424
21,29.389905120068832
33,34.39635858544408
58,30.439902135569277
1,33.62024663099647
39,33.59778007066716
19,32.41667592646
39,31.531399106101208
62,33.583720590193586
40,35.90361045136209
10,27.32329699066502
92,35.441785316051174
59,38.78990855631711
0,36.528995643403064
51,33.15472645120297
68,36.65942320675563
62,39.18159447427712
41,33.17123620067682
9,28.43146401175713
33,32.903528409628265
49,31.91466329048457
13,28.03876533062542
37,36.98508926077362
0,28.584186693891432
74,35.91672358004167
43,33.96698291953398
62,37.02061774727018
56,34.008806768833615
43,34.607462672413504
0,32.95813311321866
60,36.53125881305079
74,35.502111113396026
30,33.81525047805042
43,35.63431835110242
27,34.11130866254118
36,38.34635084922396
0,29.50177338688837
11,28.37937342152774
49,39.18655067018602
50,31.999264707124755
24,32.9110928225359
43,32.24524992657819
22,30.662417131857605
49,32.449499459973524
34,32.35237352604759
0,35.441785316051174
44,36.73516494824519
0,34.66724077483875
9,34.65570155629402
24,34.06768281028547
7,32.80094015459151
43,38.09402255283055
0,32.68902507127441
0,33.411272888596315
42,32.49401991566687
66,38.905311703402404
17,38.20439625269813
4,30.890059164995584
5,34.396779337804674
11,30.980060560063265
69,34.8738484934224
32,26.2146762924461
0,34.39834297228973
55,27.816797539162398
63,27.899617821104115
17,27.783218982408897
65,32.6998005360371
75,33.827272308779406
46,28.95369779766837
60,29.907989613907795
35,32.00880431283225
74,33.96146199397754
21,32.30068028397002
0,28.667690197430925
47,34.355090983744795
70,32.49469420029726
28,36.43468397986504
18,28.397802117654663
0,34.007727884928755
29,29.131389414772997
0,35.55050950285859
0,32.43003097755202
60,31.505442981016994
47,29.91926718839781
28,35.02881008373998
31,33.8764087978717
55,35.205507225511155
67,37.1141346750052
0,38.7024292041014
31,31.36158179638084
27,28.46533651727222
18,31.310075814427865
44,33.23505231656141
37,32.602073978697724
39,30.46886883645537
15,28.65644049179467
14,24.771755193615533
13,27.690789163375282
46,33.51665399532172
28,30.922880209094917
0,31.58987038977954
1,31.988560780508386
58,36.17212172701932
31,35.0060746414942
0,34.81297230529677
27,35.200232863740425
0,37.0498728412741
60,26.424252458500145
18,34.56456070405547
39,33.1134038961766
38,27.817688605812492
0,37.180877733705586
5,23.867600172846537
0,35.61501948574632
47,37.12781087043795
0,35.12560390621075
25,36.362518851310185
44,37.93088545579769
43,40.75821561007466
26,31.393160081214322
47,35.19337797848728
0,36.96737538735255
0,34.870467358642756
50,39.06118347034412
43,39.02097314233217
25,30.79273690958132
44,35.922149032231076
42,33.22555746451038
0,34.475228714732644
51,35.58538932706813
25,26.057260057236736
40,34.840454405763474
25,29.48514696279613
29,34.51567006430367
0,34.470897653850095
48,37.547795950678186
40,32.93681389114341
6,29.263331729912984
57,37.86854923185529
0,34.145415447146505
35,21.69154353471093
38,37.81856657318644
55,33.28983079561464
8,30.978989098048945
18,36.181929500252096
34,23.662003688104882
0,34.872714494856325
18,24.05834004433306
50,38.121920058912835
47,35.220720440694535
28,31.89067141453162
62,31.09161134617494
43,29.88212757883958
21,24.1627843810599
34,30.95763550364625
78,31.83565826214003
33,31.073251340497148
52,33.4735150932002
51,35.3869064993546
0,35.35606110822247
49,39.03088009882222
30,32.45926201604514
16,32.057912197447166
34,25.318322157588362
57,36.68880808669688
49,37.61961253793335
62,33.722071071231895
20,28.355705067417254
46,31.54632412608707
26,35.296635144645194
28,30.21721644680947
54,36.28601438089882
19,37.47891829031034
69,33.56141032731075
20,32.52949053471772
21,31.31179679015904
63,34.067093740248815
53,34.81306287883345
59,37.11260280171902
62,39.1146237789211
0,36.24483627316489
0,28.76364522542014
70,40.01814859484412
36,39.35023482398921
33,28.11687657570155
65,26.364413680847054
63,33.79926783070961
22,31.50254597070961
45,28.948996375781057
49,27.04221865832386
41,30.77801764136124
25,32.524162540822275
8,24.733434709795144
42,32.16319244409551
8,34.074154135587314
47,35.51512914242557
42,30.70297883289237
20,32.909805882860454
84,36.27830069458409
30,36.27088581236195
63,37.74116318033087
31,32.696145311265
29,27.553133386177432
11,32.495008881887486
32,25.605667462515974
55,34.122485438622164
22,27.86985669582895
18,26.06512414380273
33,26.09566557944507
62,34.83148499272784
56,37.5647159401624
42,36.111898864607916
35,32.05971806042587
1,34.189529497389586
23,34.06810412225101
26,34.874796566735284
56,37.373729388834406
47,29.976350852466567
0,33.137207626603875
0,30.52067451721952
30,36.74643402686989
31,35.19173188187854
49,35.148995896217684
64,35.7560681582749
0,30.248083531993757
45,33.161538952594405
31,32.69592589378709
50,37.00911997506105
22,37.28474856304166
68,29.35296165630562
0,33.656013327120974
44,30.77214017791271
0,34.87294304666742
53,26.454806150529738
0,37.13247096487606
55,38.064079558555655
33,34.11597141076392
58,34.15071029410287
63,33.21260880546383
47,31.10749867742314
0,37.74843177527501
26,36.1964468324755
0,35.47374931867742
56,32.50189262760549
16,31.852985637183814
38,38.33417198503502
20,37.334549283767146
68,36.32015900974314
48,32.39750390602886
59,32.31563841879218
54,36.128334715249785
0,27.25927201921114
47,30.642340341915997
31,33.52411841540392
71,35.66323718887766
41,31.125269854779464
49,36.85557801959607
0,33.05396747777554
24,34.99191000994786
33,35.45944146376485
20,24.628344257957817
55,34.3776245806734
59,31.843737346020475
54,26.10296146211566
8,29.03374245001089
0,35.50238359646717
54,33.30096767033198
0,26.284129510222954
45,28.55798690558774
37,30.38708712227132
0,32.4698117433771
35,33.67539515664431
33,29.50815160241125
56,26.161903277950557
38,29.738946870825057
57,36.67844811672114
20,31.03242047586544
0,32.44193787091966
0,32.27616089168536
9,29.55181789865848
0,39.02354867246371
57,33.50492513105023
1,35.50141699607055
50,39.424898836786184
35,28.28911513591148
2,38.28983325151955
35,31.847411479047285
72,36.61984538315509
31,33.03504501445569
6,25.55979936895406
49,36.62570208660239
39,34.35152270205441
12,38.44533960327357
46,35.979972716435995
27,30.51649309901275
61,37.50536733606573
29,31.6463140738383
39,31.87652598862672
0,35.85608836949708
22,33.3389275498241
33,31.658776917735338
15,25.443785225473476
1,32.9082274560574
41,31.835072838815115
41,35.18243750508976
54,32.61863328516471
22,35.345398133381764
28,34.449036315715915
40,30.3215029675309
68,36.41194336135023
30,33.77742474432381
1,30.002433885208767
0,32.833145264515515
45,34.43508525576366
52,36.55185574333471
0,34.07769683984828
12,35.10532022534443
21,28.028421473118094
1,32.89580195397435
36,37.79570054249806
61,32.968942018678284
48,38.105243165645724
43,32.24031578086623
52,29.51444465310998
64,39.222009758588094
35,34.53479204039007
20,35.0950935905971
41,33.64810791173199
55,36.523615687247975
1,35.350153913463174
28,36.33228913754541
1,35.76620139317991
20,31.455708643840293
30,34.84092209651021
49,29.984169350202627
44,35.08343939389598
64,37.27281768550668
45,33.14131450715941
41,32.74945218397809
19,30.102272727808316
8,33.190914962221115
71,30.29908390748729
59,25.964162886041343
50,36.58594650070582
53,36.50617010972946
0,37.86827158940765
41,34.62383718091505
41,36.098920424786236
34,31.279758072395165
54,35.917808264774045
0,35.23974887648753
23,24.914782966096077
14,33.09520147286833
22,36.49718401987383
46,32.4404078551615
51,36.27722070148362
30,35.73802961053554
32,30.139985559311338
48,27.45063376354971
25,34.46513017278309
41,26.36799589582835
71,36.363450843439786
24,36.24685301679226
38,33.02211124244206
22,28.500862226459695
46,36.08306311949359
70,31.40104122690687
43,33.6889927073552
0,25.950383601255922
44,33.04916497423331
0,35.441444804229704
21,29.152523659712816
57,36.379485841710284
20,32.80282683878199
62,38.109062434905574
24,38.112238282590795
73,33.88274416062112
60,37.56369460040152
0,29.35771488345074
18,32.1818638122321
49,30.351583039174123
29,31.809628895317626
1,36.28820867770134
67,36.515807381974255
40,32.10517648099674
0,34.32525961118642
0,35.13359579603122
19,32.90084499695506
60,34.47404209738674
51,34.32413635925432
4,37.240509968910885
2,32.16805969825579
48,26.718167097626427
0,31.71455374146485
65,29.709375120320665
50,37.343310867981465
0,37.25284311875418
39,36.1706194556114
0,34.977524124895645
59,36.26312108907732
0,30.717999471812316
27,33.37890625528991
58,35.12514980667717
56,35.25351942989882
60,36.13874477980968
46,34.558094623070595
16,34.44295493470641
60,33.79151820574465
74,31.53060858707189
30,32.850438609381236
60,32.43045638846827
41,36.3771617008564
0,32.31489865567336
0,33.35512418513338
27,23.95125084975628
49,37.64829331954978
8,23.599182402871488
21,27.0112419160298
0,34.76508795880515
22,38.361571724594015
48,34.54200260181899
65,34.5091775981507
1,38.55543241723971
42,31.439677115190623
54,30.19897426924778
43,25.295762781579448
0,33.260777425948085
44,37.676741639058946
43,35.411309725886525
57,35.78764327459372
43,32.24253746580298
0,35.42071387905307
0,30.999397848493476
51,32.8795048594107
1,34.0753490884581
48,32.59388398633093
40,37.949891482727175
12,35.37423022827801
66,33.658558422620956
0,35.56534744004716
17,31.195553867028853
24,29.910223062747065
0,30.776934233294053
21,27.25080377487115
26,32.84071135271765
71,36.9642557340186
8,29.207172540994378
32,32.863708278129074
59,31.269335783897226
62,34.02507292764292
0,36.157108281897344
44,23.411896187357492
36,32.62192678656771
40,33.3505538083011
55,37.62106347472161
45,34.94886596164543
42,36.27319293683985
14,26.249461826749204
0,32.482382067656445
10,29.259931976271414
30,32.49660955806087
21,23.08689599767766
8,34.16269654257226
72,32.63258297295344
48,35.00005665679129
7,29.011089287520342
50,28.26990229479981
24,34.637128408837484
7,34.47779217826323
48,35.26810659836235
53,38.38754200131418
69,31.87038182831
57,36.01501137716152
0,33.34462604484862
29,32.171578732919784
0,35.49418073421898
0,35.60779866253424
3,34.61136775710216
65,24.684958488572693
40,34.67095375722855
32,26.257256477870037
29,36.329366233721736
0,37.35939332520412
0,38.297810444560014
5,31.84299055820098
1,32.055524210419016
0,32.32302014924787
12,32.0070423299872
48,34.596996231447555
36,33.53798725452933
42,30.625808707975626
0,35.08279546729868
63,34.48043769950272
49,30.61397864439857
42,25.487350888648347
44,26.333243411966183
62,37.764683449054225
29,30.485621569674663
45,32.899466218475496
0,27.237569032862627
38,31.818462266634622
61,37.90547349040264
35,32.25819416484068
17,33.26459906060197
50,37.88891894928321
66,32.492750225246596
43,29.887234569051373
0,32.7269932260309
19,35.047063143717224
0,36.013409611249614
42,35.528775447892315
31,36.470860964501156
64,33.984074128956735
52,29.481591288617594
0,33.83263294401082
56,27.39988442807539
48,37.70061935615397
26,35.55615460058
25,22.955105406045462
65,33.09924727873163
0,36.948390022878066
47,33.76205002044716
64,37.015689016309075
41,31.40348333448627
31,30.3029897059514
27,31.092434138931008
0,33.253159385119496
37,33.89036656269511
0,32.478145067995925
44,34.16384690819008
52,27.000652008259358
45,31.908195725163715
22,27.365074745993656
0,31.823336491389284
50,33.10905982520835
35,34.08574411644108
12,33.95964202476642
44,35.368185181492215
14,40.08734623951079
74,31.605843922205604
53,38.57560047253595
37,37.95528693955329
65,30.190797859794863
25,32.1968647959671
0,36.528995643403064
13,33.271906471372574
50,35.00337880196112
41,31.630118655895885
29,34.327849056963665
11,34.587944064495844
25,31.35357273754355
39,31.74767703010596
41,31.292393244697124
28,24.9571616219579
2,35.477340095876485
24,34.20886034303702
54,36.728129468925715
32,29.48842327488615
0,30.916614879264245
74,28.764382178736117
51,29.6754839053791
35,31.848803419275708
37,31.243478930864864
61,34.20093630727883
5,28.99930594735696
45,32.28859448747533
0,37.47507177184676
61,37.741952127219804
26,27.935838672814896
60,31.5214524582178
43,31.307099918327644
61,36.4290553661628
19,34.08836231402582
81,37.27385680615728
13,32.4975052740372
3,34.466749483531515
50,35.97853269461933
57,22.73278017925534
46,32.081532755488574
34,36.15154841640227
43,34.64583987693231
20,39.17279894408527
0,36.70354734706888
25,34.2852740439203
56,26.85825011417547
75,35.44403914462915
17,34.75569842632822
64,36.65395631523494
44,26.351311234275713
59,34.82526591633859
41,36.13055590495331
12,26.64759950476795
0,31.184144014388735
38,30.599579861602916
59,34.11390568317376
50,36.45385340784026
46,31.22320602216265
30,33.69621930453081
67,34.729121810597626
55,37.40621730071729
44,33.797647482894064
55,32.78153262523224
19,34.664336158555514
23,38.159093519617905
43,34.21964216489759
45,37.74978823189597
0,29.826903321211873
46,37.57433947569251
53,34.90462740835725
46,34.92514251550142
55,30.402257027855406
0,33.96779331570285
69,39.40024414207703
0,35.03939386762648
33,33.33848732386049
40,38.095715163610784
0,32.31372589109841
33,31.37582084276331
33,33.34277265080353
23,32.70526305232591
23,39.733127514702915
59,37.77737740375147
13,33.3530790682933
41,31.355919002318636
53,23.667073748892495
0,28.76364522542014
69,32.2952948902067
0,37.47507177184676
23,34.25166972288479
52,36.57004577958607
69,37.14109973274691
27,33.4283471591762
30,37.529873186454736
23,35.10427692799669
69,36.10255857039831
2,35.48725615523528
10,29.997889060431365
68,36.31095258654914
0,36.11053392046775
44,38.32827264183439
66,34.31735574676064
0,36.60493732637735
54,37.84126893338895
0,34.44837587492451
0,36.86177325280659
48,34.46938432377369
58,33.426767579152454
35,35.23256182165155
68,33.249666667910084
37,35.27235178411863
27,34.55231071339539
0,34.326602651947844
50,36.148271226218405
14,28.248171738607745
0,34.41265819459154
0,35.10747354686675
34,35.37490742714434
23,33.57403377855523
41,32.96458913389976
30,33.01724314061442
62,36.115730126920255
41,34.57293114717012
0,27.678993103490658
55,33.274130629270196
40,33.04895092720732
62,27.0535798745398
43,32.94162640098283
44,37.26142399115589
56,37.481824444522324
24,35.007635239405936
47,28.796519962519238
33,25.43832866081937
51,35.77781495071608
41,29.96345627362901
0,34.31580233213888
66,36.04134745088715
27,36.33173292959803
50,37.70180437782974
64,34.89163387989795
8,28.0295811887107
50,34.9396325018745
59,32.86758583150614
0,32.244564059247864
49,27.113393673060873
47,34.57246585748698
45,31.362826234186073
57,33.500621095984684
49,35.36544590082715
65,35.110740916477575
40,35.96944178683236
44,27.53326104678556
0,33.36401162684995
24,28.982530730123933
39,35.21494779000227
20,36.398808185281354
61,28.17685283823256
0,34.625129001445075
46,31.914346779601903
49,39.32217272582983
55,34.61945855592006
60,32.72809547583211
23,31.96225408936994
29,33.108479931013434
0,31.07667277108409
14,31.628614011975227
45,35.54641387076024
56,34.82210755200709
48,33.09367285453616
36,31.867258135712838
48,28.29659507870503
64,36.187172297682785
25,34.47440889010261
69,35.556279893712016
39,35.061042907433226
54,38.35306233144555
7,32.83548411272563
50,37.125451021443766
25,34.827525444762244
0,32.704489315514216
1,37.9079658800594
45,36.876129624759315
0,28.136943135079
0,34.42621232423943
20,33.801618446602035
28,35.33373502278278
43,35.03271140363745
35,31.515288063263064
26,29.31872761512492
34,34.86347647670924
33,38.50611147524289
75,36.3254598669778
41,33.68717278790181
18,34.58322467603381
73,33.47871571303931
35,41.69715550261241
0,31.082887042793416
21,30.438890316256096
74,31.25190548627249
22,32.764403394568866
43,31.602159128609724
0,31.097973573654023
20,36.80835136404494
54,33.46835642385738
22,34.9849516941783
16,35.56436848328168
30,34.24583136818967
71,37.58328490440092
23,31.78870967075307
5,36.825231416627794
59,34.017829457046496
52,26.619667870914636
65,32.186630105647886
30,34.73343526754073
24,35.49949708017634
21,37.97974768978243
33,37.87663187732505
23,37.265364324828994
64,33.72597209038692
41,34.97798561555469
61,30.840096652382766
0,33.79018074871212
38,31.38402659930881
67,35.06173440054311
53,32.85480701447764
62,30.350363409880984
71,31.052771520625146
48,36.89395929288479
12,32.74970023124447
10,34.20081409026646
53,36.46879233503282
61,35.32981810409693
0,35.65731776424175
58,34.82551624970445
17,30.518511042710372
27,32.68519870976433
40,35.78113831883742
17,34.64035180116451
39,30.629718743210123
27,36.1424510354353
41,35.424117810153824
52,24.683716261055444
0,32.25292342973362
42,33.15773216299156
25,35.48590992964379
39,39.085513065255526
15,32.00561813139268
60,31.005194780980887
23,31.078616108921345
10,33.66618470698075
19,36.20535409612448
67,35.40420593010704
23,35.77693166405862
0,36.030782676092514
45,27.810923561720895
2,35.342425487994184
22,31.79965701466436
11,31.351759973056623
46,36.55481802179184
0,34.503953468917196
39,28.24059317788966
17,31.790695945145522
20,38.10850135665293
24,34.99435159998496
26,36.406860601131555
42,31.399659320318737
46,30.42544212383593
46,31.139419562448765
36,35.86783306877185
38,38.144981304320524
76,38.31004913169639
18,35.037973661450486
16,32.23233394709491
66,35.71174403168733
0,35.51679009457314
59,33.56204917262868
0,33.676367969612
38,36.486113469329666
17,34.94908963999024
25,30.310609503700068
48,27.5949059970411
9,28.337629207004444
44,37.92153574647884
27,29.691347144822636
37,32.82866816133786
14,28.652916754477577
0,28.976679907711024
27,37.09136961807516
43,35.688118875935324
25,31.434623237425907
58,34.65895150873712
1,32.591090276015876
60,31.008575839831295
20,34.95749837533663
9,29.07825000813182
0,30.565894012271134
48,31.940166012265315
59,33.06089789708156
48,39.285847116547686
75,32.981118621245244
26,37.384401092159464
20,30.382678670540315
72,29.168210406602793
0,33.24432704900993
40,31.938998225418416
51,26.32728799145646
45,25.547267565249243
41,36.06205907814184
48,34.58133966099674
41,31.343156216369653
19,37.30457026206682
24,33.93703266344406
12,33.37476973333493
22,33.24205717256509
73,30.255186807754924
52,33.18066090874451
46,36.72104387303294
21,32.037158866851534
43,31.69039289568468
63,30.421783917344968
60,30.07829523388197
1,32.055524210419016
22,37.77642490345195
38,36.801434329882774
8,24.154791330660565
0,35.423382931719274
16,34.96873972691691
34,29.063600228301965
47,37.665018019555156
64,32.56244647084133
23,31.518598549242196
41,32.33561484288504
33,24.65261187511092
46,33.68447977392136
28,36.06977118109497
0,30.215108226229553
20,30.807121703165322
78,36.64641595891641
16,30.916583557996262
65,32.050637902307614
18,34.42581520740263
35,38.04936584978016
52,33.47233764152974
39,37.47795990425191
26,33.561656588053715
0,35.094623661597765
1,34.18977008261902
61,34.59727453149076
25,25.009058462038084
0,34.60097645468415
44,36.571767119023846
78,33.97032683755543
0,37.03897684985308
40,38.83014678355447
47,34.71894899256727
34,37.66167196354081
53,29.915899748575153
54,32.115046579392725
18,32.395155198157134
5,31.549831359001484
24,32.24081460196683
71,34.96889565113012
58,35.86467055629921
18,37.08516499406961
66,31.787493628629885
30,26.398995009320203
68,31.342519415510587
48,32.068140926457076
12,31.21347550641542
47,33.307661505294405
63,37.44182023567991
1,35.48725615523528
57,32.55849734380203
38,38.06328145492472
25,28.974693530360636
42,30.776031808039463
72,36.1545575140626
34,35.325625343741336
47,33.211846478812724
20,35.46549811016156
2,37.09242956052828
5,28.33288631095127
32,31.58272540189246
26,31.330848693821345
29,32.3253976611713
68,34.000475770269894
61,32.91117248235845
49,35.144034267165594
0,33.534816076868985
26,32.29717561994067
0,33.963516975218624
8,32.16388855328247
0,35.89569213091982
0,38.031219632112695
58,24.648648533760724
49,28.440883829810907
60,33.103871172566315
20,30.097670822921042
53,35.57740959735675
37,35.35899458597622
11,36.39975171195135
59,33.86726602363731
0,35.04243341860791
55,31.262308342747986
44,31.999453027981094
50,29.024392263812267
20,30.46277876595335
58,33.310207598865375
5,27.74460731878088
32,33.606779719545436
45,32.50348098188344
0,35.950267470764594
43,32.763013059794545
22,27.238293730482738
48,35.38686554663587
0,32.956266999329614
50,34.782882268224526
69,31.75223718245965
26,32.228133651062976
52,35.38459201086485
44,32.86173631316648
1,31.74628590737716
51,36.6619029032355
33,32.94976996499684
61,35.83215322670851
35,34.756084118652026
48,35.84169773208794
2,35.21903141100949
19,33.17465988976995
75,37.38159287996397
42,31.414615964006288
60,31.499362731941627
24,33.42499940158602
51,33.45702825947723
3,31.58987038977954
50,37.936309872770245
21,36.0971195639914
0,31.13143535382625
37,31.715862580862463
52,37.707395886374854
0,26.24891961612589
73,28.123426620993996
45,34.55902800335356
54,37.082155201773325
28,33.65020079766633
53,30.300327173762753
43,37.43416542623669
69,33.41304637525081
0,33.23146516485949
45,31.869478406916997
35,28.87096422571444
9,36.89520100471065
48,32.21979555859537
24,35.75691960163749
64,33.260934954967965
23,33.359546444351025
0,37.230296139975664
57,32.176461559091415
32,36.46090843421961
20,36.37281443519549
34,36.14719303400448
2,37.69962566404995
66,22.789561049739817
22,33.50353184456402
31,39.29838980041651
32,33.42173697163237
0,32.003073463934626
5,36.90404713053316
50,39.31925650051617
0,34.55698077546171
15,38.07517375941837
76,36.72966045715716
15,33.44262264071498
40,27.87358061006318
0,34.206506918654725
40,31.224684243765466
45,32.89237508306567
25,36.67113448791984
47,33.97399864720221
16,29.819699672118055
54,31.94801021795811
16,31.105674749964372
46,37.90410708562517
32,39.679040037283116
39,34.48388829536113
22,31.000574461984172
10,28.822518164499343
51,32.26991101991355
34,36.82236221548112
33,34.07917445418327
0,35.52963635681685
55,26.790247231021926
76,30.057502091841314
32,34.590868550069935
61,31.882785232309956
30,34.58303669138949
55,26.98022275214454
74,35.04902093954601
55,30.70413596080926
15,34.31395395091127
0,31.54495155415199
43,38.30603275098159
34,34.94024156482735
63,26.706505551497287
0,27.610224083717473
64,34.82642216605079
2,35.89110353133397
60,36.060726029694685
0,34.37753851365832
18,33.25441529711588
44,28.32245414988043
13,34.97899389664239
20,27.38003521023508
35,32.5588343678609
39,30.988752863754705
73,37.06392652456402
47,30.39834566132992
0,36.312147941968846
0,37.33930921717836
0,38.243465039113445
32,33.45382602954877
25,25.492870195862096
67,38.89716339787263
5,21.754338895167947
25,35.08871037911642
10,27.054030556419534
0,35.41782026134984
41,22.45692230770615
2,37.29877153165914
36,25.015271925361716
0,30.52067451721952
72,37.197741724085276
25,32.14097975586934
31,31.15964916798131
33,34.287316432294304
25,35.22033796699565
33,32.9260369003517
82,31.710948708418716
73,30.9761520409666
1,32.29895061784576
24,36.16778528964252
23,32.48940258729965
28,31.791462767395718
0,32.16145181116369
13,26.538754181019748
22,38.87963205092903
37,35.67410646650944
54,34.90462740835725
57,36.568720478701486
61,36.18605500289667
0,32.06556359715425
62,25.100466676826372
65,38.91959927100693
23,34.57861370648362
0,36.600784655631735
65,33.01408100023883
21,32.42749683478994
64,33.68733209061052
23,32.498451735583494
29,37.70077763860672
14,32.61567712193181
49,30.2331515858495
60,37.35555422730437
60,29.365043979525005
0,35.85336507943469
27,35.72189498866506
27,37.76492398836187
3,36.13702765002152
56,31.678325099706978
53,37.060418989143535
76,34.16876172257817
0,36.50381055042657
36,30.33165678154436
45,27.38110515963102
19,35.5301780919074
51,36.24791218299521
9,27.80669978991068
0,33.710718815705945
59,32.64072408253937
34,30.502628866023503
3,31.223033486990172
11,29.381872421736034
33,29.66052604650558
62,36.00264028882783
39,34.61967238262739
0,38.1412360565657
25,31.98413828667617
41,32.41037730372092
47,37.95641708796011
29,33.73273231347632
29,34.584473389803975
37,32.695186562946304
78,31.090813651604922
34,31.11889228424703
27,33.1173061195836
0,34.92139691259219
0,33.04379602777807
23,37.1925111245485
56,32.255629594539734
65,38.49147994151613
57,37.02361246578143
44,35.28861510900003
58,31.781481441750756
0,41.00678339600151
26,30.952994104570553
42,32.85911327146223
11,26.456984938896245
75,33.34462367694025
21,35.83770160419212
54,25.950319100307603
11,36.608410055136844
0,35.28426438889959
39,30.227532962586412
35,36.209722744798746
0,33.77062454061343
60,35.8605440841937
45,37.99610814334368
29,26.303767026728085
6,33.12331828950498
19,33.19848458165709
66,33.82607378437494
49,26.224486318260418
23,36.097666616436115
34,27.620996296443234
2,34.143207881522535
80,28.45257911842212
44,34.67179676761064
80,35.15615010805957
0,32.07847443231492
30,35.11583597609982
39,32.392813676284455
36,30.84836788104528
0,33.61168657622947
55,31.50610725895633
0,36.45716844031306
29,36.70406046377848
24,35.20452382988193
29,35.24423505883454
46,35.4763248188051
28,33.960334103936624
28,26.460930938036423
44,33.617490787233095
43,34.6808171414942
22,36.150028362096464
10,35.90863159205928
58,33.84017577244987
43,31.211116304703502
47,32.551524501580595
38,35.44592810806553
47,32.81547500222539
0,31.8071626842823
43,38.546228613376115
12,33.11576868810272
74,32.67536793553164
63,36.30701245761005
29,33.68211682761341
43,38.45979688517635
46,35.722619325802796
67,31.97241910765356
46,35.67126556504702
35,37.89043523156833
22,36.1074829956978
57,34.55416921557948
14,31.747961839499155
45,35.75610434647446
0,35.10747354686675
18,34.25496911629088
58,32.8771598724109
48,35.998363335375835
32,36.24744081862212
13,24.83540306927553
20,34.60637703050014
67,36.953173291137546
61,37.89626750359058
24,35.2438998069774
15,24.163522586240514
20,25.673209871797468
16,29.29719339546549
72,37.06093041218767
21,30.90103112111416
65,33.48450061578277
18,29.614131245255958
52,34.77415505470404
19,33.45436365058405
34,32.96686702198544
69,32.58232186288987
42,33.954929595996504
24,26.150260829933195
0,36.186632663476935
31,33.550316475531396
24,33.882564236729145
21,33.26046550241868
0,35.91881873479292
28,33.14450707488704
44,36.04213441804964
2,32.01235152446472
0,34.925096821869225
0,35.052338872088924
25,34.009782610042706
0,31.856115007007723
75,36.850026852893535
58,31.582838819571208
0,30.132512778410018
0,21.34214656048915
0,33.839010273753146
22,29.20548688111048
0,39.61793784465522
29,33.88458981114917
23,33.12988775787499
76,40.38422107412693
43,30.079338973011915
69,37.0884408073268
37,35.018642173694865
58,25.624931326380203
80,33.32140043939982
70,37.31416730242133
54,37.77441163338484
43,34.49134665715709
55,37.12678988045059
17,28.769302038634045
25,36.70264466461839
27,32.68590414891903
69,35.898160016675924
12,34.78931350699103
71,31.97244541627761
21,34.89694791851459
0,36.2686849518831
49,28.186261276518948
2,34.85118801399984
78,32.91840109408115
21,29.41441279387131
68,39.380479785912456
53,24.837291814498556
74,36.35929870686862
0,32.35533451597817
0,34.31784101481351
68,34.21779252453081
40,36.94460949653026
25,30.04243668646854
65,37.770858553282324
11,31.373972453333497
45,36.180552510715835
0,36.210897958798796
29,29.26740360035032
18,35.436641229830926
29,34.03427425303514
1,37.98716909293363
45,37.58396621940352
3,37.86843993694537
40,31.608604706010496
0,35.54861465568008
77,34.15060508668193
67,32.09300902475304
13,35.67002424128719
0,37.57133648604518
59,33.60304519967155
19,34.25700404144358
33,32.49091423522701
55,29.554273481391107
22,32.78903882464024
43,31.258280229534762
21,34.33037950553501
21,30.929651034635935
40,29.067148534561355
40,29.266583066600028
73,38.060564454543496
70,34.393544579611934
39,33.918691911960956
36,37.099117196944206
28,33.319323300664614
21,24.490634156042383
75,34.8351485749577
48,37.130248849124705
42,34.43049057198857
33,36.70299308004776
19,31.584598739562665
32,31.092097254346715
39,27.592856118286925
0,33.15609992392953
37,37.07806861869417
41,31.882621581620107
0,29.947763484941326
45,37.338208508062685
0,36.58640098285179
7,39.83384461605215
38,29.286241939030546
0,33.6548479922028
60,37.08162863531263
54,34.59826682816074
48,35.939180396522126
71,35.098400976192885
43,32.48552086804186
61,35.959974622455924
32,39.450058979797966
47,35.25771661107478
55,33.29757752741698
26,36.382483766509544
65,32.99877825169935
2,35.83361727022759
70,33.77439423055738
0,34.02134479699687
32,24.809990462080883
8,29.87681991115488
16,33.81079371882566
25,33.580346200746135
29,30.677903876240595
60,32.51165953525532
78,33.69112291393796
36,33.521244415505286
0,30.555181383936
63,25.503462287704494
53,33.779286543623044
28,30.94886174491076
28,30.52374318916442
48,38.09288035808274
57,27.268099225977878
56,31.090552565053112
0,40.14940025865689
0,36.01616188412382
38,36.270663361688605
46,36.36064391726245
0,32.3180037144953
0,37.33591007269514
26,30.333884368269146
48,38.220536415949496
23,35.79412096193288
59,39.474894549517735
7,30.746833484410626
22,27.501704548970494
38,39.11816617848558
60,30.93353419989255
0,34.07769683984828
79,39.06918520078208
0,30.400380866360567
2,35.995856213403705
0,33.60368941509374
0,35.88029549647238
21,22.508239613135537
52,36.69131389970426
37,33.859772977707465
8,29.184075422354447
32,32.80757184318259
35,28.81458191948046
22,25.578114468938963
45,37.67502717521634
52,38.45846489132247
0,36.95633032583603
56,33.253569941188765
52,35.28563354785711
19,33.16751370565675
10,31.041525381879744
61,36.8712182383784
0,37.25284311875418
55,36.82475895279724
23,33.21878486387286
28,38.61408920479864
51,32.51788003490657
44,37.24444418842312
42,31.784241379430608
19,30.075774958192692
16,31.59024111892414
67,32.42410837957693
37,38.92247329942641
45,34.12824795938626
38,35.98481162632825
39,31.720986701685124
72,35.47374931867742
22,35.489260279095014
0,35.886781497867105
58,34.04446039082455
67,34.21914620263979
41,31.898418171144883
30,28.62577167431664
67,37.50694833559769
54,32.95074238977848
36,31.59672095059394
24,31.68731303747593
57,35.01345743311023
27,33.162168585771646
56,36.67997085091781
0,33.5055307350262
0,28.36010154026939
55,36.902087448210445
29,35.07443697469536
0,25.433053469508152
44,35.374081901086385
20,31.119638266780342
22,21.919676296822548
43,32.40369983864172
30,34.37792524264091
0,36.156908019126604
37,33.99379659383653
38,38.01464126042391
43,28.842513824284964
47,35.525641160876255
39,36.71283564968165
80,32.4008070466936
0,36.187469565369504
67,32.86359805340563
43,28.165408331203146
62,37.53250662172712
74,38.68313590439387
59,33.11336003246004
48,30.351038868497362
0,35.60779866253424
10,35.34800670842135
32,31.75472246310113
25,30.323472538758466
1,33.46753233062876
0,35.052338872088924
0,35.25063138660037
0,31.13143535382625
43,37.332395807721205
53,30.04253582288895
61,35.37195545643742
26,33.146164313725706
10,34.7229012105472
35,35.62132691844929
21,24.927673097450135
39,35.05612424488121
48,34.56909864657816
9,32.483259627510655
40,34.41461585008827
0,30.289331238107735
14,33.55741255245187
31,31.163078586048837
76,37.23431537589691
13,26.52451269629408
56,35.5255992049285
0,36.051795778012725
28,36.35998308501509
22,32.88300616107552
46,34.13346641616866
53,36.57109532233521
48,32.15624139473878
25,32.067032813725326
34,30.619672501026166
8,28.858654976207113
44,34.46032039734983
49,31.262697810926685
72,38.67583516630116
56,33.18857934653655
49,27.724006163385425
27,33.218184127754746
44,29.872729485503324
0,28.640241206112094
34,28.293223836006312
50,32.61438136925113
24,33.338831358919364
49,38.590120352141994
43,33.15459810956777
52,34.51609883848024
30,32.82271430236616
40,34.19204303197763
47,34.607248064243436
77,35.52089574961176
14,26.004100857325923
32,34.197650462741365
31,31.534647494459303
49,36.63696605278442
3,35.579410933003814
72,36.323120911579885
32,34.36674217188866
72,35.176943299824714
42,30.55854371478462
0,29.795364210982704
69,25.549756270558728
25,29.758921988247316
3,35.97311122642541
31,31.651004681122686
73,34.24980148314634
19,37.15089636277095
56,35.28572538134014
26,33.53741107842768
29,31.221425963242478
20,26.222288734077818
0,27.55798468529735
27,32.415505813361804
4,34.42621232423943
28,37.55614476850387
60,38.48098466252129
82,36.31537321669807
0,31.18837772246757
50,32.32472989227583
23,33.838867653792924
21,36.096235915419435
0,35.43665219234953
0,36.09593228980515
18,33.17813896622225
30,35.80487657645849
55,38.251470728085025
59,26.35190427396404
27,29.191275025721225
0,28.60113963271194
24,33.358371795139924
20,26.742016736290807
0,32.937315946273706
18,33.64099846943079
3,35.00578657562394
30,31.23324328168317
58,33.55850769788781
18,35.04288151136937
22,31.316436114454575
28,36.84695190893989
0,32.74550722257345
39,32.328311605116106
58,34.50704124660869
45,30.83936474680826
16,29.31915906811953
14,26.996539623511133
20,35.31629963774087
0,38.07712487115647
51,34.123985597483944
13,26.697137875689705
48,36.89135274361163
19,36.268873319996075
37,28.920564377014884
32,25.916074735766575
0,35.19203544929738
26,32.05706420677144
56,29.842610343156217
0,37.3356180201246
28,31.679993857915314
57,30.652948534325365
0,38.401007961498564
33,31.874003249273876
10,24.503515450537225
70,34.97381096942728
50,32.79457061209462
41,35.24488167466008
0,33.51067703140951
43,33.05362875943228
52,31.14984515387834
1,31.707458840008112
24,32.04021313629854
35,26.935869532598858
61,34.616838862663585
54,38.10508204828296
2,34.9881638439548
35,32.646948657341326
12,27.911077447807656
0,34.8627215586077
12,32.03206325466763
26,30.231751870284967
0,27.936845116449692
14,32.02610475332772
67,36.555926077742384
3,34.61136775710216
35,35.769933185090956
73,35.20512914071268
0,33.46628317196623
56,37.64208158132418
59,33.66161923554224
35,35.66506457059139
0,35.1891466977997
0,33.15369378740494
55,32.77807394663886
18,31.1501026803537
64,35.281731013582124
18,32.84615104332087
25,34.176182663541354
58,33.888983147273784
38,30.253867442065733
2,33.43587272584775
42,34.80822583584161
71,33.08681343532221
0,35.15926876606244
34,28.197919024974528
36,34.63843380679758
38,30.01218570931234
34,38.66818647678062
19,22.944469709432695
16,26.408691924721865
45,37.28220005083633
28,33.685876927739
27,31.138865908515452
54,38.42129090999081
49,37.092685983638916
40,36.885955883690364
53,35.21695035683676
46,38.15980472324936
0,33.10817423398898
54,34.83058317265668
1,32.844209373825926
41,32.04803165807193
45,32.881467746281636
75,27.17345554015757
71,30.5432096918301
34,32.84749081465071
0,34.43758405052073
48,36.684580950318285
44,29.124277659838263
41,35.864495352714506
42,32.146249609317934
0,34.602966282703775
42,27.366085695836404
0,32.424620285166945
15,27.369637376182233
0,32.8612715270258
39,33.12528692874676
1,34.60097645468415
33,29.90444437815098
0,35.66386733199374
52,36.62444617571792
34,32.13415101828467
19,24.01353841905319
60,37.12023232725417
31,30.160651371133845
1,34.20199093597354
17,35.01521612584696
0,31.221977536179757
0,31.709290045642003
72,35.8050808033931
57,27.79414803779427
8,38.15380463051234
39,34.438876222167515
55,34.04729117183979
0,31.47196428986536
0,32.218281361369044
2,36.04666830485804
37,31.748280308053424
23,36.62910189711786
41,31.4872438610442
67,32.47832020522842
0,34.795635203340645
84,32.628594760074165
42,31.833189536259226
43,35.65618896569198
34,33.61728086133041
1,38.07337543950054
0,33.55582962269718
11,28.365021356030464
44,32.88716202404125
41,38.41231329688146
40,32.80785108009074
6,21.380518032374205
0,27.957869083355135
22,32.98210114337755
75,34.143008988859904
24,25.172336740206408
62,32.943216543716986
33,34.03957680321621
12,28.65862816564306
0,35.15435850261978
66,36.641929684117045
44,35.86886862729167
61,36.498243275055536
49,38.30298808827001
76,32.79694701196278
20,23.23593453066711
0,37.27819772921084
59,35.52568847087658
0,33.77066509730684
61,28.7632211227808
62,32.30537655466821
42,27.366085695836404
40,32.456394610292165
24,31.92572753870675
21,34.62267817000386
49,37.197275211125685
24,39.66286257291654
28,28.314994713380482
38,34.3046743567056
63,33.53516024571738
39,31.830261640402394
35,27.31059011834066
20,36.49976306669498
49,37.450381802188744
43,38.79510027469034
46,33.36248016399831
41,36.74579492663356
32,36.015351825329894
40,33.70733088641355
0,37.35939332520412
31,36.38808548262324
4,34.59240514754427
60,37.5286398563131
44,32.08103046269745
13,32.35978486735184
33,32.0570738718537
0,37.13247096487606
22,33.42059311912948
70,35.24131464967388
1,36.12803935619499
42,36.550944570805356
76,32.18817470827419
0,34.98704774085851
0,35.441785316051174
47,35.57252589797021
27,29.325896033804266
26,35.69701746762562
52,34.82866441052332
59,35.26322514523932
1,37.616328607516785
50,31.13995395101376
21,33.71659742724473
0,28.785884143102443
26,35.25757087690246
0,31.166576787631683
57,32.93396427154523
28,31.33295068663314
26,38.39913633771273
65,31.797097001504497
33,32.242763530756726
39,34.100052092635394
71,35.038602074997954
56,36.01203854504703
32,32.187895510658855
22,34.88195838893728
30,39.95473926926434
41,28.75132091273632
66,34.842039079997626
19,34.71756975480431
13,33.50893138897144
51,33.28074970204912
18,34.218751099136824
53,38.250009379014195
54,29.98695757856046
29,33.327339913368775
33,34.52135240765177
79,33.264705938917935
62,34.880761640186385
31,35.39965328189802
50,35.27452315194494
40,29.86878187546923
46,32.72463629796057
15,33.20658575797162
25,29.079346224157803
64,33.53846130624677
47,38.32848317915705
0,35.28426438889959
0,34.82067222454135
0,35.08988204874114
21,25.041876219567456
47,33.19616751430528
12,39.32417817096021
68,36.143642792582206
38,37.7391410403843
54,34.055654998617406
45,35.02749480974389
0,34.80339946028857
46,34.35351823280935
47,36.57276192177507
16,34.24157408349035
0,34.012618481931185
21,28.877350413313852
59,30.363791128916006
0,25.725375884797636
1,32.63140555532632
75,34.95867406472064
25,38.728016611257495
59,28.247291907936646
49,35.70443898472959
54,35.64344515514461
31,33.49209976749167
51,35.04308357719427
38,27.666342108390772
42,38.75143122032199
39,33.01996591279003
0,34.37461432550202
23,34.63137860287936
56,32.777704305978
49,39.37966682532585
53,32.85470723466845
63,30.92919431466651
10,35.24748999330366
47,38.294960696867946
31,33.598334581081765
12,30.089296503175042
21,34.96884987060352
67,32.421753906206646
55,34.74241999642067
47,39.927909642034
7,32.5125921019226
57,28.27895057220164
26,36.849311085361244
22,26.181893767361295
55,35.834268740807865
22,30.75710780571176
1,34.4121510905543
13,23.28280158308201
0,34.84118893578996
0,33.599986225686365
52,38.3663972089044
55,34.55002677861785
43,33.15666567333449
52,28.793890505201915
28,32.8725146446597
46,37.19083460582183
7,31.815468211804756
40,38.45431974082995
24,34.421631306557245
21,36.7240359025472
14,31.26641860785949
41,35.47089859438045
6,30.01133853925418
54,42.37823593389528
0,32.67108463087625
34,27.183883779936096
59,34.67649733347851
40,34.33564251608289
1,37.0498728412741
0,34.75758729215288
54,36.82532897484996
49,37.20041734599951
61,27.960289260182606
0,36.920696948065924
28,36.83821921356374
42,34.576699357672275
42,34.789693244190566
48,32.93929048007318
23,33.534857094231285
77,32.53792148918155
57,29.925262551433285
8,33.998550715052886
23,30.53678012865953
35,27.747404335008582
11,36.424901903304544
29,33.25114500772099
0,36.94282872200332
6,31.473418392896384
54,32.69549922350936
45,35.705354186670576
20,28.202987537301937
32,32.300554104517246
0,31.71932981096627
49,34.71479623604155
7,26.0341651669109
55,38.208931809911284
69,36.37963812480057
33,34.17521766230505
26,29.422653700715276
59,36.22240639502289
24,36.74515637535782
72,37.734965360927454
46,33.99410086011733
0,32.9395909663791
45,31.783107807619864
25,20.507842080336218
9,35.07748588085479
0,33.15579388565079
47,30.061222643347055
47,35.76649006129123
42,33.33347546105835
74,37.2834977842319
37,36.545086497055856
13,30.22441693447247
0,23.87506360725354
48,23.953196391405115
24,37.57816676212002
49,31.23997330630772
71,36.027172927245964
17,34.28196204441784
24,34.86313909573007
51,34.87800476090599
19,34.68082757523194
74,34.878580344986176
32,30.90934036235672
69,32.58232186288987
30,34.01784824705679
0,27.25918304196749
27,30.113421892838826
33,33.701635922719035
29,29.421905463111806
0,32.69300609695501
48,23.823800540487127
40,37.38898328799918
82,36.00107971399337
0,33.476733596931155
41,30.925323661347136
19,30.459284328676794
71,38.50519123446507
34,30.57190923705826
47,33.81454434318544
27,26.007246489083048
0,34.805262574396465
17,38.89497132460182
39,33.92532251502273
5,28.85594176324272
34,35.08358448103627
41,36.84591091358605
61,35.34168554381585
0,31.18837772246757
46,39.0103524815843
47,33.85729788260087
0,33.60368941509374
19,32.47734386201126
0,35.249561398014656
20,33.66592772252412
51,36.522593869486926
29,27.923268537185447
45,36.23939078445308
51,33.18287488201035
13,33.92081230342541
1,35.016310407753515
20,24.730047146159734
43,31.912155832674557
58,34.48206510817778
3,37.73810434225492
29,39.296659088684365
81,38.525450827769
42,33.92513229142448
35,30.552754855684768
0,35.088816152175056
42,31.24394258612199
45,30.50247446738338
40,32.11371620307538
18,31.136125057211707
73,33.49912980516615
62,40.49338336553464
65,38.08167380519408
2,33.817355113591674
35,36.780342845946386
37,30.889286594110395
30,34.06017299604383
0,36.00818721167339
30,34.6681986981762
19,34.73719401978717
47,32.78527504931335
42,33.57930245349943
26,32.67704724570645
0,33.258993746644876
0,34.32455431808379
80,32.72452677788196
42,34.967015165347064
40,31.627713033218726
27,32.35845110287532
47,31.646396097625708
69,31.5244057023071
57,34.653403647835624
49,37.5647451231037
18,32.7859792431468
11,30.569549953929215
23,25.750067982529657
0,32.87242820455696
0,37.341957854943814
1,34.826006893476105
65,36.803065148983556
3,37.38437432305237
43,29.66818945733592
64,37.55020420527864
45,35.45363193964847
0,34.33622502543265
31,32.967764306763335
26,31.978973914748295
1,35.42076456741968
0,37.11635221531073
60,35.58348160299499
38,24.835309173048422
23,33.83607854792791
11,31.741691101025246
46,34.27290565817853
38,35.636809207366404
62,32.44673854882801
32,33.094686210458704
0,34.120736489206706
0,33.90942351224297
77,32.91594995624375
10,31.273510934829027
42,33.80986997229263
41,31.650813254245705
25,32.148455520085896
49,32.40536508109248
57,31.76822822575949
0,32.07847443231492
1,32.9082274560574
25,28.863905335354218
47,26.938467900132387
23,33.26007088886359
22,35.7639744921852
45,35.518349259185435
58,31.067579189487912
0,34.84118893578996
62,38.99790602456788
53,34.74924775723811
21,22.641367094975053
0,33.64359821705048
44,34.58214063946519
49,37.66419417368058
1,38.243465039113445
1,34.625396195770925
22,35.618083304385706
42,28.8525686074496
0,33.70308574845304
67,32.076070449827135
33,31.33571482012373
20,34.978444756512125
21,25.665901572696498
3,40.16162451417215
0,32.82087506732138
28,32.21140698723593
3,28.222916236365947
10,29.083866750985745
37,38.566147552612655
0,30.342287552539883
36,38.09939616382122
47,30.953871641675253
0,33.63377953395508
47,30.129221354338583
55,35.10089563295854
0,38.07337543950054
44,29.922735883916136
34,33.798418558351266
51,25.91298068357039
12,31.861806622386794
0,33.10525449266194
10,25.46369829349307
24,23.61501978512818
35,34.004038069839005
34,38.89774924482897
55,37.17668766763777
18,36.08341450778635
41,36.38903429104946
58,33.10048707676858
17,36.13927316595485
50,39.210349937699654
0,35.86713181919567
2,35.67490277961841
65,38.78491403716363
0,34.1134828714102
20,33.866935903820675
9,27.360629853666232
1,28.511105251753847
29,38.54636578470478
55,35.5931309975836
42,36.677559774297315
15,36.0165391283641
37,33.80915102365878
64,34.51421790119834
22,32.708454171463856
0,37.790064200364256
54,36.36015035884232
19,30.279926158938174
0,39.74492971357715
36,36.539572151031265
1,38.019863103639025
1,25.483126136158923
42,38.619576710406584
35,35.86314318160264
45,30.082462207159796
33,35.536672224624496
64,37.511032727188
37,33.86550627221885
74,30.475070610724263
47,37.321544929831205
0,34.53275786101917
25,34.449982071393485
13,32.71152582946664
0,30.074162336054737
12,34.354404953288885
13,31.10166656970167
61,35.59642763544052
58,34.00040640654905
10,24.244622008203933
53,36.654253960427674
6,31.267162102154998
0,31.260928055693714
70,34.393544579611934
20,36.37778684556399
21,36.722100660574014
43,32.937982195499934
0,27.301764771472932
11,29.981619258099183
5,34.61473846615182
60,34.7940421036194
47,37.22241590234472
48,38.52241025347529
76,35.4526055962991
24,37.42017993223395
34,33.616073443314
29,31.481170387540722
14,24.63571008483982
73,35.92351384143609
0,35.827396330506204
2,32.03468548158359
60,37.12023232725417
52,35.36860136213986
39,37.50944463845972
39,26.322276900677466
38,37.616984585856756
39,31.800917940664092
40,32.85943402645597
38,34.3749296119994
32,34.078541979172364
41,32.48032890357155
38,33.223712297827625
9,27.25265095531266
1,35.07600698380204
18,25.91523761739371
40,27.9634210906138
23,35.67410786628989
36,31.62295578286095
16,26.850990718614913
37,33.02445315845625
25,33.847095628800865
0,28.76364522542014
0,36.66624033502354
24,37.60244719728341
34,40.528997710106445
26,37.336882940366365
48,37.45730840847369
85,34.66323836389411
60,33.14162055045071
38,33.61980546729243
52,39.11774931724504
68,30.50597662639337
0,27.537425490277123
45,35.034595005962494
60,36.168517513837116
27,24.600036267963382
58,34.65895150873712
21,35.40838115605928
0,37.29430105890757
24,35.33818138069417
45,32.40161735603266
60,33.34618623726744
66,36.68874773929889
7,32.654959051570366
0,35.533947857951134
51,26.281749148274265
52,28.788979858870377
22,34.397079745814736
81,33.62179010435376
46,30.888043619641277
0,28.76364522542014
44,35.88020593531318
27,35.56353109390662
80,34.95328158230355
22,33.07227373969228
33,32.53270332462906
0,32.67752243168712
60,36.86444976598901
17,31.25780473197385
1,35.68076525834703
2,39.34734767981704
65,33.3291856792656
0,38.018985063193725
51,34.09165217516919
0,35.03053453941788
0,32.004498378488165
50,34.9361598896028
0,31.932264788819214
15,28.959832167258952
22,33.415496911694035
34,32.5008572778358
22,34.15532842871493
2,35.345676968568924
21,34.530072398311354
41,33.29877072326599
0,33.1660711694536
31,31.235254049595902
1,35.675641966882445
66,38.93949887645431
41,33.85970051092968
79,39.26581859682394
59,37.38329317038749
31,34.927892061881785
0,33.85217558315094
78,36.80671646876507
80,36.40864678564203
22,32.14046289172822
72,31.64843982350658
55,31.53226479371763
36,30.64891337456479
36,31.34671666292842
0,36.672961482479586
0,39.61793784465522
48,32.61503767894373
35,32.94562526839046
47,35.10793645827742
53,37.11967647791833
0,36.44324800521976
36,29.959905237330375
60,35.92355911600644
45,31.290440687827726
48,31.597945563318
36,33.27889541583669
3,36.53392484790241
53,32.768121014249864
39,35.6264039050469
0,36.32340726189133
0,33.16112846535479
55,30.284670469289487
0,31.02830890828409
10,32.39685388852278
43,37.036608393970276
12,27.86081237335972
23,33.0143886259211
1,32.704489315514216
23,26.42754763643898
39,30.991746414125405
80,32.4008070466936
0,36.73687531680442
57,34.30803098304497
0,34.97135744185651
41,29.992106111213992
58,37.54285779558635
69,36.44938918220848
27,32.730294318762425
40,32.72623717247462
16,30.689468877968697
16,33.322050653177236
0,24.270145835693036
32,30.758646127198745
18,28.4033746148696
35,31.438025546152385
48,27.641463708479236
31,27.247966373112956
3,36.261990534267326
47,30.527082282451588
74,34.127743797027485
69,34.688154565734735
80,35.60711973329431
38,36.35246670917347
72,33.333667162533565
30,32.025834200407886
8,28.700661883042063
63,30.87438457352744
25,33.30704497701568
31,29.561246238316993
40,31.737737360985577
0,32.06179190565328
58,33.28480485876081
0,35.32548087261004
45,35.692071448220446
19,30.44487864116437
35,29.02144788859559
23,35.152065462743614
70,40.76600013641967
84,38.719809340392885
42,32.789101474366774
21,34.1258107488898
27,32.551289901783825
49,35.44810484410947
38,37.67432683086794
39,32.67141567855452
61,37.06246203034889
42,35.38997525112517
46,31.009123321666426
0,38.561382769444734
34,35.57072857132742
40,30.281063677850273
55,35.871732544293124
0,32.43674116993462
34,36.961410380975494
42,32.553834083151585
46,32.72350750061233
41,31.11284950556169
41,38.45317337177066
44,29.872729485503324
24,34.72363705357461
23,32.56585785249382
22,33.51983029297214
0,31.18837772246757
3,31.58987038977954
70,36.656398675449495
59,35.0720095445203
24,28.8961775095457
4,36.22999513066161
34,33.59919771883606
41,36.388503259144535
0,35.67490277961841
42,32.64562241835522
46,35.89938718157568
38,36.80641207646646
21,29.995499392722504
30,34.1973856050817
34,34.884992950599546
46,39.92480710592146
26,36.3158309422673
30,32.872202720058375
2,33.080871134434524
56,29.47176299717836
32,32.009457755792134
42,37.171665627534885
1,35.518027090541786
11,26.155257667520544
0,36.65336686302704
0,38.7024292041014
56,36.43018684593766
44,34.72490288019574
58,24.810270910910987
41,28.245231287933528
41,35.991262775777706
52,38.04451417776646
37,32.47631644924053
54,28.38751388297899
0,34.32352274338074
61,31.70178669280084
34,25.26222203922371
0,32.251384204273805
54,34.91095705973689
19,32.75203857783834
0,38.84396091729419
41,37.55693653243623
0,28.76364522542014
34,36.55834347502282
11,30.233812086541434
58,34.07048711323703
21,25.61657065844923
39,34.44448362387615
0,36.156908019126604
0,35.50238359646717
44,33.37985804529313
36,30.423548293624265
40,37.92456178877393
20,30.296453900640817
25,35.362739134261666
57,34.52538553847724
15,27.773961086469633
66,39.67362942812532
37,34.9295938618218
53,35.08376498242695
24,30.176110272684802
40,30.84741717296611
60,36.52642265087592
22,36.31324104748729
36,34.55784035170231
22,35.11898672005677
46,35.90528162901694
43,37.62456959061535
0,32.32302014924787
10,34.68873291784068
0,31.47810088408852
37,35.189916753031866
62,34.07293479492012
18,38.460716911911014
6,31.600205859398233
47,33.96326168772553
24,28.25627338783235
0,33.430461460841535
35,37.07035149250601
24,36.62874835415645
22,35.88832998225015
60,37.28778891236274
0,33.25644885420041
81,34.68337848276153
69,26.509730836868776
37,33.547435676674525
39,35.581776761331625
46,32.63566097244955
48,31.42745889965383
0,33.839010273753146
40,34.68961618313258
43,37.075828686182746
16,26.578096950212707
24,32.87993807390015
48,33.06004479774703
9,28.154281168028454
35,34.76870652409286
38,38.696668932659136
30,35.536908808507384
16,33.607624204152735
13,27.071508839454122
64,34.341831564805496
51,34.00313666177259
60,35.211486550889894
55,36.20981888792982
38,32.21003689074655
17,36.08985741570454
28,32.75143098178954
0,36.01928782089107
0,35.518027090541786
0,31.377112584753355
0,35.47545531305537
47,29.59419314436265
55,35.976989438500574
52,35.6823581237117
27,35.51689871734315
1,36.52247554676336
1,34.988423906908615
77,35.42815174495583
29,39.227197237077704
20,36.22888384769237
16,30.58770067642275
1,34.82067222454135
22,33.527317186961604
23,35.28196038232286
0,32.9395909663791
23,26.120778425161085
11,26.20374647516951
54,36.30411471661365
0,36.80850333729353
2,36.25964375163521
20,34.245835575719525
36,31.80921188988135
29,34.09235552899462
0,29.417859004084605
61,34.91173804002872
59,34.36680236525764
42,37.64903316261533
32,35.54286511203031
22,25.989372201110502
49,32.85322212647108
0,28.765160506066586
42,34.68923228943214
10,34.21596953378392
29,35.9779147517637
87,36.82773310648392
51,26.31399133715189
53,34.52436623062389
33,34.08262107286411
36,35.503168316824514
72,36.69256006871869
45,35.922485849957575
22,30.86130139389462
8,36.33110506502896
0,33.355546824941364
0,35.30461960013717
23,25.39837521022493
29,33.25827748455395
45,34.52852310064565
0,37.47507177184676
20,33.12716294270442
0,33.96730607676545
0,33.79018074871212
36,35.547966952515665
41,36.512750001339974
37,31.680252161194254
20,26.07624760175462
28,33.703590438746936
0,34.28355503041911
0,26.260575406960477
43,35.75487461044635
0,32.34992127977952
1,39.8944673818924
0,31.431099808939138
50,35.332686136379536
22,34.981429478313835
0,39.02354867246371
62,38.61932357512724
34,34.697637911350085
45,33.7621170675053
37,28.02131278249521
64,36.69533320220592
35,37.467834582294124
52,36.52584087890738
0,34.55080188656748
0,34.11930063077186
47,35.525641160876255
45,38.73926010181915
21,36.77648681875729
30,28.551402693423498
57,33.83018671662564
56,31.80361008222794
0,34.376476798589586
0,33.05442003621044
47,32.444321691262175
33,30.880351331217895
65,36.57576560694048
69,35.72131215358078
35,32.82874475219206
61,35.616201627715085
49,33.33730096235055
68,35.83492591951095
0,36.55838799870527
50,37.772548071311306
48,35.54377747275485
15,25.20393590328893
2,33.449077360869076
53,33.658098054075744
62,34.46907044420174
0,34.33537681759315
13,23.948931082651676
19,36.99271008337282
55,35.99429126204208
21,35.979000492334876
70,33.96474029013628
56,30.46349077191961
59,34.995347871127535
34,36.41906541858312
42,34.34771353945503
37,27.35254693624091
0,30.70993603053092
24,35.221020698371596
32,34.84511285435458
0,34.827425534168334
0,36.58509190921903
47,27.455237489961018
51,29.020025020190346
6,30.15424922682108
54,34.63871317799344
37,35.8252079520742
57,32.57354327500179
41,29.935117996503273
45,36.110104997340855
20,31.56536892060856
0,34.99921724164556
46,36.90704104758228
8,36.80017706141872
53,38.62376176726637
53,36.42237912441093
21,34.86902079075492
22,33.90483527358273
6,37.27891470676877
22,28.442490446722474
54,38.63812050443305
18,33.292398004527975
0,37.63141702121256
0,30.361241946298918
37,26.54760383098147
48,38.11171641507521
75,37.73221358282941
0,35.4684836663015
19,34.04142231042545
3,33.656680867746914
0,27.967110799235495
19,32.099302865888255
51,36.73947660336846
53,27.067312105475974
46,31.424969118593815
50,36.152763279152516
17,29.932542053409996
51,25.953443286242802
31,35.14010842722247
51,37.32230867371824
2,33.29948851546478
55,35.3030397408759
79,35.39887445558352
35,30.178969276335113
6,32.26703270197672
44,33.417929225436865
1,37.020715568651205
58,31.54095063741009
2,31.823336491389284
17,31.506539162885822
38,35.35922878235729
55,37.14796785815888
47,34.031860859901045
30,33.36111278089946
0,32.54399889959513
25,32.50431136960426
61,31.9820141242336
11,30.627745263685075
47,39.379973278979094
47,33.65967052876933
4,32.161547685995814
56,32.938866426731956
34,31.290943950647463
49,35.050471227982534
65,30.625373412117277
23,31.69553491468518
34,32.443344916038896
19,34.66156007642089
37,36.14384803864096
52,32.663504183194696
36,32.36907866099005
18,33.144606317514324
70,35.8355591610919
54,37.72863151146517
35,37.27634440980217
59,35.772494975781555
60,37.721455222110386
0,42.13201576275803
67,37.840502746677394
20,27.562964958144306
18,31.504353509043973
45,36.88317123285149
9,29.549070173725127
47,34.16341084641142
0,33.65646538265176
74,36.91130060790959
33,35.525995850302216
1,27.534570460898607
16,34.390742826840714
0,32.981219066058465
44,29.987972032993362
20,37.23667249919191
11,35.71297465610827
32,31.00491501424347
15,30.86076602159073
0,29.947763484941326
55,36.99904439486998
58,35.5889012968434
24,23.508493675518487
50,27.868616243288447
55,32.89482106108261
1,35.24898570209007
0,30.59891575117651
39,37.714035385432155
1,35.110677751067676
23,31.577031741151913
20,26.47645406393219
1,35.53975603767964
11,35.41813633784622
56,38.20731314867032
36,32.85943402645597
37,33.84370655633931
21,37.78509962838581
66,39.53032060225409
25,36.00183289685928
69,26.52433938447738
10,32.13355187999798
27,36.18732679673365
59,30.510720208397906
21,33.047421361630136
21,34.79520974238419
43,35.33305968693928
11,31.43386305061079
0,34.43730882753851
9,21.418651704817094
0,37.258519782732265
38,36.22832134106533
5,36.83968484089199
0,31.868456388471657
0,33.44245166958121
66,35.441785316051174
41,32.69893976853405
62,32.95371427957998
62,32.52452362541511
0,30.46407118978128
64,36.90582631386588
38,38.44874466702941
39,29.988983049609185
64,33.47245530136379
57,31.347078902238867
41,28.306250480390446
0,33.476733596931155
37,39.052262475999335
18,30.99591267936904
26,34.18888347647655
33,32.80511188082119
58,28.57141484071001
0,33.43588161256789
36,33.730927708355104
44,38.34262001760675
57,34.215416611228726
1,34.472604562645856
23,30.364782355767204
22,28.057338338378926
53,28.41931026084971
0,35.675641966882445
30,35.98489391380198
0,27.997391807938655
53,37.046573873337735
19,24.98836457465103
22,36.80117927922528
60,33.30980422668067
26,26.054727914908906
59,32.885172518195816
42,32.752568362706555
3,35.89110353133397
41,37.85843674666151
60,35.152752696544674
24,34.923423880703474
63,34.89179482597645
0,33.14146607271129
15,29.152095396814502
46,31.377616749945922
19,33.961117863440464
21,20.38337535421747
10,28.004009999467698
10,30.441233389620976
18,27.81062258944548
42,31.91535642608616
49,37.426684309935325
36,33.042491980784
0,32.53738027399351
30,29.57559098856327
58,27.02304968856339
25,29.039488075076537
39,27.848184418290053
41,32.61191856458449
49,37.00147213615891
72,32.53524568034585
22,31.613894088294924
26,31.3925330129605
0,24.03887982680656
38,37.9942890870287
38,32.09837634790951
21,32.172211753918575
30,27.402312626222887
0,34.880112286842916
40,33.36896035702012
15,28.5874458217963
0,35.218150812182316
37,35.55601189217601
59,29.190759887467173
61,29.26673699041229
17,37.33321321909473
19,32.30054050117104
0,35.67890889770988
0,33.13327048055461
62,20.68898445352624
37,37.842789507346396
29,32.014991944511756
58,28.232502150388413
0,32.98774834877028
37,35.27235178411863
46,29.910810191939422
24,33.817605165843915
62,36.00880416511663
44,31.88031418201283
77,35.896103484115166
0,31.843689045426018
38,32.54607160642921
60,35.424826984814715
70,36.7554263741599
71,34.340867797299225
44,32.952502284612635
26,37.2546686448605
23,26.34075379708719
34,35.75258532277545
0,32.25292342973362
44,33.61648067299349
16,29.173385223221096
35,33.35346846619328
36,35.81000948018303
54,32.39175410746303
61,32.8831794164881
43,35.96858614471349
47,36.57092396547498
0,34.234191092604426
8,33.372556056206164
44,35.357024951805975
0,35.43202578100375
27,29.383355486366426
32,34.111936973941134
51,28.221496037446766
49,36.28058714123852
0,32.67798647802594
0,31.115540471498164
0,32.89580195397435
0,37.47997539250847
23,25.949056682112086
68,36.530312250422064
21,24.591504673596695
60,36.73601744453961
58,35.17280287742491
19,36.249725569652654
35,33.36326873900125
47,31.29947220500001
53,37.94960647180259
24,33.90836981904383
59,32.334513465903456
62,32.18528688049956
0,35.001065012039156
38,32.177286779269
26,36.785146028939245
38,35.85959394863799
33,33.763172482979336
26,30.30244454983456
22,31.09003589222989
47,30.03910363299385
0,36.62892775145542
27,37.36884480997749
56,35.35820141047526
34,32.71628503320173
41,34.8806754664587
32,35.73053225214352
27,32.83978961154023
42,33.79108680560674
0,35.441785316051174
54,35.57127282051399
25,30.202036495025975
64,35.964340614015896
59,34.01048779188893
22,33.11645750071985
0,33.342209195956066
42,30.077627042135795
36,34.74911832587539
23,34.41130385352779
22,30.583662293665355
72,36.02136169748767
20,26.84566691989442
0,31.656385185897804
9,34.92342004810402
36,33.35607366707821
0,34.05080738359563
41,37.57724770320231
0,31.709290045642003
19,34.470452153826656
13,33.2631824431315
28,34.29983740203399
20,31.07176144198821
41,35.2444287391413
58,35.35103082143767
67,37.05131165687668
51,35.74099364297628
31,31.773672798746983
67,34.01533918788208
32,32.494715740976496
58,37.51165758619793
0,37.729023406577596
0,35.682295494470196
41,31.44432637987378
25,37.05581663437398
63,34.43139942193292
60,34.76723782732848
27,39.233134929005566
42,35.41736429162104
13,29.364893883208968
45,32.61397748797836
33,24.68871178702908
22,33.96068167979817
21,31.256825500521565
37,32.98498489631256
25,29.812828596949924
48,32.67809085920367
70,36.149085611816865
59,31.77351535946763
42,35.1118506890605
19,34.87964045412206
25,38.86503218298093
26,31.6581863782965
17,27.33982229876046
56,33.82432012381792
27,36.009063263144895
71,32.35511726933667
48,32.07630988968246
80,34.88115232313604
46,32.87132278068438
2,27.100852790989343
1,37.180877733705586
47,34.72842359955654
45,34.82690743931087
47,32.49287562574401
28,35.60276336057689
13,30.98490610332758
40,30.328218669239238
20,33.46365579130948
41,37.63689859548945
72,33.980378638402286
43,31.713114688143968
30,35.25304684456313
38,32.73488471313581
18,30.881240788836404
75,35.610908017028656
45,38.84396344042173
4,31.604846863197793
60,36.32178564294834
9,30.379514956901186
53,29.73814197839024
6,34.552504211250906
0,37.76397484497345
64,31.605609319040592
41,33.13844467512981
39,34.72103300507323
39,37.87353616055834
58,30.652269518119155
19,34.38656312716952
0,31.77720041871453
0,33.46628317196623
55,38.18288597168963
0,34.31777977992965
0,33.55726992580107
0,31.736970754312914
11,36.35069062808976
19,36.27755188373209
0,32.33881736189464
37,36.34972453435448
45,36.30014536193878
50,37.015200090060844
35,32.49439812868969
15,34.90934897796254
46,33.82172629859381
39,33.86529397350408
64,36.72737439807262
3,34.33142513423417
55,32.65767130373447
68,37.181092608738574
67,32.39150971333864
70,35.48914092391976
26,35.91370223320025
11,28.94376153464339
57,30.138562157509515
66,36.688932972696186
74,38.02216957356244
40,32.329218407311764
23,33.58830872893732
26,29.50966993580797
0,37.27819772921084
40,31.05141278620363
44,31.941714861200673
21,29.06603853963062
0,33.02240713682958
35,30.603106418959783
0,31.218510756612893
27,25.08869615452436
43,40.42850064787196
73,34.854329000737906
62,31.542424264925643
20,33.179794966791185
77,36.208458403347635
68,36.45372105863756
57,32.40841559312596
39,32.073865999690575
22,37.26911225080709
25,33.848620718037076
56,31.75082860570451
60,26.605317120435373
42,34.07610862070397
20,31.70543254512983
63,34.13727868897482
43,38.3557208140122
44,32.051679657819385
21,30.405333177305632
54,36.76123594317797
0,28.265991350373557
34,38.02164695271997
2,35.539207754506705
43,31.235711797061818
35,24.89766795792501
37,30.58814811568317
22,25.093929124837246
40,33.39261919227798
30,35.65808207388322
4,28.222916236365947
1,34.43448628562836
66,30.74792533579318
21,29.117805349656237
19,34.462558502778464
28,32.05743794135355
64,37.24562876007248
35,31.62420531324849
52,33.6368083894637
3,32.105902926514595
20,29.27042943860146
45,35.03137547568618
41,33.11864476433583
81,36.32898711479648
38,34.640857519948206
3,37.916607601000294
59,32.55995227746835
25,31.762475529456374
21,33.100886055353904
61,35.545496081963904
0,35.119188516992
44,32.89974956784308
38,27.7091899544693
33,31.445654981230245
53,34.945541654426364
21,34.82205212725408
11,27.42917892742428
85,33.720036606187044
47,33.98537555144786
23,34.46082954995977
47,36.84854385501699
48,33.057542599935054
0,39.88273366818666
17,35.52020783687465
0,31.314488446976206
67,32.27780510570886
48,32.06953006911224
58,27.230841332684736
5,35.77620487230799
40,35.36579104092173
0,35.21700328234133
29,31.172069920544125
43,38.79514946818423
44,32.33314166765093
74,34.5038022424582
49,32.58569930776556
4,28.09593779867449
62,36.082102553997025
65,37.50748175853064
0,31.956010408105893
22,26.06110152395364
20,33.275630996143654
0,32.99919017208894
23,34.99447789193372
47,26.54729284236779
0,32.9395909663791
43,40.1288841987094
59,35.419197797371105
65,32.16139460270469
34,34.64097698746575
36,30.07856436670855
70,36.54696749043357
33,32.7543123210189
31,33.936213755891664
47,33.39578962568895
65,36.74809985784675
34,37.35661690463797
0,23.521538867799492
50,34.84474824366378
16,28.564570478058418
36,37.7161607255611
74,32.40084085687893
55,34.96066093791775
21,30.51095991166471
0,34.625396195770925
27,34.33039533363565
60,36.99155662671515
71,36.52817838734444
42,35.99480064053022
30,32.50033076857271
22,34.37271460412534
22,36.6834234150674
19,33.87067628452479
46,36.59922702030329
16,35.96296420502843
26,25.677178644196523
58,34.50785560853147
27,31.9467302113627
78,36.78190762302516
16,35.596122884242
47,36.79137889858753
38,32.48389240575189
0,35.05020545848249
51,37.033527268216254
20,36.22956173838053
19,37.41117272253985
0,30.573621569439922
40,33.06403040264946
75,33.53033981966637
0,33.599986225686365
13,27.484078829684456
1,32.844209373825926
18,32.07600585838634
57,39.06489029806233
25,33.21066149506628
9,34.51688410235222
0,37.9621969736262
50,35.05719365266125
53,37.13769311775049
59,33.886216922527225
55,34.89296275653198
0,36.48963731283855
24,34.78668458518418
43,33.33066263501149
66,31.588600231030185
67,31.729486239527553
25,23.92990285342715
44,29.004886574352973
82,34.73980098161074
30,30.842209114699024
34,31.98058521421423
0,35.515779808259765
0,35.350153913463174
50,31.095478312150863
43,36.709636769679165
63,33.69482960343984
1,29.366588820644125
43,31.95883478247672
39,30.582691352455445
0,27.37379962609696
18,31.162402747923473
54,38.2259152335322
40,35.22740546695121
47,37.97496926320705
23,30.85103943198104
41,32.941556796434156
36,29.59177328123744
56,33.459890090227525
0,34.76894136994639
29,33.68296668829242
49,30.476484386523335
41,36.06205907814184
1,34.891247225104074
32,31.330080013577692
8,24.580562593245226
46,36.71812268497055
20,34.04030086929419
40,32.08445854485794
28,33.92605509534402
25,36.030064348380556
41,35.06765280717614
48,37.50609001849284
0,34.42621232423943
39,33.719026196712385
17,37.39921927332375
42,35.39049727508849
0,31.399424749391315
44,36.303392223384165
39,29.547060789349995
18,33.691227424678445
49,33.21515222953739
53,37.83001664680348
0,35.15063253919298
29,37.16810728320557
11,27.735514187983338
34,37.73204222471513
20,32.92364712644927
21,29.97030078326649
76,32.716196378741756
0,35.32121579392632
49,32.73274502733167
38,32.9300584135393
63,36.40738758413128
57,36.98701800385372
55,34.16266746313497
47,31.70166084979663
56,35.285917204146344
65,34.82551963307322
27,33.30125123796053
15,26.2253052206137
0,31.260928055693714
11,28.18873796943166
30,34.3414367757809
65,32.93023144317835
45,31.142398650591353
13,27.984383702673608
48,35.65060499694888
77,31.72737981508672
72,35.416957874524385
0,33.815637806309155
46,34.10413056685676
56,38.53130596700434
72,35.75405363565599
48,36.03220745035532
58,35.90851046046703
21,34.57985805209688
28,33.66560707241344
43,35.60340646882665
49,27.90879680973062
56,34.00503878075833
32,30.243369313835988
0,32.69183700173919
8,32.25734759622442
2,31.58987038977954
21,32.11044644451737
23,32.52159539851177
29,34.38295519023431
0,33.656680867746914
67,36.17473667385077
37,31.268391250601827
50,33.93615363639706
0,36.22211996002269
0,30.608740749272574
35,28.239319655125488
50,33.13950827680272
77,36.68190479864234
44,35.918842570936945
53,30.119568856041496
14,28.04274946590544
50,27.886429544701926
21,34.24252277327381
12,31.236771535713107
0,33.93148959631834
71,36.07521132821958
0,27.402875208394313
44,29.135676265993542
39,33.2393644854172
49,34.270338957314664
44,32.851794915852395
0,33.15320136199446
56,27.919093871335242
0,25.901411178829065
32,32.86284116492888
34,31.279758072395165
35,31.51431570971821
0,31.147516412657556
54,34.574486836003885
0,34.82394942392315
73,31.199327710683953
41,32.193543200940276
37,28.409457256910315
35,34.90920215665512
24,37.045660783295155
35,34.419118326950986
79,35.83985559200206
25,33.121448169671474
58,32.633793969765506
68,40.37655952482301
10,33.09539726740429
28,36.650393343048215
20,29.593109976521035
0,32.69854446124199
57,32.16693252019483
80,34.45735872816351
25,37.53440006692944
39,35.64308272621441
22,34.38261347660528
31,28.344217588099067
18,30.47028153083767
26,27.111471512753877
37,31.93979406837295
20,34.8704217221701
58,30.743409360705506
46,35.86487891051998
71,35.99348937647799
55,34.93279365394534
0,35.53005338394948
41,31.418496031533813
47,28.730541590177125
0,32.42783072404557
17,31.198527668265086
56,33.98719020744563
56,32.8170455106241
55,34.74076109776592
62,29.973795537687167
64,33.67051998348457
0,35.54486850554551
27,33.72198957629033
49,38.44351963106283
55,34.19945515261299
33,32.5604546257491
48,30.431732644460574
42,36.395098134495065
0,36.672961482479586
35,32.036716504792125
19,32.2297831980258
40,31.982055052188425
40,33.65500665890067
63,33.12053935687714
40,35.82023731435498
57,35.78764327459372
60,29.67382032614157
34,32.36640647053226
26,22.928297032354237
1,33.57252118422396
3,34.11930063077186
27,31.440757174733168
32,37.37843496097985
51,31.878706060147636
50,25.171758012390264
62,34.4017725877149
34,31.56733522683951
23,35.23209274413294
0,37.5272541337975
3,31.58987038977954
0,26.25240174016578
35,34.57671222026721
35,32.57216659982868
41,23.69258210991741
0,33.53112425025647
67,35.00197386482819
0,33.9910060838565
23,36.53757797513954
44,28.735647854327915
54,34.73243825674566
41,36.52793346445352
35,32.01653174831374
50,35.01957153346662
20,35.266046319341534
77,33.23464029773521
11,31.6944214029678
0,26.9761091132224
37,31.838274070543726
48,36.065754985555365
41,32.10234688389208
61,34.8727564212355
41,33.49474599840836
4,28.26204052603244
0,33.12168550514841
0,30.403057973714017
35,34.267849054306645
55,35.32427120680536
41,28.79015947939532
42,30.67476216784757
0,30.29997778620219
6,34.62443214454975
36,32.56909653174123
28,33.19625131965114
27,33.8163013883075
23,32.77486613319696
0,31.18837772246757
0,33.59249396614244
36,31.71664071723652
33,34.23359259583538
75,33.53801858238332
44,25.640289935806813
2,35.65204837036629
0,35.423382931719274
2,30.657779798580396
51,35.056704168199566
45,34.56913140350289
24,31.520778331452625
26,25.70348763716786
22,31.90446999741901
73,38.436002485261106
0,34.60097645468415
53,34.520002256077575
24,38.155401012259695
58,36.92488293812607
17,30.771977554850928
32,34.300343228600575
40,30.565641502929246
21,35.58172352580324
57,28.434128897321223
21,24.12040784070147
40,36.330969327348555
18,28.95605609247898
0,38.71123865492488
1,34.575608044173265
37,29.87732237252608
32,35.853127940715275
34,37.0531530118466
16,29.340543250528352
41,34.55658051623779
1,31.722389277667602
39,30.371450087648974
53,40.23215471772263
44,34.71288033736596
85,38.031140812103445
27,35.90691656409389
52,34.604242845996644
44,32.78312632275453
54,32.72283818639025
56,34.39085842995603
0,23.21040799246917
37,34.351641053781975
58,37.22907036543478
27,33.62402210061057
38,33.63254476205618
12,36.5565041470847
16,36.88841171062176
48,29.658404622076418
42,38.910796917360315
0,31.18837772246757
59,30.980449710332135
22,38.62708088972519
44,33.60895020790443
36,34.08347111656275
0,36.74857073626649
44,33.80925511560449
44,38.502928973435324
29,32.88349680672568
47,36.07612914680984
39,27.983840041809877
27,34.21489949395902
0,36.156908019126604
76,33.32400561908016
45,36.939238448069744
42,37.28884441597228
60,28.536470532045918
55,36.763884748433675
34,34.43287826916655
50,29.54894716848256
22,37.26436918490124
64,25.40960419000983
27,35.74312655612934
23,31.749406802623852
42,30.322693980935576
62,36.318565223636966
59,36.60469665057367
42,35.01067541793995
0,35.049252790450105
75,35.52277782087093
5,29.596226503725507
38,31.89261782154983
22,28.865795232675556
0,25.229930022496056
75,35.42831022252446
23,27.849118944316196
25,33.312157606086856
72,35.143113210768405
75,33.39786665382616
0,33.316634666034936
18,28.957480926573492
0,31.13143535382625
47,28.619650514457582
28,34.82769637103528
52,36.47494912323132
19,31.657029101315914
54,30.53740549534126
0,36.9788066036321
0,35.95012633540116
51,27.195495138515014
34,34.7752905309464
2,37.05279533506345
47,30.642340341915997
51,36.89500873984089
0,32.7859324542137
0,31.18837772246757
21,28.223846055496683
25,34.99277367389102
26,32.93985405301578
45,31.10767092221638
5,37.5017140260642
50,35.41026347979784
8,33.320142140979115
56,36.969856267185634
0,33.943762027082016
44,32.88716202404125
33,30.037131316329834
19,32.73284861602639
41,33.12774999602514
19,36.97591716413053
0,35.61696465944947
3,35.41784379500711
63,37.04448979655723
35,32.607861010562345
51,31.982405784207355
32,35.063275929262566
36,26.276955925561168
40,34.640967800145376
24,37.14203486630776
34,32.51151715985506
0,38.32508750095515
25,30.664769675710634
58,35.1096458133633
16,35.92638249470581
69,33.2291554315782
21,32.63594882686485
42,34.53337403454561
52,36.534294030738934
0,32.472489709450485
61,35.6286439302303
35,34.98205451694931
28,36.74643402686989
0,34.98774794185672
43,35.55889419612656
59,32.55525313969452
31,33.091581192520856
50,34.62219829245567
63,35.48065664047185
0,34.24471758379212
29,25.000340471216667
13,31.746634969366045
0,34.209205623787796
72,36.597255222443565
83,36.156908019126604
0,34.34697764267043
58,33.19664041608606
33,31.792055833975432
74,35.502111113396026
16,37.20117754840301
16,31.081893298089096
21,34.52872182740023
31,33.364049304329846
32,31.611789313307156
27,22.671962830723437
23,38.21824081192254
59,26.27897916138334
1,32.34926711148227
18,34.43749486514719
0,36.559645664699886
18,35.486307442265215
71,39.66330423124571
22,38.653293459611604
66,30.269098481928456
25,32.106706366904476
13,33.54364495676883
51,37.93995677324494
11,33.47863773413324
17,28.811082306500477
52,31.129904366458838
31,27.273361409813248
32,35.14674038230676
0,34.55208403006942
46,35.63062475375543
47,30.135574465424853
14,31.728750451663345
22,35.57352561756776
36,27.626545674254864
16,31.041638297713746
21,36.89532897869816
56,30.670862412417254
11,35.09767817487312
77,35.04304067704848
63,31.993504374960963
0,33.88726498134858
42,31.83057424475115
24,34.71215790220736
20,32.53999835557387
0,33.95874961451037
10,34.08284106287844
24,27.856703194773416
42,30.351546976772457
30,36.49732449272511
22,34.49709472441692
24,22.245197222740412
68,36.65942320675563
67,35.15304626308677
20,31.620807309171017
57,38.929026548552336
22,35.52318754209117
65,38.01056287879188
0,33.77994344744526
49,28.885762741955595
8,34.21179268880282
59,30.916571107509753
35,32.29860656453332
36,32.652530347635334
0,37.731220847349036
39,30.27797354909998
6,34.47597182729529
1,25.78599225594359
36,35.16255027454364
62,31.094348444227975
1,37.98716909293363
50,33.37920877419203
50,36.72098545821158
12,30.75934620541286
29,20.86788458231986
38,30.01208867845303
40,35.79220048044695
48,34.70005254037757
30,32.29376765684147
0,33.95874961451037
39,34.53310645365787
66,31.915396964252096
66,35.62108932095145
40,32.930062222690204
0,29.863925916217134
76,37.03734336189929
0,34.79465245366983
49,38.01086883087993
49,26.536854614544552
25,37.18450636617542
28,31.137643393376035
18,32.706155298256775
23,34.890634815904185
21,36.082458946439154
14,29.62710281135853
79,37.62069411650549
83,38.305754648024774
55,30.09823875871496
42,33.699660279732655
0,31.87900570966894
71,32.767671491544775
36,33.3787789042865
35,35.487040720355
38,31.40081156858172
31,35.39965328189802
47,27.90158940286088
0,33.65309133253097
54,34.95684748959398
0,35.12227585758578
40,37.25094114327238
49,33.90907281904527
47,37.01394347432904
0,30.52067451721952
14,26.283654431661354
41,38.62689626767257
46,35.140902313784686
22,36.91946905471363
37,35.72390680157278
9,23.493350395785214
28,31.130559142213766
0,32.937315946273706
46,35.6890623217884
36,34.66262623684295
0,33.21656518339523
43,30.568106980832194
55,36.11619453053144
1,38.243465039113445
2,31.115540471498164
22,31.84232044321672
1,34.12924672834844
0,30.670965766413868
0,39.39747857073297
22,30.877356134359573
27,32.55290975230187
29,32.779545427557764
0,35.518027090541786
61,34.62636967506513
12,24.206564999322275
2,30.945261759876797
0,38.65167556043848
3,35.52316604279136
24,30.806899977615565
0,32.02652340237258
25,34.93340791163271
78,38.84081838142039
70,35.82440091068074
45,38.86943515376083
46,35.594733376629215
39,28.025523392201872
46,32.57321491917561
15,31.95577396668659
48,36.222939375738235
0,34.31810885253064
70,31.692752249242922
37,32.97756597608579
48,31.147593758617862
23,25.7522476010401
48,35.15790728039607
2,40.16162451417215
26,35.51900034100824
0,36.86177325280659
49,35.53352920373923
55,37.62106347472161
24,30.518125024016474
22,32.90555673167322
41,34.25163834819995
47,38.78734556544942
44,40.70330935315174
27,24.607027365415025
55,29.379406029817837
57,34.82949809259144
38,32.742709312859816
62,38.746791654682134
0,38.243465039113445
45,27.150360817973926
28,33.605292072006314
56,33.9288574070498
42,37.79776038236034
20,30.178610759708846
33,29.67251580026989
12,24.84870132958977
22,29.468286640564568
0,37.971938864638
55,32.25177616422629
0,33.07337659651328
33,33.77311176987085
26,34.495306568614545
23,32.725979121607736
9,31.15459869534012
16,34.84705397245108
65,29.259092530371426
51,32.06672400380028
0,35.11599499226087
53,35.11197886439325
0,28.80692232137601
58,33.50604763818617
56,32.79889701673014
30,33.69163602672146
42,32.461990547087666
50,34.580128156160505
55,35.52183189946515
16,35.09867189819622
36,37.56920438666835
48,31.897579623684166
46,34.756786149813394
60,34.293822374672445
68,37.376809621724426
43,29.24306169002027
36,32.7083813459964
16,34.42837711748954
0,37.06093041218767
67,36.784054491152055
53,31.820208559960317
56,32.70875425641669
0,36.04090415100427
5,30.886707905057506
27,27.778871877423715
0,35.65221392868183
31,32.70862399015576
0,35.81543067886252
52,35.235186007508105
42,30.618993922458955
27,36.06116276661313
16,33.41721239355261
36,31.194946567078798
25,37.82044908314358
32,28.659468889193725
44,32.165638663396635
54,35.43938880648062
0,36.3544048025075
43,34.54152174230118
42,35.76509410783488
48,34.566230835691286
38,35.13755968526609
22,26.27050758874853
5,24.576368249459616
23,29.023147820069404
46,31.694087153625322
30,31.874625942943638
38,32.47355863117663
0,33.43388081900771
67,34.45425040383734
65,35.419704018756086
50,31.620119412149272
36,31.543554323396894
38,28.9031972504388
48,30.66635301491106
43,30.530608265477987
0,28.79498590509919
18,32.17555599787294
22,24.894151069956525
22,33.40094725558245
22,34.04006732990053
16,36.38532128316254
38,30.51967808572649
22,34.34585361719476
46,34.282511045772196
1,34.02983187838036
0,36.60738374622209
2,33.07409544045047
44,39.165255882868635
19,36.77704639276866
0,32.2287615527583
58,35.850099669612774
55,32.76975761851732
61,37.74580689242309
46,34.930883873059685
30,34.960188490057426
61,27.545148943993013
21,33.87403195154947
24,38.67276356573771
21,31.208320833505873
46,34.548286866269216
21,33.73510828963373
26,35.89729875899057
62,32.105474159769344
9,33.660416013916084
27,35.44566682216843
46,28.024999019640376
33,36.682335840975874
34,32.62526284792293
26,32.67939937564526
0,32.86516250783809
28,34.40389089615178
39,35.9860716240744
44,37.20308693471304
42,32.821516815188225
0,29.49365924426676
33,32.753825833587904
43,39.054358967442184
31,35.918997491682816
34,31.465031804750268
17,31.885173014209574
0,32.9395909663791
35,25.60864561363842
20,31.959648819607697
34,33.707267274884856
42,35.9468010796562
38,36.56762613167034
52,37.31691094531277
26,29.544027643242774
12,33.78302213714261
34,37.189226482335975
50,31.730730233330306
53,26.430384819994046
46,36.110617321004035
67,33.33941632704444
19,36.338229289947684
39,36.817918555054895
0,36.53392484790241
53,34.49937325230678
0,36.17709953240648
62,38.50767874439732
47,36.99174089469449
61,31.44369362694676
1,33.64879387960151
8,26.181548134882238
57,34.11254347664296
32,36.02962490983064
69,37.8091918128064
0,35.558726705329796
45,38.367525238863934
62,34.519968696321385
11,31.30583368976841
48,31.69507623153454
66,33.63845683868596
25,36.50595776678872
21,24.574396460147533
52,34.77891635235408
59,34.506258237511524
1,38.64408978238376
0,33.90069587229167
40,36.47795575362296
23,37.57675064100289
69,33.73020569704631
37,28.982776859901534
21,34.75020271659095
0,32.05187058380898
44,33.19719282336581
27,34.15602121363668
30,32.60320794080013
68,32.398366964937
13,25.843239859925877
18,29.601247838195945
67,32.94532280159011
19,35.07695065940254
0,36.29392333547458
43,31.134024451621045
0,36.271638796408986
26,32.31502065528688
21,34.90854233276993
69,29.957168280989872
40,31.49870660035307
45,26.95258056585414
70,36.15557066764146
22,35.272743051351604
1,32.31336971762077
36,34.23295579882484
0,37.11635221531073
0,34.32352274338074
24,34.18788895069263
42,36.82882935165534
58,39.03975116496533
27,33.872169968085494
11,34.08960459086246
4,34.22772777987929
42,35.7070510002155
29,34.837325539020846
14,31.529417146866468
73,35.644340438577025
0,32.202804362741986
41,34.093155104205245
25,32.65743974304364
0,34.019133669306655
41,33.54668481664773
0,34.177186367895196
64,37.150296387836576
30,39.65677072062839
46,37.86391301416081
23,30.126307530574387
50,33.30941453039102
55,36.84435928379606
0,29.57518658282765
72,32.97939290310052
3,35.95162280809568
53,35.35040041142332
0,32.98774834877028
84,32.89580195397435
74,34.97605763098147
69,31.187138891019654
11,32.925547706055156
12,23.953974438177404
77,30.309860141380106
33,29.68940698903224
25,35.11944808943193
43,26.69923806265343
28,35.16331763706322
50,34.88929627986761
28,23.828051664191555
47,31.08332250553087
0,26.676742507249127
56,34.2572392083215
20,34.14899319014201
0,36.474959224255805
23,31.071308904912833
0,36.156908019126604
22,37.49924134748394
69,34.90869442628753
37,31.573631834959205
10,32.37605236226341
18,31.4697563688699
37,33.85068016300684
2,35.48725615523528
59,34.89735109312022
44,31.47506156620248
1,34.44759746850188
38,31.979953964441222
27,37.61174775906229
0,30.766431577335684
63,34.0993628180375
53,30.045168657863872
0,34.61458196517947
56,31.39243757637578
53,35.107058296656014
0,37.024435615627404
42,26.94172664430697
31,33.12396347965723
71,36.22181822959651
47,39.87769872944519
37,33.32051180886363
22,27.626018399994805
50,34.24019997797991
57,32.470806915067804
40,34.22882977696674
0,34.254376851394284
54,32.32837029293554
32,39.263160554406014
53,35.11959916351621
80,33.201128855404455
18,32.973238877326345
38,34.88726724524173
38,33.660872508251835
42,33.441162180860935
57,33.071508713886665
37,34.51832316682202
0,38.297810444560014
40,33.1265359626687
0,33.13116833101314
74,29.53451295228231
20,29.494887633148256
44,38.11929688818552
23,27.786844507769484
17,29.61167439763239
25,34.59240747840407
38,32.30725224743631
30,33.52898006067186
41,32.10236742429026
23,28.820271397305596
20,36.512029346832115
28,27.82885991763249
0,36.156908019126604
5,32.00876156800064
28,33.865814402779954
38,35.183396467412486
0,37.8069814424401
71,36.84550999829047
24,33.23440295020091
28,32.961929710196756
0,31.435640122659372
70,34.57392495127732
42,29.879157153208055
72,33.95766118069547
42,36.03211059389021
22,33.83525962596947
0,35.81699557268849
0,32.218281361369044
47,33.89598274637272
20,37.89123483546917
45,33.926721239895954
0,34.55698077546171
65,33.708325206009235
38,32.325488233137634
0,29.19009976247032
44,37.32532454767864
41,38.897999601690124
46,34.24454340341779
0,35.55050950285859
52,36.33001518702358
29,33.95713712275146
36,31.394098234091086
38,35.614816716937476
0,33.85217558315094
49,31.618163748465243
67,32.773481063782235
16,30.910926226889995
10,25.045118325787122
54,33.40333467493191
0,33.98447851864329
69,30.88353485845918
37,38.15051110304761
40,35.725962727541486
29,26.113469352045456
57,38.3394622528536
59,33.45520376054875
44,36.01613387224857
14,34.01326894708086
43,35.293457408144334
72,34.14191227679056
14,33.491636925805196
0,34.805262574396465
38,32.931990481173194
19,35.676300743048465
67,35.40046037216973
22,24.545749662383724
0,33.855411681121815
42,37.96342618119873
59,34.12776725681471
36,37.121820738163464
40,34.850264877743356
47,33.20212500015093
42,31.867438611581647
0,32.73206489699267
42,37.37184321699598
0,35.90680603787937
14,33.20208180021177
27,33.03993313309313
6,30.433786693815364
62,34.62973483671849
1,34.76149452283661
0,34.575608044173265
0,32.01507098222961
54,31.4045339249952
52,36.62444617571792
36,32.40273190192364
45,28.36496555084716
45,38.58573990508826
59,35.65000665769672
40,35.55941227819208
37,30.86334340405589
21,24.580975039419446
22,34.08101207643221
18,26.409490759560196
38,26.095805049126398
40,36.39210250204419
35,35.402604364116335
38,36.02017907437506
37,32.97760093110385
22,30.249393787730884
38,34.373241346359244
49,32.72244400712547
48,30.87422188357789
35,36.00903036942894
31,36.78113114034734
66,34.03316627662042
38,35.02365706258257
72,33.13354374296295
26,37.76488006246571
0,29.564810194473797
19,27.496711007984192
0,27.899004058470272
45,30.340133490872923
82,35.55050950285859
0,32.54009768688835
45,37.19616151977659
68,29.967831485329448
9,24.002834149287843
24,36.545734531779665
56,30.712644889262634
38,34.031994959863084
46,29.846756810744083
74,33.05511371211492
38,32.462521003403204
59,30.56148469799896
22,35.614453920001104
24,35.07626755290025
41,34.53294060014862
73,32.36986145722902
58,36.88751399045094
36,30.891797199667902
47,26.423063729373858
16,30.47956596363731
0,31.108816010609264
74,36.68791310076895
52,37.10829543192709
48,34.67047656444596
38,34.25636134395638
0,32.69854446124199
48,37.580813939928916
1,35.28441849583937
35,36.18380637538703
23,32.46617762273088
18,26.080569581958486
19,37.322019187470204
44,29.884282532858137
10,35.054410128440225
37,38.694151389659176
70,32.156355645231606
43,32.899451458828025
65,34.04824178486243
12,34.722198881928094
44,33.01005606717117
0,34.389902924229084
2,29.403302803077203
49,36.89010094014303
76,33.77683518300715
9,34.093078786724504
17,32.59894580294586
0,35.518027090541786
24,33.03331454489552
46,32.21156821245033
32,30.11062803363845
36,36.003306365434014
9,33.607784635516616
40,35.82986742590389
24,34.26023868050422
0,28.76364522542014
0,33.683838230910965
57,30.005838001183037
48,37.72489450661852
1,31.131958342246303
45,34.62421168372665
49,32.915846299184324
67,32.84559567845909
36,24.01512321895406
66,32.44173344317023
57,31.08452208799966
26,36.062153102320856
23,29.534208202951646
28,32.359789171700456
45,37.58675263654147
31,30.773794237607348
27,28.31446256198435
26,28.456740834596587
41,34.00416962687653
28,26.600564266707227
30,33.98355403653223
0,37.11559774787909
41,32.68932864492974
51,25.925319416408094
0,35.24799201702064
9,23.633265544751918
57,34.653403647835624
48,32.60963680084824
10,33.34692314210657
25,34.43450911212492
28,30.425831977874196
48,32.78812321370539
29,34.684024472123426
21,34.42853765548389
25,29.888120811262116
0,34.4154189859491
64,34.51536431344591
21,34.25056333684853
11,33.763043178204256
44,35.38743347498046
46,37.61229051902402
33,33.30268075803865
19,26.090878541037625
4,40.41393172798349
0,33.30580633201751
41,31.958000758192306
61,23.58370704606472
45,33.536390190608145
29,32.986431874703925
0,32.27150496735089
49,32.39399420116865
10,33.183061919537884
0,34.84588307586056
54,31.910055264747434
20,36.22319293438238
37,32.339854862308506
9,24.738870996618786
10,37.85650764232013
0,32.780724685417155
80,36.12892015320167
56,27.419543581938097
16,24.315310291687936
37,33.07490992985862
0,33.15934097510392
6,31.598075890518935
46,34.12902874039774
53,27.386177709908008
66,30.943091365051526
79,35.76880433867501
26,32.63332919738495
1,26.72877312267654
0,36.25964375163521
73,31.509717420541246
55,34.34491122380206
13,28.544032200557684
3,33.90942351224297
58,25.374391326004073
59,31.76644072631187
34,33.219489845890614
49,37.410704822693276
21,33.97390617383246
6,35.61596150707808
0,34.9881638439548
0,38.21495102048373
24,27.864640292017047
0,33.07443645238244
13,27.61851908956021
38,34.48883709479755
43,31.57763183182024
20,21.980602327734893
68,35.70718804070425
76,34.420367576855845
39,33.219894775253515
20,34.796224252420664
19,34.728670021692906
24,35.2851150470763
47,35.33157742048418
49,33.78205158419913
60,32.0598398021819
47,26.423063729373858
58,32.04813964252545
0,38.59294831158463
40,31.84747444962997
0,31.823336491389284
24,36.2438258827779
24,34.69732545940137
5,32.218281361369044
42,32.35011192223836
0,29.592272531722152
31,33.22640522220235
0,31.29997686177891
29,32.32295683968216
57,32.80892739830884
0,37.59267684829174
0,33.69335232125822
26,32.67607640004301
0,35.82548875514748
55,34.122485438622164
8,30.514958577466327
0,33.409406806651894
26,37.361036715715905
46,27.719960827204655
33,27.716565360652034
0,33.89249838501656
43,35.9355791915355
0,34.49911754645817
76,40.38422107412693
31,33.75472074078202
42,27.513925099718985
51,33.91797956458957
20,33.89193717367832
0,27.26154946959597
20,31.925252276789795
19,31.23354387801853
43,34.88154087307584
83,40.24209248780076
73,30.237430742244314
30,34.00917695966445
71,37.89243416594518
41,35.577303331666315
47,29.52616662301612
2,34.387276216512724
0,34.84138020075971
0,27.999151788424317
44,31.65453036862973
34,28.027338164023252
41,34.72134762962956
35,35.31511780727826
27,34.88551709409069
57,31.8171999349494
0,35.54861465568008
63,31.4961565658578
55,37.444787120785435
43,30.73328539678617
33,36.24410846465014
35,31.387967113691158
42,37.05991979060375
65,33.59564405416636
21,28.77628988043302
54,32.37333117441196
26,33.73999119256424
21,34.28865955719866
0,31.99013400969647
61,30.311077859791112
64,35.22131236423374
23,26.74895301190955
61,35.55418832228053
15,26.12267869228416
87,36.009560504994084
13,31.643454103134534
42,31.607386024465853
29,37.482219436574674
59,34.530920022944606
59,33.256489377405316
53,30.51475537229775
14,32.539515793881456
10,23.28855881382008
49,35.36544590082715
0,33.00231963631295
59,31.44329105379804
36,36.75427675878718
26,32.751858910247584
45,32.99309318941932
0,37.268287852671385
20,32.647834144427044
51,39.37818070258807
0,33.0714288432004
0,35.481732501634184
0,33.730797200566556
0,35.066265960183394
49,35.59770012211329
67,33.61990012600574
40,29.7938969464998
20,35.621908926682735
0,34.75029462319325
79,33.19029585551071
61,35.456394908050974
20,36.366999229730986
49,34.41445614664388
71,29.364634984823013
65,34.16397083998407
60,36.25249506454314
25,30.163062154061826
58,35.43297739951213
49,30.74031668801959
18,27.735902986217155
44,31.900427247399296
22,30.518561876111896
54,32.98275005378299
0,29.002002968135592
80,34.047508583999544
29,32.843631303597945
67,35.81630392214886
46,35.803265101240775
57,36.976737171685954
22,31.220909044457013
21,34.44545059866057
0,33.880437749141
22,31.48667683282309
31,30.171136004618273
0,30.113495210650427
57,33.46202772052704
78,34.31170165082087
51,38.15177721523512
21,36.581612495324265
0,35.73966904855708
5,32.570366276460355
9,32.73896837467468
1,35.12560390621075
44,30.98106596454326
60,34.32898286041946
8,33.144437631128795
46,27.499537385639243
68,34.33605188779613
50,36.437581856649
33,34.64381189251777
27,32.94235388574892
66,37.82144857013565
59,33.35968758481613
26,34.8095923132527
66,34.402589711538376
62,34.21384285290626
37,26.082092526069452
49,38.16095111794541
36,36.368305292718595
50,34.541340130195145
50,26.961039341109426
1,31.644937959006217
29,26.68440422452675
0,35.8457482948055
0,37.180877733705586
46,34.30196912743677
62,36.73449933994584
34,34.8675930649993
52,33.17497033588279
29,34.49868716144716
15,27.609486589210434
49,34.172185884076974
61,36.9187905238791
67,29.703978901941845
26,33.42906205062445
0,33.99040197037319
10,29.419241374318172
34,28.850260226944158
35,34.145443089817576
37,30.86728497886734
0,31.097973573654023
0,40.76487263850281
65,39.220790659641246
53,30.492892525373694
50,35.05900938169044
0,34.22528216401355
39,31.75394139849117
32,34.67588399730002
60,36.73084605324887
52,37.67767224491659
24,35.86858950190726
47,30.83224710536007
42,36.42573105152858
69,35.554559011244564
40,33.51663816939723
0,35.40112671809372
40,33.82844734280248
26,33.89590672153163
0,36.34897814003067
57,31.302260273670246
0,36.16807368808915
11,23.0639994151498
42,35.81532361262885
31,35.62339208637964
43,35.87843411646713
19,33.4920890054807
1,32.0729079539966
11,31.990843173848383
16,36.93289671830847
35,35.11989465279695
24,39.46289844138462
72,35.498391415514824
48,32.725793130746894
21,32.914612881127354
47,35.4944853455036
23,32.612073335781645
26,29.702635617130703
56,36.59565355346621
25,34.63368521750764
19,29.696359409553914
32,33.91257649356695
0,29.46891822302719
0,30.890059164995584
11,31.802374279173183
2,37.38437432305237
2,34.59976631394068
75,35.96356691429096
19,37.322019187470204
3,32.256870035151294
41,37.282191953010475
38,30.497780718288205
19,26.902687679726007
18,34.456416032370896
61,35.30851071175657
45,34.75370214006077
0,36.91139302470488
54,39.64285834355669
63,35.80793290655318
46,29.975110495755416
24,30.808957805471096
44,33.234867853962
0,28.275297816821663
20,35.34003192731633
25,28.963067759940404
44,33.47654298877982
47,34.77785405501222
0,31.18837772246757
11,38.461273015674436
2,35.008478559934765
42,32.063013073555034
32,32.16670434245764
53,33.807306505288786
74,28.379403402862746
21,25.827568943348883
43,37.906023756974825
19,28.387684752447207
47,32.80399713006056
32,27.64511952109112
0,34.98812019836381
55,34.42883829783573
20,31.521190550323706
71,33.28244065835394
3,34.86269588081042
0,38.30109592619447
61,34.83807346015157
0,32.79101573207563
33,23.629738888876123
48,30.16171193109511
32,34.46737832843632
1,32.72495655237071
38,35.756992793935154
20,35.55006825577098
65,33.26119777706859
46,33.87496878742996
7,35.25317646769383
43,31.90932356562229
76,37.654151038098895
23,37.28809978651275
62,33.94580333924857
28,35.589156684112844
43,31.852966119295374
0,31.108816010609264
48,33.36254219344279
27,34.857343746663005
22,31.488059821111428
42,35.395777102465736
1,31.48476616580693
2,34.977524124895645
0,33.550423830247034
55,38.42824523673127
32,32.85572007872093
0,30.660818996174964
16,27.483314821835165
44,35.714098454013644
50,38.08185044304282
1,36.25964375163521
72,30.627701145255678
37,32.70236510396222
46,36.34463800906136
16,33.57729177220757
42,31.556350068586585
41,35.3667225738848
23,32.588517832932816
19,30.370249436278723
45,34.82690743931087
51,35.43282794293941
53,35.616136127337285
38,32.7836276923256
43,28.77342330569217
33,37.730977501966066
24,32.793587712979146
41,32.60876164704292
23,23.073475805276193
10,26.940006268657747
21,30.51095991166471
21,33.15379548580808
49,36.26534127135352
20,28.319463741977742
52,37.228765102406065
66,35.021393037316976
27,34.913960907030265
33,37.34126746070348
0,33.35942863797502
30,38.06305252510141
14,34.429781957249126
60,35.85923859557817
35,32.215893072371635
29,25.53165622726956
40,36.04732428977042
60,34.68980240588332
26,34.13209616313238
30,34.43931510905793
53,34.901419212919095
42,31.005895005176214
41,32.165491118804866
41,38.01876514881789
45,33.916924613632254
54,37.054404408878746
48,35.118942329972946
51,31.944991559749205
34,35.03148519415564
67,40.4759671260307
62,32.61280549771607
48,37.02446330756762
18,31.771874360390004
46,38.452539367875175
55,35.885518215281564
81,30.687588170880645
38,31.526816626476744
24,36.907331791333355
22,25.80444085247958
45,27.289059610871853
28,30.94886174491076
41,36.19561189532807
43,38.65685796022673
1,35.59548919221708
39,33.65603638109979
56,35.24912624407488
1,28.145507463121074
53,31.44925281578508
50,34.897792973577744
9,30.233305617994837
66,36.77587616745138
25,32.3345504778738
25,31.695636472283844
0,36.01432684454492
14,34.76347814298095
44,31.960024911054457
32,32.99828599473054
40,34.58351983197265
57,26.704446605808812
60,31.21475626308023
42,37.1910836721011
33,32.87070422589409
0,35.98890045660923
44,28.25533045887388
62,34.65189747211293
75,36.81149592165018
0,36.97595518939504
22,26.135403699044915
0,36.86177325280659
19,29.100155769619768
31,33.3102874294038
43,37.23716062220728
3,37.38437432305237
2,33.222890353801986
0,38.748723343192886
2,36.72048262085381
0,30.316395419012956
42,32.03957527084456
28,31.200656858567864
71,35.99348937647799
69,35.945513151371735
41,33.26778215386775
27,28.714214659879904
48,31.875126828336654
48,33.521015895998715
50,37.15700261724859
55,36.28585569586094
50,36.07872815023172
61,36.03928351478819
12,28.887826928686536
0,33.65108995021426
70,35.58976424763948
49,32.86602644085354
43,33.60617219668112
64,34.85999580988701
39,37.44099847609675
36,34.33716254689035
30,30.15183164310794
37,30.270518385349906
48,35.03059826437709
48,30.718508771118092
58,35.238281172772275
21,38.127156010499526
51,35.461586896680025
23,32.112531754526884
82,36.7697210207182
42,33.38792595362654
54,32.97362074068522
33,31.64497411638945
35,27.113393673060873
39,32.85026364420631
32,29.784540465309647
52,37.4057651931376
11,33.67566825348627
32,30.855565066458684
30,35.808784930373264
0,32.937315946273706
59,30.236594340042746
21,24.250930715282436
60,39.05381750842759
10,36.08729955061121
27,36.06706860859285
34,34.109222012499636
26,35.57910075425562
27,34.02993664003428
46,37.782388142050266
31,34.27048607070341
0,33.41329318177569
3,28.09593779867449
65,30.33223086104889
17,32.53950869165713
0,24.396534704906443
0,39.012594012601646
23,32.56625585617591
24,32.13148468126043
59,31.527904370952054
55,36.14291119602547
74,30.960966685425838
49,35.48450801428598
15,34.3728115646907
57,32.11616344665321
43,27.943173927597872
8,33.84552303521966
55,29.72693119480122
12,30.86011279991535
0,38.542566508636405
43,32.47633262276314
42,30.012512560653946
20,31.64319234119848
62,26.25448110195752
42,38.959124766561104
14,27.694937356181377
41,33.13844467512981
3,32.06771601484177
0,30.921167023689105
19,30.449555517553144
69,29.169555962026898
22,27.899600980900313
36,32.903013327955065
61,35.01195289910954
22,35.54071516705086
59,36.54136939309295
0,34.134616406923975
57,29.6265065530412
21,37.26098429295703
0,34.41092462103957
22,36.05461484530375
0,31.082887042793416
31,26.796532473639083
15,39.18802278800608
43,34.02430766911675
16,27.399061164177873
42,37.45560566548579
28,21.257816219751604
54,32.98135844083405
22,33.778124578328615
64,34.85938007249269
69,33.772640769293574
20,20.348617997680446
23,29.35543584678103
22,32.808679324381906
20,20.22552888946837
15,25.575475788757835
53,39.92302447301513
65,38.197372750637044
22,35.44044899669063
54,37.15588818090968
57,39.76958943221347
44,34.44733720787049
66,36.46468586301618
14,29.995254597245246
38,38.99293131970697
33,33.439410711009955
13,31.287194307029747
40,36.91302064017794
56,36.60338831177452
1,31.66632287161434
1,33.5702799634286
30,32.2877556319624
22,32.609040067435586
38,36.810224200120714
18,38.47407519685497
0,33.36065204110018
47,31.61354846474887
18,30.36589166415536
21,24.988088588991292
53,32.764007471228126
2,33.3471280250923
48,35.12171028505372
0,35.25663865982909
45,34.4056119774489
0,39.113452517584996
0,33.90069587229167
40,33.00087650493593
39,29.28568630603532
46,32.87107066605318
43,30.73752045171801
46,35.02824138495694
17,36.13562334550317
20,31.046043486647765
53,40.01450620666688
62,38.61240754481674
0,37.043835097300175
26,37.06352660242504
31,33.45491279388131
16,34.73713084837845
22,32.764403394568866
0,25.43367787879658
31,34.63136523660532
24,37.904887288987226
29,34.04996727955353
13,23.840165746627324
42,34.262411725741984
25,30.610328008897387
53,34.655002267879155
48,37.02446330756762
47,31.5354510530992
31,36.341381709411515
0,34.81297230529677
0,36.500417619352284
65,32.49376624985977
32,31.764176445427985
60,28.68678814354246
52,34.277507485109375
25,32.47720066421197
0,35.06012850855987
4,33.10111492323421
46,35.277259022344694
1,35.82548875514748
32,33.401257200991985
12,33.71295336060467
19,29.44136167261366
69,33.052313509022554
59,35.219139040813786
45,37.37796965547628
1,34.4819551536374
47,30.90930324439305
48,37.05955293062203
19,25.646606246928634
42,36.92431345424541
1,34.20199093597354
20,36.37645661427851
43,31.025688177921616
35,34.5067614434414
51,33.54050048339728
21,36.9584143579863
0,25.285970479108062
23,22.532599170477987
42,31.272366814965814
56,28.804685512514048
23,36.58070685183558
1,32.143985031899106
28,34.480502778065635
28,36.38162807916964
20,30.222974930282888
58,31.388586075207492
21,36.017681522291156
0,27.21437221625591
46,28.72184119328461
79,40.65319671010437
49,35.58592596971158
28,33.15283065946456
21,35.94289411676673
13,28.503676611487325
24,35.859710725238216
22,22.60324369467127
18,27.900500410715043
31,30.70145716261712
47,35.78184277125949
0,36.52358992356448
51,27.350445017089214
0,36.873594318909525
0,34.84588307586056
65,31.69247954070661
36,27.654709575851882
44,35.96279111826983
66,36.15217626819668
25,29.7067959602752
28,33.20925335790125
64,33.06966640693151
17,34.721943918192316
59,33.991293447012744
0,33.02798985135016
48,32.16250475680827
55,32.66493951591691
22,35.67183111050102
43,37.671267420999385
0,33.16880612504817
39,35.18260085433781
57,37.387294468037155
1,36.3544048025075
43,34.538397433298144
23,27.688262123939868
15,38.197650235132336
38,34.014578668995064
32,32.68641962290363
44,37.74037461038991
43,36.7862181424625
18,31.1784714285878
0,30.94680694183009
40,34.22413589884473
24,29.768006907870156
18,31.475032222277967
40,35.77149789040649
42,35.892279041657225
40,35.5852958910051
41,32.9609392332129
18,32.05814592366418
48,30.78924161018673
0,35.89110353133397
3,33.96730607676545
47,32.67251499820762
61,32.415690207486044
49,38.373246142891375
24,35.425601262601084
24,35.986666406496646
49,38.468725496061005
0,31.748578280417497
51,35.771081577058126
58,29.399634507204137
54,29.44139658789377
32,37.593903354386605
59,39.459034205163576
38,31.528226772433413
36,34.33716254689035
19,30.571026170180094
22,32.91961265959821
0,35.753753346714966
40,38.21796033103866
44,38.21832287205678
34,38.50527339428062
21,34.03241094022186
43,36.14156497931716
65,33.81624633000849
72,38.86678754352393
55,36.53240338356558
10,36.704251188320725
41,34.87261287666428
50,27.776298256022365
76,32.1229106174506
49,34.69933602197241
36,31.310984032152607
0,32.35350421727666
55,35.59797646512944
55,33.23807430430502
0,33.82884264409523
67,30.808603096164237
0,31.949892103164633
17,31.47822427817096
43,34.86112618260575
59,36.439706226008205
0,25.979169178665252
2,34.122769226679544
32,36.174194967336994
6,33.98783378022642
55,33.098877321578684
30,34.38674866191096
15,28.1893512307971
46,31.352553145072243
46,36.65942180472145
56,34.54984707782031
36,36.15876122499655
40,35.47072249202228
8,29.875198930133614
25,36.32339863969256
26,33.28061695403954
72,38.98223097264612
45,34.597905926096885
43,31.69039289568468
40,32.77260246387672
14,31.127354844420843
43,36.49296530465717
40,28.556394838368547
47,31.39354207295086
50,33.58224291859307
23,22.52923132013913
0,33.24529042976815
64,36.56532332042883
35,34.33389825035914
1,34.230700799316764
3,29.21747075345913
35,23.893151520242952
27,36.149355190245736
29,35.739639366302626
61,34.01874949272635
39,37.22349638574882
42,34.03654984001714
35,34.10178318854136
17,35.79905935617198
58,27.619486410613373
33,26.37033037293215
58,33.380831746982295
54,37.955276130885316
56,35.15502981223143
26,35.30417560302872
16,36.827724332314524
0,36.25964375163521
61,33.28011349027233
43,32.053597734954025
0,35.1640921378568
14,26.133623368740817
51,31.283512481611556
54,33.20497753916253
24,33.64374511586272
31,32.84475716647827
1,34.02983187838036
29,32.71974356504463
47,33.96925806451885
58,39.73741244371872
53,30.641368969056664
47,33.704726170860035
0,36.559645664699886
33,32.6971806141402
23,24.33493075975507
36,32.237202094530936
72,33.82924335145065
50,31.075971459422764
47,31.36496162242189
16,24.378519895518927
25,37.96284024825893
55,34.47382493335082
65,29.925582702376133
13,30.22391468008541
40,33.23501183969869
50,31.514447172737643
19,33.87271966129615
9,30.97284060601894
46,31.20107721065553
63,36.81138765772988
0,33.84213126767157
0,32.12626232719536
31,36.1716325064556
0,28.588992875665003
40,37.18787044556066
47,33.222184417636456
0,33.01373096829643
62,34.2087390260429
75,35.02234666919237
61,27.545148943993013
57,30.019509706054688
51,39.05848903340428
0,36.34645111502596
29,37.16267333710564
36,33.83660522326773
20,33.07952457458307
24,31.1522784818807
24,25.490676688022795
74,34.804208441083354
52,32.22844748891505
59,32.99271963225139
54,38.29782124377048
36,31.68884972382294
36,32.6728477245018
10,32.87589750245858
39,32.94045500884119
0,33.96730607676545
23,33.13279296469856
0,33.054899934896525
20,34.085160405697806
38,34.02737258967324
20,33.22639797036562
42,32.491989342613195
0,36.74857073626649
27,34.732829508907756
29,32.90263426377834
4,33.313150033593985
25,29.996627779700507
0,37.641837866668965
19,32.09572224521679
51,36.459985318755244
22,22.678639220710544
0,26.390847878759104
42,35.651740345937874
0,33.29815250667101
73,35.65149047394996
20,34.330312013744404
11,30.077467892470132
63,34.84862022518908
3,32.06771601484177
45,34.24659034457678
43,32.65267783848605
27,27.86849462038038
2,32.76853667297461
0,32.0683052967794
19,26.74921327218653
65,34.02942635037614
0,35.10747354686675
43,30.568106980832194
34,31.887583630984594
0,32.63368278100034
2,32.892049290649524
49,26.708890567386916
45,35.77587361412786
68,33.029431823234574
47,36.33946456869431
64,35.86901878464249
58,35.13633770314279
28,31.687363178803864
25,36.04329618024361
49,38.15544930649309
7,21.633690645461535
44,30.337194260045848
1,37.64809013552882
28,35.51253116551841
10,33.95056904663964
0,31.18837772246757
65,30.96357033093546
63,36.13330928284264
30,34.493033615335406
20,28.233388092466473
22,34.296332228585094
14,31.11880741254349
42,31.70867993019497
18,35.31433922292818
36,26.532172586377193
50,36.408813783433054
52,38.78311883148829
1,32.9395909663791
22,32.48991953872635
46,36.35488038346788
45,33.35868785249045
41,37.27620725995612
58,35.22196169731055
47,33.48478283029906
20,32.93531732731319
11,33.20045907204912
72,34.841375671831635
3,36.391435202035254
35,35.81546481458795
1,34.36025395525793
24,31.233655854521615
43,33.762616126917855
65,36.147593210786766
25,32.67254390897683
43,29.56556383674221
46,35.78671053169033
6,31.58000073494875
43,34.13724879520509
0,31.632602949833117
37,38.78452701409532
27,37.797600411495665
16,28.91655026117243
44,34.29265503323185
53,36.84960667376348
51,38.36312560126855
34,35.85113248336335
36,34.183422344801805
0,36.528995643403064
42,36.490474736432674
6,23.66852612026851
30,28.95657838723518
46,32.21156821245033
54,39.116272561618146
18,25.260045748059056
19,31.491287503883672
49,28.57654619933005
71,34.37059590667604
40,31.118635770042985
28,28.21234246102086
19,34.25004614017095
22,34.098024865699145
57,33.35548413162567
46,31.63802285263669
6,26.327359091672463
22,37.094562269426426
61,34.62343858965814
0,37.471001746998176
41,33.31725348509976
26,33.538736198188445
44,34.05986625384445
29,31.57974063384313
0,38.572396246684335
59,33.45156621453703
67,35.6024775570963
0,30.242855309927776
0,31.60354136794792
51,34.25959527306495
24,32.18378524683804
55,29.223209700332337
21,33.60330510087889
0,31.705830097368857
58,34.472432490317736
26,33.98060494994506
45,33.70747091363663
57,29.658632329018683
26,29.611768284484135
29,25.6071945863212
0,36.111515357146494
0,32.82998945779456
18,31.138242270388822
55,35.42831722900969
26,35.476562745063966
60,36.99155662671515
18,36.11933514046318
37,34.8826056486863
26,31.822905895000915
0,23.21040799246917
58,32.12257226373718
20,35.904384526131125
21,37.027381044480244
38,31.09202436157939
0,32.811727891950916
0,36.75787232977396
21,30.807115146691835
64,37.015689016309075
0,30.729596947881454
44,27.021889853580358
24,34.26786732033607
28,36.15216437708823
47,31.29334250501617
40,28.65386688041349
51,38.03872462417354
36,36.49090623119935
0,27.1300288243186
29,26.822051335169366
25,28.59198961985685
23,31.989043785678472
0,33.71880665226203
19,30.676910868840945
47,35.848738533185674
5,35.244423908475675
19,31.913081647122233
67,34.00585970158723
33,28.608786765874825
23,23.709439912319233
0,28.68116175539766
11,33.12086812361801
69,32.217631329022495
0,32.418706704797486
66,29.244105671532438
17,23.048432540253323
36,32.96635732586511
30,32.2750559217639
31,32.85865450180577
39,34.53720884570756
16,35.1702891090968
28,33.967013700709145
25,36.976593866905574
19,29.238597243247536
53,35.86273215660181
12,31.50050995849668
34,35.20457678654889
29,31.931636723459842
0,35.44030768791215
62,36.12003136342809
6,28.65880536665149
62,28.12983776290085
30,31.202740187163847
67,39.1983851241802
62,35.07630371608088
52,37.0201954538577
0,33.89964017207501
20,32.48194652387506
24,32.43598023916873
1,33.656680867746914
28,36.698737444801054
19,33.64099015533012
0,33.01009985881385
26,34.0545499605667
66,36.31471615732866
65,33.28598265703412
12,28.943615136350882
1,32.50211052756304
22,34.66947593840036
55,36.51308460280493
45,36.76955726841673
21,30.158511593115193
59,38.05665283511456
40,31.685309769401766
45,33.53142507151403
0,28.76364522542014
19,35.797820540537884
23,37.077263939379634
0,29.014253264214112
43,33.84299353066302
15,33.24578811637205
0,32.26792454595701
14,33.21162455667938
65,32.99877825169935
33,35.076406748885695
25,34.408016481562115
21,30.268546131804698
59,37.37066839591432
73,30.255186807754924
68,36.18724843341973
42,36.91741866765278
39,33.543264229378444
1,34.15779925471439
0,31.211717103534827
37,27.326266845817937
52,33.55033382618198
44,36.308109114586586
59,35.16910675583832
8,31.729579687973633
39,31.650032575918182
0,32.3180037144953
44,35.511950302017226
20,34.99988135227095
57,32.73867754082979
48,32.49055959145748
38,31.58822913176167
0,33.656680867746914
59,36.33592741942962
16,32.60677807767144
36,29.791368880392785
53,29.097475047153768
63,35.31889007780773
26,36.056251147843284
43,33.34603629689992
47,32.835263611821965
42,33.20723292628902
37,29.564797983383087
24,36.69232213958503
41,36.363830356496095
36,36.72084927399552
2,28.09593779867449
6,29.880369828773873
39,30.879634951326118
81,35.46825830253205
65,35.419704018756086
47,36.055593172539005
25,33.7130196898791
55,32.35603898523513
28,30.222186814963464
26,33.50208824727795
39,35.85664068568636
2,33.93887191288534
38,35.224330707160995
39,31.81026169092893
65,37.30572111808098
34,39.150972056345424
66,34.61392332540665
0,32.780724685417155
0,32.90357507890526
19,23.33743610020575
26,26.897549918780584
45,37.17949593233489
73,36.054358387028834
40,36.380585959108245
37,31.520819508604244
21,28.264474919003227
42,35.446248393798186
44,35.17984483114109
46,29.584992401658084
65,37.217121516772664
45,32.798691472267265
0,33.513675136477815
0,36.52358992356448
0,33.46999321209453
25,29.267448169436477
27,36.80263086216344
0,32.12626232719536
0,31.823336491389284
42,38.251263653345845
56,35.48411871349824
34,33.28917297768657
20,31.917871556882343
21,32.67923610369689
60,31.567818450524676
0,37.27819772921084
68,36.41194336135023
63,36.270171582819884
19,36.111690053106464
74,38.1065124430236
36,39.07128356148381
30,36.76991440347274
51,36.74770324019063
22,33.04998466920614
0,37.7905782804691
48,38.59762147839752
9,28.87436924841353
53,34.73033715301723
50,32.0583681065367
42,35.949619612218385
11,31.873376544351807
57,37.20886257341934
22,31.553164788608385
47,33.765180159402014
0,32.13867136410601
0,35.19773656949617
1,36.26680562280016
28,38.203543378025934
40,31.12184699722432
31,32.464156870322896
65,32.670332163242
51,39.61657945419265
49,30.700581958473343
15,30.20085004565607
22,23.678379406644005
11,29.069044437362088
69,33.024481941701254
35,34.95688239598006
31,35.63719116302915
36,33.81230286139534
58,33.13856637670676
54,37.62790237226
42,36.25647758372606
37,34.40297169456124
0,35.369670630694245
1,32.66614047444202
55,33.621363302009
0,34.86477701281742
37,32.147285167541675
18,36.740641850490974
8,22.84994280437725
32,35.150769471031396
29,30.221226779317057
18,30.573219962898783
58,26.076840434254052
0,34.59834049099009
38,27.836817616228767
46,33.54016627607985
39,28.66716799507764
12,24.86891264121239
53,32.83833048293114
62,35.33054912669373
26,30.76951290786069
42,36.36339651144609
22,29.037077281460647
33,29.90978383695621
26,31.744398311359312
55,24.620086069825312
16,27.45012618534917
16,26.287451827606173
63,35.17217703582325
0,35.55050950285859
53,32.636871373081654
49,38.262002121608504
15,35.19880218016293
0,31.07667277108409
21,34.42313492178233
79,33.879549930323755
53,36.074263224977216
28,33.56449296614618
58,35.205224819488585
20,34.902223387077925
0,34.75906455139155
70,31.923856712111593
33,37.190396766399864
79,35.552101971082564
20,34.226296804181715
67,36.518774123157456
50,34.9731440698413
0,36.66624033502354
44,35.92936104528698
64,36.26375530790848
45,35.07437290596701
11,24.503480253947767
49,36.211732307836876
60,32.79194348873566
7,33.6852384911796
0,35.157816512233794
52,29.771378162549485
35,33.76216645615876
58,33.257523454439585
1,35.412652720906074
47,33.81215544081908
23,24.78727761324976
0,37.38437432305237
43,33.41989751776753
44,37.94545177586185
0,36.62754807194159
63,31.975773152864615
59,35.22522314852062
0,36.16374624539131
34,27.721766928821708
48,34.37688771189576
40,34.837193479543615
15,25.90126296843453
52,37.99620211590448
29,31.962281128335686
35,32.607861010562345
13,28.16738942512637
0,33.38962257953057
24,34.47267065606889
44,28.864188196963372
27,29.256168226715374
33,36.116017677427095
17,32.98121415069878
0,33.13365351271524
38,30.973948863880217
64,30.492147014192575
19,24.955813630080474
72,37.734965360927454
1,33.157551844344894
53,34.3039943751115
55,35.131781170280924
24,35.269410271740234
2,35.72087524350186
45,32.19628046024291
18,32.87548818900304
31,35.3561106588536
56,36.09526396371767
30,32.12819746052149
4,35.25603369685844
22,31.555299195001236
32,31.84387024972452
48,35.17925742379678
62,35.40383681528964
59,35.46482840621664
46,30.155499491720384
25,32.16178770883177
0,34.61607449848946
0,33.99903932578152
16,35.661944305698164
44,35.574205710887455
57,33.22701794327508
61,33.68826098176081
6,27.03999862824489
48,36.085356168340546
56,39.01105927646386
20,32.76336139879213
60,34.52283516661001
31,35.28819046801936
15,37.453750514560056
57,34.302240549103956
60,35.92614288459599
29,34.05183333159344
0,39.61793784465522
0,27.553089207245797
71,24.988362933669165
53,34.90462740835725
40,33.39368379246205
27,36.03043080351831
0,36.111515357146494
20,36.00650864041023
0,30.220227267202144
59,37.36169636320931
57,26.426675897493915
46,37.8499781725172
19,36.58229239577712
0,35.54861465568008
5,30.46983183589742
66,38.7069077231189
0,32.64141914588604
47,31.80175616575363
5,32.12841178220005
69,32.22514579048295
2,36.843434025388994
32,35.24023451877942
40,32.762222707809016
53,32.09098653043455
0,34.82067222454135
58,32.09086272796906
2,33.954910395377375
37,31.66568482256468
0,33.1660711694536
9,33.562675178720795
73,37.60181071796116
32,32.01490100658872
0,33.355546824941364
44,36.53303325295224
63,37.26258981167837
42,34.63089098421598
0,32.21740278069629
9,34.695890695024886
12,32.56939249915591
38,28.045601079276167
49,28.41092928192732
0,33.21656518339523
0,38.903358582655194
39,34.602323759037255
4,37.286405706879684
42,34.66879106509915
22,35.75850139635846
0,32.68201790583233
1,34.920890202283836
62,36.0654451872915
42,32.069978348295884
45,35.47922716000634
43,34.68167388075897
37,32.13105451943704
40,34.39452942265531
26,32.83483499960537
1,34.54786336260396
37,32.813292917111745
0,33.95944896268131
59,21.937016549370963
37,35.4257131707699
34,34.30807084888909
47,31.721205554860436
12,28.05345032830051
46,34.07336738573583
60,29.500372930946234
21,23.212514785293152
26,33.952330920137754
30,30.9441268487449
64,32.83524968314486
80,35.60711973329431
48,38.607894720870206
43,32.242727391150645
44,37.80018665536103
0,35.86362992366037
20,25.42064247617839
24,33.778087228151485
62,37.572170902681556
7,31.499087601483545
52,32.2374016750374
63,38.39394194474978
13,34.523685754858995
24,24.233132786796347
24,33.202694885737095
38,28.201478970545836
22,31.506682908507443
51,28.57446580533224
60,35.79964651799445
62,34.473936646556005
45,38.585741900960926
75,30.64300008033721
19,32.24562995856791
59,35.62485273786993
71,31.409110373892787
81,37.9541036798444
16,27.399329394812913
46,37.01471706319607
39,32.699098992910486
0,34.77096894020824
38,31.18902988051859
29,35.58043029134183
62,38.61932357512724
23,36.47452380671917
58,33.62848676072698
22,36.46801352062988
31,23.925000725554796
4,33.59089903720367
54,36.697179289736304
26,36.14830262786031
5,23.328896828225062
0,32.3180037144953
29,30.625912689445936
4,33.20016650938391
8,30.687201190640515
62,37.7499826725414
40,27.676545961593597
40,32.33762759273618
11,26.080727758384306
0,33.693810694579604
47,35.97032662182088
23,29.868750372272682
24,32.139799524180816
54,32.05146550997951
40,37.326641048162564
3,32.89753941508733
37,32.174046351117276
0,37.471001746998176
0,34.55490346660354
2,37.569856781876
80,30.884656454054355
41,36.45832856060463
26,35.92495227308224
54,35.767540967921455
51,32.76508100372952
24,29.587529914675446
58,32.595884677917084
44,24.54940449680671
52,28.38548647495486
16,30.5663295668546
0,33.81592824439046
54,35.82248454652406
51,26.04988933397665
50,32.0570542795823
1,33.62024663099647
31,30.996491780202778
47,31.68509151353371
86,28.63388470195795
24,35.5353584494454
0,35.17896562821201
37,32.802250082494666
35,31.515288063263064
0,35.43862486381515
9,33.004563592324736
0,31.909817327789845
20,32.29225971084054
26,38.08757927611732
55,32.07414888821882
39,31.711698876845592
13,34.05109198103662
31,30.31625955588983
0,34.86269588081042
51,37.851132792386714
40,38.118056795539495
32,37.24286246263267
46,32.34748252865122
42,35.3385072371794
40,36.5175075207208
3,36.768398987399564
35,37.312393260778876
30,27.732929931129007
42,35.15512982383754
50,34.914920556495915
25,35.101557972754065
46,37.73698462172005
0,31.285274185079793
39,34.26783801141824
52,31.082887042793416
57,36.16699557764871
27,33.33246299403241
18,32.94377685668384
0,32.12626232719536
63,36.66421845641198
47,34.607248064243436
0,32.64287488398097
34,35.47516637001073
59,34.46715735325805
12,32.932690317403534
27,31.74480427442959
40,31.751665687360948
23,26.526497208040233
24,33.757610682285375
23,28.00886834189464
1,35.50141699607055
0,32.42982302320778
85,36.23530426476617
52,35.822914143559274
9,35.726996908584326
17,37.17349073759272
51,35.358168714388256
58,37.21740185987794
29,30.79093100647429
81,34.7974011478728
22,34.799425045023916
43,31.235912381979023
10,32.63664990578354
38,36.56974564777919
52,35.6704007123529
21,33.15192935268586
40,30.875019701113285
27,29.57344634520613
47,31.668063717679097
37,30.69301926329148
35,34.62828197592886
0,34.97793616824286
20,24.172723696682972
35,33.69349778361124
0,28.957028839753605
55,36.87644581487331
14,31.919186280178078
18,27.728671104501064
29,32.3099627404113
40,36.34831696749794
37,31.107438400674926
55,35.08092123403666
0,32.003073463934626
44,36.20471494215433
39,26.64070431540481
52,32.133899638447645
35,30.120209911224325
0,26.950741103589706
43,36.50706314691854
48,37.04026678962645
0,35.675641966882445
62,36.52627930333453
44,37.33975017996261
19,35.12253452898103
46,33.496685138520846
69,35.33173196562038
26,35.517792273666245
22,35.354606918669596
67,34.45425040383734
5,25.149787866405433
22,30.33645022904432
56,33.932282532801
16,37.02193853924942
59,28.157203018957425
71,33.9643625755036
49,38.36369568119303
48,35.471129547728836
23,36.844885313548644
47,32.68270858272967
71,34.64638764226524
33,39.481695805105375
0,28.76364522542014
0,24.849731739542143
40,35.67204087553763
30,31.184115249326283
20,32.4131546929202
26,33.96603474360772
24,28.795283108400593
6,32.29825382100917
38,32.30725224743631
26,35.82932446024673
0,33.424645230885865
0,31.85377196739391
18,36.2394336479667
39,33.956400046454725
21,29.7462529590379
10,36.72595772920323
19,37.07511258791584
0,31.971887198245334
35,32.31750366128738
28,33.61427603856339
21,31.561084178984526
69,32.6111648688275
33,33.53112681025698
43,37.55953249141201
0,32.89580195397435
42,35.436177257928186
51,35.24873186450674
0,36.16992801138194
23,32.64885437565108
1,34.17817000519274
62,35.13589424194374
7,29.15934123971916
38,31.677554344015444
43,33.77383159895514
51,40.64940816465717
0,34.45264418719005
27,31.64068054849246
39,31.860747207009886
28,39.26869440260991
38,37.28108525674645
0,35.85085400153474
38,30.716384600299214
51,32.74861169992818
40,29.05775240070825
38,31.324693109451246
0,34.27472960602318
57,29.274381739306612
29,32.95141767303162
17,34.52297745493594
56,34.72252911612377
4,33.90942351224297
8,29.80514830843499
0,37.29997230774056
41,30.443692435383443
40,38.158426119230725
14,30.865389121492882
23,36.2897709177487
50,34.19933383179975
0,37.341957854943814
9,36.182484077208926
22,34.385937284489756
54,34.326605707533474
46,36.675611870014194
37,34.4746010253735
1,33.40555278080334
30,31.932522146015785
29,24.95440762871278
0,28.231415853209047
51,36.2226491515795
31,34.37294267002098
19,30.38091548741517
76,35.369670630694245
45,26.54924540660829
41,34.34812043418815
54,38.42129090999081
0,33.33074205653963
32,30.01228420335321
49,35.1416507223137
0,30.263090109550646
49,35.55778357745594
0,35.00244013658459
51,38.886926177113146
0,35.61180263244881
58,36.150290013740666
60,39.59321093896895
20,35.229359354914656
20,35.47310525036929
40,34.76817925253771
38,32.82166981369573
48,35.772336338965815
60,37.975743839967535
56,26.752502201200684
4,36.070098301874324
2,29.27272848046892
38,34.40572268294045
0,30.774156053969033
0,32.41102703930902
41,32.10858559437321
19,28.16687105083568
0,37.42013407056888
26,36.23161771891444
57,36.829190604379995
35,33.23830752857449
46,33.83297343766105
47,28.77068481999749
52,37.99435263461331
1,34.16876026770469
32,26.330679212116983
35,31.165561842019585
0,34.393819929166675
41,31.539806695427526
20,33.90737291822234
23,30.6034630763017
1,38.27273387120303
16,26.289490387294574
50,36.51594470168402
43,29.408162045992487
48,31.496078038078718
35,34.60570895854197
0,33.258993746644876
53,36.74209976479643
23,30.248110483434125
19,34.72332476913208
45,31.48840625576687
47,35.486338436831524
40,37.470408756530695
21,36.93969710604887
62,34.65189747211293
64,34.026456434889774
48,33.302297514253674
11,32.371566238322806
0,36.62754807194159
39,27.355637257846436
39,36.4658377538797
66,35.275938295620165
55,37.40621730071729
22,31.57697706780962
27,33.24839774903132
0,32.195793284271375
54,33.32210765517097
15,30.14081428418106
28,31.47558420171776
59,34.33877214007076
47,29.687787500948573
47,38.914713935012486
44,36.680002939464174
0,33.74236107325795
8,37.60502902891531
42,30.66138581570618
2,34.977524124895645
58,31.029859249354136
0,35.85193158159031
22,31.88855110410962
30,30.72531656329486
35,33.73890366355803
57,35.41002155034242
39,29.796676995694494
44,37.045285694077464
17,34.82475313796481
34,36.48361546202011
39,27.211189293306532
28,32.398154506965454
46,32.078988877091746
15,29.63071920113757
30,29.15017105431358
78,36.79164858207677
30,36.103917015364814
38,37.56791688089319
0,32.50211052756304
62,34.52997066853048
51,36.563680136783205
43,29.47178313611212
38,34.680809156500565
15,37.95621589691441
34,35.0710067920253
37,33.6522061187995
50,32.76987629625841
0,35.85336507943469
36,31.504722408631217
16,32.03104763579374
26,35.94811321742748
54,37.805475911064256
59,37.45805630348425
66,33.03984431702855
38,32.35591436783948
52,33.04626625616244
46,32.56172736413137
21,32.79902785723655
58,36.04811398057914
0,27.435156493694773
0,36.95633032583603
25,31.550217275829763
35,27.94950721665292
25,25.118979434550923
0,34.55698077546171
52,34.85908250946649
28,36.95448046468576
40,31.825200190470706
21,39.79863974405361
34,30.760595603521743
43,34.212631632188135
0,32.929258436857744
57,31.127912500212375
24,35.20800930612367
57,30.87316347507134
2,41.2766099720142
46,34.1793978116006
55,30.363968112955597
41,36.59726548848968
35,29.569086313122746
34,32.53440024016035
36,33.042491980784
0,35.65470403220863
0,38.243465039113445
41,34.183413845813284
24,35.51356909942587
8,31.264191394711766
0,35.518027090541786
60,38.4628189946951
41,31.400749218094084
13,24.488475290863896
36,38.755521572003424
50,32.0570542795823
12,25.078737146369374
63,35.289952983828265
0,32.89580195397435
5,25.53646160250391
37,36.47123800337648
23,35.37391259576841
31,30.886383757364133
19,25.646742781923187
20,25.238838321272087
1,35.24020681113815
50,33.86741067342191
30,21.720892787612932
51,38.73601388517513
2,33.43587272584775
60,36.12152340999326
57,37.067598008296
46,36.300553667037
2,36.910091354772916
62,30.168394412261144
16,36.449244551655454
58,27.982868451616717
59,34.62842283353299
31,30.509681810174694
63,33.58518746998547
65,32.27682005288897
28,27.121915222002606
50,36.79108585682525
41,33.35940298634364
26,27.83009428758581
50,31.07464552410144
45,38.589317479976664
67,28.292952245455425
3,36.13702765002152
39,33.170517660162595
89,33.31466162029116
44,32.392031893397224
46,37.29128838040967
17,35.22044810674683
0,33.355546824941364
41,34.98732127495056
0,32.87135355303364
0,35.50238359646717
0,33.02467409191401
33,37.044376707903126
39,31.9420614086111
63,34.81610328381056
6,36.380323751862754
68,32.55567048245126
34,31.88214010131515
52,31.30007557395509
18,27.60832158842063
76,37.342865131930566
18,36.03643958700419
55,35.09020006772476
37,29.903115900067377
23,29.108113116685157
22,31.211942712844206
52,33.2169306191513
0,36.77604703310591
17,31.981417118644593
20,32.91016958728137
68,37.78035208608154
2,35.67490277961841
67,31.220011921321692
22,33.61076955352551
41,36.390569667096
59,31.54681659034006
53,31.09123977754019
26,35.806683981392574
38,31.39010048380748
0,25.886685976796734
51,38.30448946825248
28,32.12545152863308
64,26.95537689733687
28,26.191780291415384
19,30.222543374684186
11,31.281426315087984
62,33.891887421344265
0,32.3180037144953
53,37.53335422840782
29,33.55085010305693
42,36.63423488831985
16,20.66594254781048
64,37.10051805924295
61,25.850005820431416
3,31.74628590737716
64,34.001637179961634
0,36.555186920833904
0,31.03521184091822
23,34.53585698878179
0,34.18840756972272
56,39.0615308771754
23,33.34285660246783
67,31.729486239527553
30,30.5153669919906
60,32.944360198808404
22,33.28957087532652
19,34.04138706881023
44,35.14654275044965
71,34.1428128373838
80,34.42045254022212
64,36.21605623488445
67,37.40104057604432
65,34.25462262015128
50,40.14393606363856
33,34.34097015199758
80,36.37636781456453
42,33.38351702050362
65,33.93939525829639
53,34.160591115919964
2,35.83361727022759
36,32.23039527190193
35,31.944817673764884
40,32.465704334523906
26,34.90737712983246
55,38.787146815863736
51,30.10822872840062
52,28.39884675521851
21,31.8290021190108
27,30.49100536926849
37,36.34868513562782
46,37.82681578436024
0,38.243465039113445
0,27.7384502142795
36,32.101956111316575
36,31.260273712749353
44,30.71858049212087
28,32.88464451027753
17,35.84562247024711
0,32.38609400441095
35,26.56277088086817
35,37.01321612257977
71,36.980883037304295
0,31.02830890828409
0,32.93257748850489
20,35.01273643634364
14,33.380441224291076
56,28.804685512514048
47,37.31876170849145
0,29.372456353996764
30,37.11612362539313
41,33.56297605325405
42,29.075543770808927
20,34.15880834902296
25,38.53316656515555
24,31.47312480924482
59,36.60093971225567
0,34.59976631394068
56,34.008806768833615
5,31.634057849478925
51,34.98992203572067
0,33.853644788097945
83,35.74662613589227
57,34.752670233284995
72,39.41373209001741
0,33.90069587229167
0,33.61895511584468
49,34.11732805213849
24,32.29510728724299
39,26.065702971917144
28,31.51973299531823
54,37.473558358236474
50,36.64267933337058
24,30.17885499006559
49,34.695209606952105
40,30.537558172585328
13,30.3108720166756
22,29.10254061771933
38,32.94958086833497
62,34.45014403053273
49,34.243300382598854
0,31.307719914160174
55,34.29682926456817
62,34.85849196137826
17,32.102409601645604
23,28.849596217354275
28,30.911486376370007
2,32.459512231451356
23,32.47810429611039
30,36.697596893468344
43,28.254429664780773
20,39.15416609074055
46,30.86646794729029
30,36.25919262109293
25,34.41662702569421
53,36.60830477065641
0,35.61991863879811
15,31.621849095185574
0,33.363970140587554
0,31.991610307833728
27,33.899878552391904
69,35.99741017156552
55,31.31707590037114
15,26.865464060306415
0,35.518027090541786
37,35.02805544735596
0,36.621984008694895
4,36.668835656488184
35,33.461690745004354
69,33.19919869102577
44,36.012265347970754
2,35.72087524350186
62,38.13432853264332
0,32.54471654945192
1,36.16807368808915
24,33.75583351161019
57,38.61106669495045
0,32.35350421727666
24,29.4051205937979
51,35.174658874124965
34,37.2580484645353
0,35.157816512233794
53,36.26731702284829
0,34.821383220785194
78,33.01931641125728
44,35.08856764859149
0,36.1829655358929
0,35.12560390621075
67,32.40807780741509
0,35.369670630694245
30,31.373902430012254
43,30.900499250396468
34,32.53959618503284
21,29.5000423507256
69,37.137348311903004
0,29.681581493733326
43,34.41517947431586
22,30.415446241062206
59,30.9230005839411
30,34.475893279146355
30,29.003630267036062
8,37.61413182243291
19,30.044422631849688
19,35.03619181381799
44,35.20959468474765
48,33.48776427955362
0,32.89639318042616
60,26.87172999112446
35,32.5896205327864
16,33.729416551126974
36,30.7885733771433
0,31.03521184091822
0,30.306335869062426
62,29.707226434969044
62,35.949351792114356
1,35.40534697133452
48,31.194196783384726
53,34.222922459459625
66,32.139191686936606
43,30.05841122352437
37,34.15827978079627
25,32.358764121356955
42,31.9619034885696
45,28.364411121352557
43,34.9269818242076
22,28.934884742221826
58,33.91862499469772
18,25.434135712133127
11,29.740756330395538
21,35.20932722097704
24,32.554934504697094
0,38.1350337408908
61,34.09388773511447
20,33.52695904869948
67,37.365071452505184
67,33.40499230062875
57,35.77085957808508
19,34.04960167208562
22,29.572440087469012
52,25.49819296986402
33,35.26946381696553
44,34.25317925197073
0,32.7064524746227
24,23.14601322944552
52,36.940639629046316
11,34.50194199717433
29,34.88402445533646
0,34.00916956015516
60,32.07629327548149
75,40.8937037218515
52,39.15976784614888
49,38.46166698271301
11,26.037360089913157
55,34.67754802349164
39,33.72557784162331
16,33.930421399762174
28,30.664954973894055
3,21.963366127557173
82,36.53526676028799
73,29.97444203611283
0,36.19253778533728
59,31.180482442039384
5,29.756688221821904
55,34.90823930831275
0,33.728702750321595
51,33.19722750731966
62,32.85798925591864
8,31.501627229021185
42,36.429757759192086
43,32.68824776140632
0,34.32525961118642
18,27.981115498427382
5,37.971407061581836
60,32.07533100641418
16,31.225135292072338
49,36.98784472433139
0,34.3984544988767
38,28.789053062719503
22,28.62137362113558
55,37.88553837087596
39,32.0544731262764
70,39.180010942841065
26,35.98523610397867
20,28.871839174141016
22,31.51138863149764
53,33.9782805178353
45,30.87591643350022
25,32.44893461168573
19,32.86016875782925
60,32.17086284561383
29,30.337887343944175
42,36.84244954993394
42,31.77961847312039
0,34.04167466845015
35,32.66760824597629
11,26.632370934466014
63,35.73415487812536
55,28.948418558539228
39,31.93960454050976
0,37.78391336614687
62,34.33172586798214
70,33.39543897001378
60,34.25093903791528
24,37.169432623801185
48,27.179766458765727
35,39.20069992181531
22,34.820019075105684
0,34.32206477307672
23,36.01212456610667
0,35.31050087038861
64,37.827399730093255
0,30.890059164995584
21,31.934052595917954
64,30.41451434781724
46,36.681927361023185
48,35.95422159731527
45,35.133584531427566
56,35.24663697438199
35,28.686466550568447
54,36.48356524096972
63,34.91171652436721
63,29.917347834775086
36,32.74959287114045
62,37.91631228156315
0,36.02502393873858
53,35.37488705906328
65,35.58529022857226
1,32.63712120748185
21,35.64826988063708
39,33.59719168681498
13,28.7469261882137
0,38.16635226447917
25,33.16616507382577
0,34.484283683935125
1,33.078739492279716
7,32.65419507029785
33,34.24298774282876
0,35.71062736519221
0,28.54603582541639
24,26.4980662564396
37,31.838274070543726
25,29.933975657072086
25,36.02186398375204
63,34.30938067547762
2,38.005901783256945
11,32.37312116528733
41,33.05939063536415
48,37.12419117407816
42,38.13144115439413
41,39.634975794851115
78,33.965615157404095
47,36.745137341707576
54,32.15226183839056
51,37.441581565363734
47,35.56482731558836
36,34.79228239960969
75,34.283464646327175
83,39.3340005781377
0,35.82548875514748
52,31.571551251677143
0,35.74769556010544
18,27.55715861044429
38,36.71019595223487
35,36.48103289923812
22,34.85986253744219
41,34.999428994948374
41,36.837096941305184
38,32.201759846684915
39,35.1306795145813
62,34.87451703054546
47,36.12117404188646
19,31.894895890694976
39,38.780084630878015
40,36.425191032314665
65,34.49985825901807
19,34.413669539182656
28,32.13616847832871
38,39.436319431800065
39,34.93908752726644
48,29.48511362415765
52,37.27082346777285
28,32.31187515494161
5,29.778663090044034
63,30.061210614965102
59,35.70926987899481
57,35.967619380012025
50,33.65077538628646
74,35.04902093954601
16,30.75901752834069
23,33.2103479486644
0,24.93331837584963
40,35.222854763071396
28,32.1605203794399
78,32.4582269191554
1,33.879940583685624
72,32.757299650203635
0,37.268287852671385
49,36.69867352215668
1,32.48148288398074
49,38.20042929058245
74,35.33629185755505
47,35.486338436831524
83,35.193476901313346
80,31.89120206775643
49,35.11710129645521
41,37.3335970156092
25,28.921174815026664
42,32.88975890569192
43,33.42957006129172
82,35.07748867200556
0,36.18394089385168
0,32.98774834877028
64,37.50269657371207
8,33.74918354458766
0,32.57052843953001
47,34.93152888524103
32,34.790317114622425
44,35.36842164151527
39,36.69266263771223
49,36.63696605278442
38,35.237639365176705
59,34.546300212112484
22,34.33178295973497
38,34.66100017395386
48,38.95208481867754
26,33.99066096565616
12,35.618676253302056
73,33.27614151119436
0,30.853276563721575
17,29.75098296638825
50,25.136031570379252
0,36.57829006241229
16,32.526038098925035
66,36.84717166323962
37,34.62416832161034
43,32.3189383127224
20,35.633663484478646
46,37.493680007058
31,35.68454494786627
57,37.7256149809558
15,35.30922001891779
0,24.692536018045487
21,32.35749826049797
28,33.22204867637508
40,35.83943008067004
0,37.08492099091362
58,34.747846372964474
2,35.89110353133397
59,35.233808119417404
79,31.58987038977954
36,30.991976706880326
36,36.54843626519882
1,33.14146607271129
44,30.9592691350798
46,38.5086071387902
0,34.87423981867805
4,37.19458983224489
25,33.78377460112608
19,32.38917652030961
0,32.29162862101436
20,23.446207627624943
26,33.34402752304572
42,37.39378271039831
54,35.997935581767116
0,35.09077649686326
36,34.14663083351601
55,33.18453904986322
40,34.35750922703913
41,36.3441280274926
24,30.302714309780228
10,33.80662821543753
0,35.63162060840812
76,37.88228600406731
0,31.02830890828409
44,34.64583987693231
29,35.59428847781511
44,34.9688789089852
56,37.51015504951377
27,32.548786312582465
30,34.767335820357694
0,34.70787411603969
21,34.481130793060345
27,26.68278508600968
42,37.41837093125372
0,32.812566197034
24,30.327798844042796
24,29.064290298712933
30,34.66135276775067
36,30.011693285553754
1,32.834365109696606
44,33.49063263725064
17,37.89396445870284
79,35.65369915496014
55,30.37848069228395
23,32.759936154906086
55,31.96451897744003
0,36.91735583056964
47,31.600041100043192
5,30.661878000665844
56,37.24228971316901
68,35.82548875514748
38,32.900120034885795
29,34.63233471294208
38,36.3026163240236
58,29.089015946328153
72,31.23909257915448
24,32.23571863542723
62,32.91836187309297
25,32.70472674656829
50,36.577462760046
42,34.37518830234116
37,31.11090621236297
0,32.05002111853691
52,31.60656064329526
1,30.900909123890585
65,32.30440560803872
12,26.260954538851326
24,30.933343937533753
19,32.23874642406683
70,36.040260520761365
16,32.43864948417078
0,33.006142384437695
19,38.967763833931706
76,33.9035046190625
56,34.04954934018852
74,37.15570793646291
41,37.7474356665264
39,31.977431545086716
0,34.71038103927656
22,32.88358639208216
36,35.192613631499675
72,32.433533578914215
45,31.560422037418657
53,30.289916051593153
76,38.775588307219195
0,32.9395909663791
38,34.85924875178684
39,34.54846411872333
21,32.314747277479206
0,35.857067584836024
62,34.84748221651491
0,32.370243876109036
49,31.22440537652549
45,34.26456787132911
0,38.31939241978437
0,33.65309133253097
0,32.50363239979073
12,32.36557175185302
49,33.74203876461313
50,37.231908922710055
14,33.90556037333437
69,35.3446382534181
44,32.884843447080556
59,36.94392364212044
0,32.31474849513052
63,35.413578733866935
25,33.080435121209206
0,29.372456353996764
61,38.00402333571381
43,36.243675599302364
50,34.86043159926621
18,26.975572207587806
9,30.90593816032206
64,35.658487064379955
23,32.841619672262844
60,23.968289204110757
24,33.145040978306234
66,32.71967808686996
35,37.0815125887854
31,37.62818871622795
82,32.32603328785844
17,32.94204591471729
30,36.93798279012965
29,31.15430117986672
52,36.72748990860315
51,36.71231010530073
63,35.93184358294954
39,26.77234829666135
76,34.074022544874765
44,33.70364913688683
45,33.28299289490796
0,36.136706948871044
0,32.68902507127441
17,26.151526195191124
39,32.39656120372791
53,33.51191697964204
0,35.14264184607954
52,35.43257854537722
18,30.612838332143664
0,33.64359821705048
0,35.84725923181453
30,35.906233867150895
39,32.354229247426915
23,32.83143628276726
20,32.070204017763764
58,33.94178124830838
25,31.76259070523885
61,38.877728200081854
45,35.04729843084211
62,30.727289712483344
57,35.52925512086745
72,35.57944227941333
49,32.915846299184324
87,38.49323963638692
9,31.8956952786988
39,29.29989657228081
46,35.61165482507437
65,33.67994028460052
38,34.64225918006794
52,28.257790155635004
57,35.30232693390747
38,33.88988674785355
89,34.63895906432317
6,36.93694470692215
64,33.316519160840286
23,30.265146916088504
45,33.655063515741666
41,37.88910476041859
24,35.40086510607864
0,36.31678826136904
38,33.39773395341193
46,35.25672522833406
27,33.6146034992242
46,29.76410187742419
0,34.61095119378971
29,30.590844980071186
37,34.29388781506821
46,34.78114532541157
49,29.908362849082984
53,28.579216015789623
40,32.79017944384713
39,37.57712813567972
68,32.57292103984675
49,37.75157592038458
17,32.628806351973715
0,32.01683915119396
41,35.303537135085385
26,37.42916259507132
21,36.31418265291207
64,35.84092830602114
40,31.932990101494067
12,28.245360884833236
61,33.36529296490803
28,37.75757832910763
63,36.19295015898524
33,27.785541886032764
59,30.2569181700819
44,32.69791382740183
0,32.844209373825926
25,35.535192033474495
45,33.479118228175075
0,34.870467358642756
57,35.59714398691494
0,36.559645664699886
23,34.468831314593054
42,31.90952873490383
58,34.162886678037715
27,34.361753662690106
10,35.11743914238114
78,35.76649006129123
37,35.91338059586662
63,34.062486932087765
51,38.43337220813703
26,35.20374422630924
19,33.652619153797545
49,28.58085851136713
57,36.134348448097775
1,34.575608044173265
46,32.881911319522786
57,36.730010820397325
2,33.13327048055461
18,32.596962234092445
48,31.22149756660377
34,33.38937525205089
44,31.70087793449337
85,31.893238921009676
22,34.293517368390994
39,35.352039040569714
68,37.23091217779794
23,26.372296059368267
2,37.01161852961981
0,33.40555278080334
0,35.17028524800408
17,36.4188026389969
50,37.09600534728562
22,29.714133439446428
50,36.3319016965891
0,35.10747354686675
47,35.65547424809189
16,31.373745061196274
44,31.52593619011841
60,33.331472825701795
19,33.57280677057931
28,32.348388109057296
19,36.287985061351364
31,36.1588382626642
50,35.99515415061127
34,33.28613995425053
45,31.920312537109083
10,33.79890583938668
60,26.255369719661445
38,32.61451879250954
37,33.69476064114358
41,25.72059703336219
2,36.34823639710481
32,27.82852509788869
49,34.66961015433324
36,35.38718231554796
0,37.35939332520412
0,33.656680867746914
36,33.81440206289109
43,38.74662384971599
55,35.45328449841736
46,27.26138174739851
63,33.72023707735902
0,34.90097077299725
0,34.29462100542225
15,33.8282195258852
26,38.666859735321424
30,34.115946219989276
43,32.5852347314472
0,32.31489865567336
58,36.14646755251745
37,34.474887338078986
41,37.54463675974635
7,34.22772777987929
11,26.618745373950727
36,32.898527377419825
26,34.22128280360368
0,34.85118801399984
69,31.184684223187325
22,26.223339183189076
18,29.75116113206445
0,32.89580195397435
1,35.518027090541786
18,29.3688003057294
19,27.681181199665268
37,34.104279710930555
1,36.036791987142216
24,24.570093960563973
44,26.042323394110483
0,37.3356180201246
53,35.45014839747884
23,37.11544461856192
0,31.848739018127425
32,35.38349455554293
0,31.79149395089098
51,35.65609607844512
0,34.06650664353004
0,37.15427637802594
37,31.387604274372887
45,37.26026670873924
50,34.93697647843675
1,30.657779798580396
60,35.681524917219136
0,31.618663978450975
35,32.03163382065043
24,33.402303167291464
11,28.136257586814466
47,39.72941429538495
1,23.809531381812732
36,32.87763472522121
66,30.49673182223379
38,36.720133963102214
34,32.12522247185182
60,37.71615073543112
0,34.393544579611934
45,35.40181104016662
0,36.07648866191947
15,32.20040150143001
41,30.518648413886204
58,32.369141874823285
62,25.30656560895461
20,37.639580187713086
35,36.23427431891198
59,35.43733182679158
55,32.884239754323715
25,33.568860006817424
55,34.69976395411336
0,37.616891364535164
1,33.65309133253097
44,32.043709917270114
42,36.790121027208215
27,28.54498100439199
23,36.29645484489095
39,37.69301417866534
21,34.762390200740185
46,34.48733009300606
55,31.289486466513406
35,37.15575698928018
47,37.91052987654984
65,38.44249255967515
54,37.93547891520643
44,31.124466451085127
15,40.56135579124546
0,29.48971587543128
46,26.72562995366879
0,37.23561414817255
25,36.645912748939935
43,34.759401947790884
40,34.11429877760677
0,36.05234049173435
5,37.299291134527095
33,27.716565360652034
0,31.50198866786091
55,25.38679652635619
25,33.81606793924848
27,33.5114844154752
31,28.945794416713802
31,34.57286464226102
50,33.008453669078946
37,34.265389576013696
57,36.20108289778705
31,34.03408010997234
41,32.70801113133622
52,27.56362126140924
29,34.0717314820103
38,33.8439368252854
77,32.71305094498912
44,36.26072177143923
70,30.907917516436356
64,32.24444782362569
26,25.247033006992616
67,33.861938639700234
44,33.55964126815278
28,31.955979928680954
48,32.072691326854596
43,34.118266518868154
59,36.52570808207874
72,35.839911501581035
59,29.921496814739584
68,38.0773416526816
63,36.346407000742914
42,31.91262791546121
65,35.67220723553734
44,33.00756416144882
35,31.664344027108076
27,30.081419520181534
1,31.07667277108409
25,29.68019652513066
44,33.12271160209927
17,29.81232874707826
0,32.57052843953001
11,26.170190209215477
3,32.99035560428628
62,29.521837267730188
48,33.52206380375924
75,35.610908017028656
33,34.364006166969595
57,34.11254347664296
24,36.991189300027436
51,35.6245251825637
8,30.089854142628102
35,29.339625433755604
1,34.2222080240344
55,38.73144205614304
40,33.50678220259274
26,35.34903840203879
40,36.36417826247749
49,37.80968313880403
1,34.71783990604067
38,34.57866465398571
55,25.69718080024718
0,33.93148959631834
28,35.03602967422471
8,30.25194323963008
21,38.469092548437665
22,30.890197648119962
0,37.2426931350422
23,33.10568739721626
41,35.238471833447086
0,35.81699557268849
26,37.33282149399918
64,34.865996391682394
2,36.843434025388994
0,38.07337543950054
41,33.48113362236292
0,34.549409107533094
25,34.56306316556331
50,37.05842283649469
66,32.04323714832201
28,33.557339823765574
63,33.18803601258692
69,37.29217324620016
0,32.8261489744711
0,31.48181936929673
0,36.236697713758716
32,25.6714921642818
56,28.26913260998258
37,26.985396732865926
0,29.029543661061968
65,34.78650162408036
65,29.259092530371426
65,36.58080604154484
45,36.36811126656346
68,35.92629677769244
22,30.903660801225367
0,36.11198131522913
32,33.42277486684362
73,33.186544892813316
64,32.62882570333478
32,31.980758923284696
72,31.694536510883427
42,37.069880244679815
54,33.94930556785709
59,36.64996902298661
40,39.01221659330598
44,33.38514140978819
73,33.00855824439136
29,34.01242165361902
22,30.82230311095369
0,33.67386586525759
26,32.58564041531509
62,33.33303870830461
0,32.99239857941312
89,33.28097020532436
34,32.7375069384645
53,32.6399046943675
32,37.103214249436874
55,32.5116140036551
67,34.67656542242041
21,29.43195995933562
0,28.76364522542014
31,32.071388904800195
12,34.657992698425396
35,33.93171010070009
26,36.445837956219854
53,32.15924405368734
23,32.85596452777996
48,28.519141970799886
51,37.087265687069305
60,32.91501608269849
9,33.41244350392401
0,33.726069019649074
23,28.685708101287037
79,36.56091930374686
44,31.589525690717437
25,33.46590185350138
0,31.632602949833117
19,36.297642940048526
30,35.42397827807751
26,33.639311541436065
28,34.29563375501729
18,30.579201562415456
85,34.93052437684514
60,31.737102429935568
21,34.09515216117593
9,38.78410317177146
36,32.68550887489854
50,35.97408157927849
0,34.603237937477616
3,25.174510477058682
26,30.133796376160106
58,34.86044344408646
22,31.85127789777198
20,33.44929345895318
42,35.22706733100964
17,27.288805353791403
0,25.37234822604298
24,32.10260879805757
54,37.43785980413078
25,35.007635239405936
28,33.720492311718644
0,32.15577294292037
46,30.955214877336882
40,34.44569393587398
58,34.31547886407031
16,35.77877017727091
36,28.448377212813085
37,35.21283475093013
18,26.86432977310726
32,26.66522395427666
9,33.42324869298573
0,34.34263787731499
63,39.7661172897179
27,26.118232010132804
48,31.75100445521954
20,27.88476915450806
66,40.22711054047593
66,32.65608570498739
43,39.01873102382412
45,37.49324828397727
37,33.51781217153486
36,28.614161473095084
34,33.41762956350776
66,38.08829399906048
0,34.434676390819206
34,33.63826183624194
24,37.1356781050402
50,32.181626676135814
47,29.562668480345746
20,33.48567033523843
53,34.828800085964815
38,31.675294615401647
10,32.49194221982278
76,37.88228600406731
37,27.023963300478833
46,35.23708516253471
28,30.498495418216294
37,30.628077110827853
66,37.16734687541808
28,33.83506005556891
43,37.51206323499978
41,32.29741876434653
64,29.713590796664796
0,36.00818721167339
18,38.118876174005294
51,32.38494217398807
65,37.59701960766424
37,31.956232815873765
76,36.38172449568033
52,29.04990033600283
40,37.26078797821496
29,29.82149260927566
22,32.75445267964646
56,39.38505037364564
56,36.253895908617686
50,35.14911936551714
35,32.91179311349587
53,37.60667553591981
0,34.965332084842565
0,28.892419606209018
60,35.424826984814715
23,36.679341798977944
67,33.54432774119808
44,35.013866448786864
45,27.594693413731044
0,32.616767715045
38,36.82878221554087
63,30.821824548223024
9,32.193882905012124
43,30.412246882330912
44,37.27853433069083
19,35.98040629862183
0,31.971887198245334
64,24.87950801588627
24,32.03568686864879
55,34.31341039717009
73,37.60181071796116
19,35.6143179102702
43,33.350105547467244
29,34.777731154570965
0,30.811624539310255
81,33.38610866824427
0,30.020075841958366
33,35.21057173884288
24,36.17436021174851
44,34.23000998699966
23,37.50328878122683
64,29.627787983706646
26,31.03371188501168
17,31.450518784889585
43,24.33757371061174
49,37.55093576651233
1,35.07600698380204
12,36.60042868152378
0,32.704489315514216
22,33.98970842746649
12,34.75241364153273
28,30.54339155732651
56,36.11060902400074
56,34.15630186358509
13,34.16036876829107
65,24.577476164983615
53,29.38026328401793
1,36.169523949876506
0,33.289619197500755
1,34.44759746850188
67,36.264013754678366
54,34.85004262225253
0,33.007189689456794
26,34.75866408625366
26,34.891632391058636
43,36.91172712980978
80,39.3340005781377
67,35.64026034201213
18,24.703735197580304
64,35.56825359525364
34,34.020939906155476
0,35.89110353133397
58,31.35872190468635
22,26.57371482035233
31,32.58590405776205
14,34.579744913938946
60,34.70678655864291
0,33.88841990859148
8,31.516028668963255
28,26.119071092155952
72,31.43784352896512
28,35.569547615851924
60,31.829583922808478
16,23.097213727391093
52,33.58352903525499
34,34.456358811620966
62,28.458680139154964
88,35.62691219701378
16,26.336321654079114
66,31.300423696164117
0,34.652608326996265
46,36.5046671757179
24,33.94686219536835
47,36.10120204786397
50,29.48410715452361
41,33.69941112053031
16,34.36391057012285
0,33.363970140587554
0,30.974475454480324
40,38.157787815072965
0,35.627558467708305
72,30.86043183408714
22,22.47522739743213
0,32.0683052967794
46,34.46844244843602
21,31.502100659560494
0,31.949892103164633
3,33.90942351224297
56,34.385317062734764
43,27.625607304168074
76,37.23431537589691
49,31.354253349625093
0,35.218150812182316
38,31.907355219884217
21,29.067148795801643
31,35.2114915017216
47,33.32150656860225
19,33.158696673976195
33,32.33492798821501
51,35.86096966345626
40,35.919557616376146
0,35.43918041734293
18,31.70143524857063
52,33.426885533511445
25,32.28133411351357
1,36.74857073626649
46,32.96451207866272
34,37.69736430943059
0,36.68664670083348
0,35.73966904855708
13,34.817436933414086
51,28.64349064507787
23,21.42209341636444
0,37.3356180201246
16,33.560621643108746
12,32.538108853689415
23,35.58087449315931
0,32.7803339897695
47,32.56751736306774
20,37.86317363296239
21,36.77648681875729
17,33.58524484890478
15,32.94918163816988
11,31.561378499364768
31,36.999942966885534
40,34.292026963830374
45,29.87173660563811
40,36.83371736337344
48,34.045468818689564
33,25.669522987325426
52,36.11727234521939
38,35.30060525620365
64,36.57468564259989
19,34.445164416957454
23,35.176895716447476
44,38.25846521701196
60,34.13118050839097
3,34.19704950803111
58,33.41984453063638
28,31.21505704097039
0,38.07337543950054
8,32.78091352451079
29,32.33169100405127
54,35.37709236561449
41,33.05304070109823
8,27.59455316136384
50,34.84474824366378
57,30.182580551379132
65,36.89495603165149
48,35.00213908375933
37,33.35556023813181
50,35.136444820451075
33,34.442179646186595
21,32.264811975552384
2,37.29877153165914
42,31.10948326174136
28,28.01866108674339
37,35.6286533364987
38,33.145657744191084
31,30.84725714796478
43,38.44048231188842
22,32.45419848193402
55,36.4866691811941
51,32.69865097308173
25,32.18245651938588
13,33.133383256795085
16,28.198901861919047
51,36.453827922929555
10,36.414779522847226
47,38.624755090343434
51,37.00951446367842
29,32.323246914715746
45,33.280898373492036
40,37.97116974182121
53,36.46340940833152
19,38.45135855164994
0,35.10747354686675
72,35.143113210768405
0,35.97230654825814
39,35.73938998251537
31,37.63637814751491
0,36.2686849518831
24,29.248130516775
21,33.47950112173652
0,29.44962133476292
20,30.064788611081124
44,31.523917835398162
36,33.16724746597788
41,36.728506169759974
10,25.844615114208814
37,30.644989453715212
23,34.19272703502192
51,30.66622072898962
44,30.470267072504917
0,31.18837772246757
45,33.3564526279343
26,27.88773243425763
0,34.415262956832976
0,35.711637978295784
21,31.67409489998389
42,33.70522092387791
26,36.99338381917576
44,32.28859448747533
47,38.419103092666205
60,36.43544213524497
0,28.727619724010637
0,35.72679523509752
87,36.181493341825345
57,32.57906169546
44,33.71006804745809
2,32.256870035151294
0,26.73978784990559
35,34.378578794454086
50,35.298942344914956
54,31.557239532983395
36,25.30596261777179
61,31.144560437970135
24,34.78535352685541
22,35.042799805471475
0,35.968633102143556
48,32.685289986291274
44,34.21933514630866
34,32.808482017521655
28,36.87239348844678
31,33.073178007558454
48,32.72480187264374
18,36.47530248821143
45,27.88832988237521
32,35.64608600246496
11,37.24422645605529
1,35.327659097917234
55,36.76796566771686
44,34.88448616921459
60,35.38593685078935
50,35.920481336257474
60,34.94215457518232
12,34.09135769991434
39,34.75169922233118
44,32.0537504227216
0,30.717434403145763
37,35.176382875597646
40,31.141622639038165
66,34.032694006871644
4,33.07647914515651
47,39.41939078497402
51,36.00883693291215
0,32.844209373825926
55,36.615001812594855
35,31.752048786814015
67,37.226453265897376
28,33.162038803601625
13,32.8807766341914
33,24.25684566095377
2,37.2727770074409
46,36.311028669919445
70,35.425487646239354
28,32.42956961058178
55,30.93942520433911
65,28.70797096424554
66,33.667414274551746
32,32.759228004208296
11,34.02496801587386
61,29.5228856031706
39,31.966082771282498
55,35.71007159514099
35,35.601051686132934
45,34.489555072895456
42,31.857490030563817
9,26.659577159889103
51,27.235226434476797
30,31.448936409485867
31,36.35598039709776
16,32.697539153697385
60,36.764071908368194
46,34.653684695427685
23,26.452126646336268
23,35.17246604977825
20,32.775244209975014
44,35.962582572863255
94,38.94922224818963
30,28.714881367672454
29,30.639498691403404
43,36.29115324459214
39,33.65603638109979
0,34.60097645468415
19,27.669573490832054
40,33.30485616950022
66,37.04157909180223
0,35.19156331970318
37,30.570994677526787
50,39.633212066886934
37,36.28376940615
43,33.36511399011984
0,33.205009642935046
22,31.677303611556688
60,36.23831606221081
16,32.012088249627794
71,36.85468440517236
17,29.76257186748444
27,37.300997474764785
45,36.059642548977315
21,31.102858676018332
6,33.08846993350575
19,32.48506210471094
47,37.8161435386236
48,38.13300501595163
63,37.65074714783996
23,32.47474077313852
45,34.39540778780694
1,22.307220932906183
64,32.251470406758294
6,35.021485804138074
79,31.58987038977954
34,34.243754319120704
41,36.80401951923283
22,36.76094062041445
44,37.28819495856936
35,35.54077337980295
20,22.558522404043924
42,38.12763473467966
49,39.298318532526544
51,34.9505275204548
34,35.96791227667062
60,25.047428067267496
20,22.436274169290254
54,35.74908338128455
51,37.82164014015266
47,32.01542577345279
30,31.645001864243465
46,27.30969180768221
30,36.33140622929204
33,32.37578416482694
42,35.9468010796562
28,30.212850041605307
0,34.28999971733394
8,34.89771425277023
23,31.31481659483045
0,34.20590288768949
47,37.36842048608163
57,33.05515827797897
48,36.73500607217657
0,32.2976051591667
44,31.467871459060586
29,29.181950950902852
37,35.86017790385735
68,33.63456374470781
88,36.89533571893437
41,31.554365134767362
48,33.600451295348655
53,34.74708583604061
0,33.37125030522034
55,37.90061376584329
44,33.91573018028281
1,35.016310407753515
0,31.39720157885218
45,35.639738047246134
26,32.787501766906374
11,25.365217612768312
37,36.710041240012934
19,31.7588821902174
0,35.669746378551
63,35.04377952987036
32,35.04272175034254
55,29.8652486066338
50,37.662776383414275
73,34.67188557598848
60,31.39633765503263
20,32.108968003477734
42,35.57287984605493
19,34.143960802788136
2,35.930989783648165
21,34.94287006823896
38,35.41347555624396
44,39.294212417073105
0,33.01373096829643
19,27.527009573461804
56,32.832044816648136
29,33.66846679513012
33,30.274677245826442
75,31.253324134526707
1,36.96000314248499
0,32.69530301341604
26,33.67990359472772
6,28.65287734958448
35,30.417999549907634
47,36.909094849031355
24,31.38348185205062
22,35.350847866536256
6,22.720737058189336
34,37.512430867447186
0,33.96730607676545
56,31.797396098922697
17,27.53411410529035
27,37.998364725253836
0,32.69298958264176
17,35.010256002341144
21,35.454220373551294
61,34.17455381718488
35,34.89375786926092
52,36.67645540681636
24,31.509189874561216
64,39.781930003893414
40,32.82389282486272
0,37.0498728412741
39,38.42332340145926
24,36.142260895466
0,35.260912619291304
45,29.45837121269497
70,39.58820739058359
19,33.84873981127337
0,33.53170003305985
19,28.99514374299403
61,32.23633827772409
48,34.64141703112841
75,30.990293700250774
44,38.14896778886917
53,32.849239497093855
46,30.504545534639373
57,29.85861683590909
36,34.00092164956327
69,33.96586622089
47,31.91815753538333
18,33.70683490596006
0,31.639269668296773
28,30.063060083224947
33,33.719436927096154
31,32.38269846705939
39,31.636568539343095
8,32.256870035151294
63,33.93057319168483
20,30.381643929943507
64,38.51969594418618
38,35.28562703444085
45,33.82498970145807
28,28.71289281008682
0,37.341957854943814
41,32.2304518479486
68,32.450199894118896
0,27.05557993346278
0,32.270681890335105
61,35.75657480332404
38,38.11019244074464
49,34.71948836688522
68,33.7231024549027
49,30.736908740476167
26,31.40132287284443
71,36.17418412541153
74,29.767640020332916
82,35.07748867200556
0,34.916114477184216
0,33.355546824941364
35,30.5047720536477
9,31.548088756900093
42,34.383404161267954
24,34.45840603750154
41,32.52611841278885
75,31.0826058489004
43,33.58889920000386
43,30.639739307271775
58,32.60363362753521
38,36.98733256359269
39,34.52636852177182
44,31.463104512724826
0,31.759888742145776
40,33.43908048768737
44,31.993081432651916
4,28.508240384030238
65,33.269473236148954
37,26.52726501918871
47,30.905435290969553
19,33.84251160633627
51,36.44082974538768
52,35.379105832756736
0,35.55050950285859
14,32.507209897532256
45,37.16482888561045
26,35.532295882091404
52,37.33186140323434
55,35.48283077720433
72,31.93281969503362
47,34.95730436264691
43,37.65557909261118
62,31.958504898065403
47,32.539636198349534
57,30.32877944261418
47,36.170545446475224
0,34.326602651947844
40,37.29331014726745
52,24.814833709127477
47,35.48257862970277
10,34.73793252886222
42,34.51677133141063
46,36.25991068851787
21,22.456274529045288
43,34.44117152118115
42,35.8683947528545
35,33.39912530101395
60,33.518889716533764
80,34.89773630918766
42,35.60727924997913
57,33.75040665182195
42,34.803994036332234
61,30.68267136400714
19,34.49274430666329
0,30.11140293061741
22,37.29835528761935
62,35.60347177066691
20,32.26742815902828
45,32.63989388478055
19,34.0618839984686
6,26.175692860583382
41,31.865173558989007
17,28.50900118783135
33,32.859869515433985
38,37.39959599448154
15,32.67543181430027
49,34.67494798667916
66,34.00381239887477
24,31.070647300978166
46,34.437882584621335
46,37.004258260951694
24,32.85563452889897
0,31.988560780508386
1,34.482477111478644
33,32.14904071421377
0,27.845217164511865
12,26.306824199317276
26,36.8427090395823
36,32.85710941083077
56,34.89989975814928
62,23.65019044242451
43,36.66533290751411
79,35.274252488985
43,30.15256801825387
58,37.32200965109456
61,34.45638811857378
22,33.03618577459037
34,33.397349042560606
65,36.73350113353634
48,31.14298155619384
73,35.67858581484544
23,38.302747485696095
70,33.33310437581236
19,27.61093189575867
53,35.57740959735675
61,34.57300858185872
43,35.9355791915355
47,37.68535332074678
47,36.90699343445317
75,29.86531278995466
57,30.73458381100256
38,34.455207639688425
48,31.656128104772158
34,29.811683744962394
1,33.16825860281923
42,33.86129068606428
30,35.69953183655369
41,34.84007348124953
52,35.842822849809565
52,32.48646775628931
54,34.87143148519514
38,32.36745708722899
42,35.5192950183871
54,34.37855333151425
37,32.391088452667695
34,34.98352973135939
40,31.380969371293652
35,32.08971681790481
0,35.329103269804015
42,30.52470537298156
28,30.52596149921345
34,30.7336997274826
68,31.47936794559254
43,27.65256254983656
12,38.02830487167977
56,27.693410210235758
23,25.852266832596154
6,34.73523163398137
30,35.829924727337875
13,32.323260154000124
56,31.79799357230332
46,33.53495190850853
41,30.86401624672328
18,25.199090355905383
66,28.75955723967676
57,31.5812966738072
0,34.415262956832976
0,31.845024002873163
23,33.46059129529025
44,33.47634503473422
24,26.57834110854665
0,35.81699557268849
0,26.660439241663575
37,37.02298993556329
58,36.02858671914081
13,27.682152393586897
55,36.807556476013666
40,34.11094032882322
41,29.77065904779232
26,31.848698693865792
0,32.687286059052596
21,28.92698782501774
46,34.87349994899184
0,29.182054716771376
62,31.12677300420797
0,29.088722541186737
0,38.07337543950054
54,27.452037138094454
40,32.889915243427275
51,26.148100562454758
23,36.75671965160693
14,30.386522057939317
0,31.971887198245334
54,39.70898308512553
0,34.77557620698518
30,30.31027674594904
47,36.30922610978425
47,36.58805262074851
39,36.5257668343263
80,37.692578302374365
27,30.146413903983508
29,32.808706723890296
55,34.036173060217216
37,33.93926880114137
21,37.472099643907015
20,34.33803203753698
30,34.325845562252674
24,36.316346210615784
55,35.926762784607405
56,36.09241391286734
43,33.964278927120596
21,24.18362171051929
13,33.43147244161401
53,35.27055966545666
1,32.17965437591415
22,35.94332303357639
39,34.079002148490865
41,33.19826855703705
39,31.099885903974567
1,35.97311122642541
0,35.65731776424175
24,34.359857142369776
0,31.123273773658607
54,40.06990646145531
1,35.249561398014656
75,33.38962257953057
51,38.14780635819741
58,31.111634904088532
8,27.3986779627881
37,37.316255134964216
31,32.26210437251389
39,30.582691352455445
27,32.02331607362726
61,33.087939067226216
0,32.937315946273706
43,33.53292634927183
54,37.08451376597073
40,30.194969766084725
72,34.72266493884787
21,27.044552771207773
35,33.50981771014248
32,24.853624016593507
31,32.379512058053145
37,33.41633277828221
36,36.539572151031265
8,38.419562021402456
29,22.364416559738967
0,38.55543241723971
57,31.152119136151924
0,37.06207933087388
18,26.165363857876752
22,34.16196373080727
21,35.10171450933515
55,34.2563627747787
61,34.18105069628644
4,31.108923864093097
7,32.06874408459652
1,30.304193410707327
21,27.160819108890035
42,34.69062202199244
39,34.40532204784885
42,31.360783400128014
0,37.2500304500969
12,35.06782852796492
39,33.26624568112416
33,31.36928595249652
50,28.346519343026863
55,34.349664631560515
50,38.49056422264111
0,27.209299932925862
52,35.89439343453892
0,36.77551393281174
0,34.964745771046445
43,30.45614655062235
44,34.92593225752354
21,37.95234155703255
2,31.51622189934287
31,31.957822951502525
23,30.476703876452724
18,28.099862133723654
35,30.38941604031932
63,35.393736005298855
61,34.88498099442369
48,36.23286388287165
19,33.845715337647846
0,32.763032610880735
43,36.94971634211507
35,34.145443089817576
0,36.54219055425441
40,32.37873800546722
24,36.55605685647736
53,35.73795694643336
64,31.766519892088205
62,22.98011171503807
43,30.972181419882904
32,34.111936973941134
20,26.25834850606403
47,31.123518735278083
40,36.19062503515791
45,32.10867989901945
0,37.55028691905428
0,32.89580195397435
0,29.19009976247032
27,33.08993641656909
66,37.89282941592529
53,33.68582020754475
24,38.01527775747695
24,36.219607892519065
16,28.56941925440693
20,33.2884496770512
22,29.463367700879488
0,31.82823552561079
18,35.41187332906731
0,32.42783072404557
66,36.22287396752868
19,30.339115900809382
0,35.73966904855708
57,26.6471095453502
13,27.104217891022
0,36.38106894212452
61,35.115948455169246
33,32.813749955666076
22,34.74544186798857
63,32.41226716523361
13,28.38882311381274
45,28.71302168648841
64,35.665520000938685
18,31.2301079219973
4,37.70075757106045
20,32.03603901618531
44,35.89334790171171
23,33.60759324368864
7,37.53486014699097
34,35.836512260210725
62,32.043067194153075
40,31.217349455583367
34,36.122428346373404
42,36.57788351353613
25,34.359706699232795
14,34.55208403006942
24,33.794074965616836
50,39.39643957428866
50,35.93053409696619
15,34.328198977502716
46,26.601348098997562
70,33.58311826615749
0,33.95944896268131
27,33.362356003858714
0,38.03705950068816
19,28.19690205000769
37,32.00361696169331
59,33.487016121746365
1,36.274429637675695
9,25.169187648178685
45,35.94690334375828
14,29.41416687283772
28,30.190640175419414
27,33.43008904860746
0,34.33621012728424
57,36.772083562544545
20,30.377673728644222
0,35.5533586268164
60,34.8458327051231
12,27.335026470218384
13,35.99390898703453
0,31.18837772246757
2,39.34734767981704
44,34.15134653604791
0,33.97462650770572
43,33.52639466287605
32,30.783289033301234
62,36.73499108550531
55,35.35395326574114
44,33.8831427005065
23,32.84125119935704
0,34.52009716636193
65,33.093763835381
13,34.79175450935851
28,31.059689389501024
14,26.206989174694748
0,34.51960773805157
64,31.901598246779244
31,35.058789907118644
49,28.517233471458418
32,35.170369258307694
24,26.690762721519985
31,30.82022929936044
33,31.909458085118946
67,36.029298504909065
26,32.26353813430693
62,34.86938005434267
21,30.525770954013016
0,31.219390928514002
0,32.0729079539966
0,33.58560517674083
0,37.29215558466039
42,36.183260702707294
63,37.95630757768765
0,35.42076456741968
41,32.7720956570662
61,35.214509699101654
0,32.7956682720314
0,35.95416924358935
19,33.51369820317947
0,34.66153573741697
0,33.10111492323421
35,30.289490499458754
47,38.09909887780412
40,36.485937998856194
48,35.29149900046391
48,31.96768075196058
34,32.68701179936152
0,32.7956682720314
21,29.184039311819667
13,24.618251680487106
62,35.277600205986
16,29.06419830854597
35,32.37871722419463
72,39.00827994269901
30,35.614573633721506
44,31.352553145072243
49,35.90074057208153
3,36.00818721167339
59,36.30492050784151
17,30.68440432925445
57,31.5157845016445
0,33.98446125562408
25,34.57558952799617
17,33.281335025388024
45,33.295475877148114
45,34.066816277282825
23,25.708959813657405
34,33.48119711446613
53,32.91869564519641
50,35.410157437687
22,20.499463286061523
57,26.888349917750322
41,31.64539366308058
0,28.585669949260517
20,31.134027524890115
2,26.802999492005796
39,35.4990522432954
40,32.98292525756235
0,24.07074463136081
36,34.13412610528617
45,30.37618532151361
36,31.029446615254958
20,29.226542663443396
47,31.194578723423465
7,29.004099451610628
52,40.1868112482505
0,36.24483627316489
18,31.357952213326826
33,33.521855384533474
47,30.69227463786289
48,34.38123585350103
24,30.639003716155617
0,34.337336916285714
67,33.98649323610465
11,31.227356561338745
3,35.376484429716605
31,34.2047732311438
0,36.50381055042657
64,34.001637179961634
45,37.225875710690815
23,32.83270345812974
29,23.31644924898052
0,34.125260016654344
67,30.268458435596074
24,34.36910881901903
31,31.357398101096834
45,33.64137032794881
29,31.01839864410836
0,33.59423856323737
61,37.35119618308465
0,33.56102370205758
18,33.70057690466898
24,36.192044876633815
47,32.00307902361079
57,28.81768291567288
56,34.59279257609514
44,29.058450829187848
0,35.62395481024143
43,36.78774094459795
74,32.69183700173919
74,37.744776645448084
22,31.011937243490273
6,27.492392933774962
67,32.623338044725486
82,40.03082065721069
43,32.76982548884251
19,32.579542571534205
75,35.01524192830704
24,34.834669811788096
61,32.86896983915981
8,30.037351781508058
57,35.715926721567996
0,33.260777425948085
77,37.571246450632685
31,28.994298042407703
20,34.42350492569105
3,32.430523429479486
38,32.29724663563648
0,32.93302456889358
57,37.31321905353757
40,32.909000155402126
9,24.886566494514668
60,36.765137518693216
15,33.22032687992561
51,27.86427444494274
37,30.02943162015814
35,34.321024555443856
29,32.97265501761534
50,27.592867337504366
31,27.48625034601216
0,35.89150706170189
27,35.02021232174828
0,36.6605975291651
55,36.4637813876238
40,35.56335403721984
16,37.414762224973984
0,37.3356180201246
2,40.16162451417215
43,28.30225363887378
33,34.50650748477298
27,34.23317508012496
0,36.4435392705459
0,37.06207933087388
69,35.249192135133725
13,35.01381214067867
0,36.55838799870527
47,35.05667620407487
48,32.34139616224681
30,34.64939085727612
0,34.20590288768949
35,31.74147693651613
54,31.40697921474571
58,30.15972319237808
27,37.404498884122205
29,34.4718602875241
60,33.33451069682377
41,28.75132091273632
29,36.754049841437464
21,29.964562630092374
63,31.993504374960963
71,32.17113957635161
55,27.770959597088115
0,34.04383700915127
58,37.55882370508298
26,32.91761564667549
65,31.81978867029176
0,34.393047806843185
68,34.83947026305365
25,30.37486399674796
44,31.701873317053522
5,37.22932645190715
8,31.512240724102377
57,35.76466743476057
69,32.50028467565011
35,35.97358350228685
1,32.64155752717679
24,32.400085027606366
9,33.08203075815572
30,37.850965154476974
19,34.20395287850087
16,23.293847432139636
37,34.86545441420115
35,34.80249894207058
20,25.417168668055318
0,32.10668991680577
0,32.14972952744331
0,35.63149822230561
0,33.89777017237874
0,34.434676390819206
12,29.96875647523737
74,34.850420034273434
26,33.74168456684807
85,36.63041968884841
43,31.589015186480843
1,37.9219059327069
50,35.064535533176446
57,30.807397713114746
12,28.21174114218835
66,35.07162407943171
69,30.947706551263096
25,33.81097861778647
46,25.86558380475268
46,32.398366964937
2,28.09593779867449
42,31.43285093749539
27,30.126388063939892
31,25.05008216104151
39,35.09345756216904
52,33.35248658517037
23,34.295819885745914
45,34.066816277282825
30,34.30508785794289
63,33.21260880546383
16,33.4218289755762
11,31.313993724924426
37,33.84937863067521
10,27.2205309263477
31,35.70404724434989
43,31.173481726502526
43,37.91192700005158
33,33.732128460768735
23,33.11319216391197
0,32.18033153046636
33,30.482733183822152
66,33.25097794510616
68,32.69959695699459
0,37.17886594968864
33,33.111846687649326
20,26.933512823874505
53,39.6214327967813
44,33.94066210530387
52,31.562706040143258
26,36.087966404788475
58,31.13809087753733
63,36.46370955353964
13,34.26397043431195
20,37.21264067841249
32,33.14598926859838
22,35.06054930621312
65,34.26401781293762
23,25.57125459024177
0,33.93984045627294
33,36.24410846465014
0,34.123511900171515
12,31.34356722599745
63,37.569856781876
23,34.980707316131635
70,36.77785623880509
0,37.02845364444734
0,32.196697060440314
0,37.73810434225492
42,36.24086512305929
34,36.23949328668549
39,36.28184639187352
10,32.804204205899225
39,32.67141567855452
10,30.621236422568433
64,32.02797366454376
1,33.41977248457099
33,26.77562655519431
59,31.037754774952376
64,37.01985393062054
0,35.60779866253424
32,35.01570077425842
70,30.107549465491015
43,35.96617575516682
45,35.10482097417874
48,31.2595250669083
48,34.529418708156655
30,34.06532413671193
58,27.6175047395144
44,35.50325533379852
32,27.81923002427492
0,34.287869053124325
54,34.48012958429452
54,35.92301583530073
0,33.99903932578152
60,31.413560508547647
23,33.26226233466262
61,37.12943350333354
44,34.21933514630866
38,36.26490726401977
0,30.934270438479842
0,34.88578145274351
15,32.87036817047396
23,32.491853237528055
21,26.64505415228144
56,36.80767959423937
0,37.192411672830666
46,36.536920208120804
42,32.61726031961479
80,35.136575539264655
19,30.655062947619484
28,37.755439396611095
28,30.937722695958303
32,37.2329827369718
38,29.89880302982562
30,34.324724972019396
30,31.8469887967552
0,34.15126151259457
62,34.980981470510244
36,35.304955774140026
59,29.971655419008123
29,31.951324442097963
0,31.18837772246757
57,32.6573595689215
70,34.43346048594992
0,35.244423908475675
54,30.855644718630998
63,33.2422947773002
54,31.87046269242422
60,36.25249506454314
33,31.049844384494087
39,30.530884269729814
53,34.07152613933657
46,26.115125232902336
30,38.67204369802384
32,31.90369667985044
44,32.75999320019342
0,34.25747477803487
30,35.51574617616655
38,31.918753985647964
35,33.57249616676008
35,32.208119282247
0,27.979730804558073
56,37.69730278925104
36,26.98374255648936
33,31.56495720290849
60,32.71283176031613
0,35.81543067886252
52,34.28255198919205
23,37.43207666510309
0,29.76015527389338
0,28.76364522542014
0,30.250556015575444
35,32.634621337062676
34,33.481901552225295
43,32.032943010691646
0,26.34617493685112
55,33.98527576116651
40,32.3500529541126
0,32.937315946273706
65,27.85751952434793
22,34.633456305131915
34,29.697978479748688
0,31.335897095161368
21,31.265677026718222
39,30.431949990947285
44,35.10199435296497
62,35.501167971342504
0,30.934795865846453
74,30.28895349357061
19,32.93645097247314
0,32.736964086500976
26,34.63702019427179
0,32.39784491269157
84,34.139396033295256
0,32.87369544206314
0,28.25079995102942
74,37.5042169450623
36,33.002948555468095
50,37.413825786103665
45,36.26166599623252
25,33.98446461919753
0,30.114250011079363
72,33.64091357609322
51,35.99211899184065
66,32.21141272954931
45,34.02101069299729
0,32.13867136410601
54,29.32161012850278
28,34.386770470181254
23,24.93992711474683
33,30.53022213817494
34,32.7818402372139
34,30.641080646616704
44,33.6161126217416
0,35.56439062346909
8,20.571632013588097
64,36.18008397709822
63,31.167444613854236
21,27.33013680098126
2,31.055885697316146
21,23.729763433576714
33,32.3527880616085
63,36.43488455875182
50,35.52467857569695
64,33.39292555393246
19,33.71348603303573
56,24.773166414198133
44,38.34262001760675
36,34.26046365832251
0,33.96779331570285
23,30.620032535118515
39,36.86666472581694
30,32.15363311335948
0,34.805262574396465
0,31.604846863197793
23,35.57469316657722
25,35.59659745522621
55,35.8609797246574
0,39.03806382312994
44,29.883933721631628
66,31.626219684584587
62,31.227481447870893
1,36.50187684584132
14,22.961413481917205
19,28.956078924440497
44,35.034912632816045
2,35.53525005106337
21,33.419772450911154
38,36.25608022278975
35,30.423623191558413
46,33.078387262478515
24,31.791254984817108
61,38.63515161745316
15,31.584318210403552
29,32.9374913159804
0,32.89580195397435
38,38.022116208982574
39,31.48742087012191
53,35.87838203231262
47,36.551685901245726
55,33.96136138736529
71,37.39004208951034
18,38.06126277287637
55,34.994575711046586
0,34.820170772914686
57,37.23369714602397
51,38.74472521541074
40,30.755543068293054
8,27.169186966296767
0,34.19842323281742
64,34.999645142029586
5,35.605952118549915
11,39.35717517094443
8,30.521510703632398
21,33.469185062211494
23,34.298740454176055
17,28.625914899622302
32,33.92727219652683
0,30.801931578551677
75,36.98009275290051
9,30.243982891608788
60,36.99207337580811
56,30.541315147808547
43,32.45983328709788
42,31.59364206758832
38,37.55619030850024
44,35.97015258706896
41,30.97997252430498
0,31.38686353874788
22,27.575533963008006
37,31.733389040372128
63,35.943742000523855
30,34.35280351356529
48,38.21978656429039
29,36.72934968940952
51,32.299743342859834
2,31.58987038977954
58,34.61995499833892
16,34.03439177040011
38,32.717984537236994
24,34.316405342735735
0,33.127088057872456
50,33.73225617393941
9,33.523369160234914
0,34.11930063077186
5,38.07337543950054
34,32.325456897004514
21,28.238664557213532
27,34.12141916883613
7,33.896610601420036
50,24.43044124368776
39,31.915801382586114
0,28.76364522542014
0,37.5147055208338
3,24.729133466716533
0,35.85193158159031
83,34.20926427088953
20,27.238266519777532
59,30.222398003919896
7,29.716880363268764
20,30.794545635998674
70,31.29256148528342
32,33.99718328227565
0,30.263090109550646
30,33.35689166560063
51,28.57446580533224
28,29.266732737833774
0,38.243465039113445
78,32.140378866942484
7,35.86520829755148
54,25.582097613547667
32,33.68940394973384
11,34.988377046969866
44,31.54838230539303
45,33.178177660316884
21,33.8149689215922
26,32.99370938163027
45,30.543127746654218
34,33.52520451832926
24,30.20785701747165
48,35.73837393531565
56,35.41332658789161
58,34.3247949025056
57,35.9299481406311
0,34.19821220303002
28,29.067869681961
52,36.115666008280776
29,33.100998628602056
0,30.29997778620219
57,31.455411788619333
0,35.016310407753515
32,33.71497684295877
0,31.21923678894568
42,36.227998942481875
61,33.8509295805472
24,35.578488010707325
67,34.124263035461034
37,34.697907072777774
2,34.67853142915778
75,38.28433632337384
44,37.45894464395628
33,31.60900345418094
61,25.85172971233331
44,31.655467757182194
52,37.39895533938216
21,30.72006624877385
0,27.186470649422954
50,31.659554583008212
59,29.91376297742232
70,33.96474029013628
64,35.222683069533005
58,30.477155118607726
23,33.717632543659406
13,30.213491126157926
38,36.34287223788764
41,33.46970340459431
65,35.20135638836883
46,35.79359687914527
35,32.280308293877454
19,36.63973376927876
5,31.15909164532897
61,30.84791207791652
51,36.017782762608206
33,29.60611566885667
63,39.29995151521641
21,22.476953579995367
38,35.4478503947608
19,35.14252228456371
20,35.11234865869532
47,31.954262528466277
21,28.495122960951033
0,35.244423908475675
33,32.69660219375493
22,35.53505980458966
65,36.7839099747593
45,34.31648723195018
68,35.706150791352876
44,33.00756416144882
12,32.11805078219924
16,31.71772049802239
69,32.217631329022495
34,32.77665039278095
0,36.18394089385168
23,33.89401858612352
49,34.25149283460773
19,37.022200939935715
1,38.07337543950054
34,33.59291255094838
65,35.77579951246567
27,35.856510564703854
59,32.83683226264362
45,29.745792659565826
17,29.159939754991125
44,36.02442894363201
0,33.38962257953057
1,37.85346077648939
27,36.33786490723353
56,32.65648789223305
44,36.327772292975574
1,30.971992156320546
43,34.221259197245075
57,34.06231688032132
69,32.550984892787355
70,28.2578399036176
0,36.484932067194045
44,38.483126214115565
71,36.80327821680009
71,38.28615846077771
6,32.01893971835941
59,26.60876493196706
59,35.15380828012489
56,38.86750234566385
16,28.719304901603177
59,33.417129075075515
24,36.02826349838849
25,32.790959868160904
0,36.57990958561698
79,35.39596869809761
0,35.5874595418073
47,38.55899391114544
43,31.269491337664142
0,37.10269693559341
13,34.96696351591964
0,35.21163910653142
35,31.657603177769804
0,33.34413489345782
55,31.404408521728918
66,32.32750521446181
77,30.72159711952049
18,35.384982028627874
18,32.13319049331393
32,32.87859647183412
0,37.52434773652113
71,32.6719428557879
46,36.383781101076245
57,36.07622160934576
36,28.17238415399838
13,32.16841851001845
67,37.37919707882183
19,34.43137661607575
5,33.822551567340525
23,25.834749702341178
54,36.881102360010054
35,37.30060157618383
0,26.1017921890301
64,38.34243939696039
21,27.942352601758632
7,33.90152588191947
14,30.639842922484945
21,32.556650310611744
43,37.389648640138915
71,30.937903291415115
7,28.627798822520653
0,28.54603582541639
31,37.40060383886244
59,33.6927479945207
0,36.771713856078726
0,33.96474029013628
84,39.73812124248375
0,31.15134258914666
40,35.998685729158574
21,28.429780077444246
47,37.931439196575255
39,30.814553329665962
13,35.211035565645126
2,34.45333808072812
44,36.61495086054371
0,34.50083771113629
77,32.46372314180979
0,27.37960581844078
0,31.1938783390533
65,24.852143919592987
36,37.774246670719506
45,37.81287935674784
7,34.97587036692192
53,36.58243095639844
46,28.34810551004162
46,34.4439254025515
39,30.71186095441695
16,33.21487418914815
32,24.97857952397373
46,33.6570067707349
29,36.72934968940952
21,33.91400203041961
0,37.485284085614936
14,31.792511870234534
22,22.740316534205846
0,32.055055534342195
1,35.07600698380204
50,34.40737641536806
37,32.70293646852828
0,36.43741235330479
0,35.9181818409188
30,30.73932455032429
54,33.96925806451885
56,27.861953993558334
27,22.145463220583608
67,35.334139931377834
44,30.834438363853657
39,33.21906483733509
0,34.65314264295247
22,39.167831247020075
48,38.10254296023369
50,36.721813892535394
47,32.59555973665737
44,35.92431945092964
34,32.868668388094235
78,34.24878611549425
48,37.290886237386076
27,33.03816217069683
20,27.864694270167927
44,39.29590204626041
60,35.48354405027183
10,31.9771281188545
47,34.008948240275025
69,35.89867449761443
30,34.13195185701394
54,37.922731054688676
34,32.49823595710558
1,35.89110353133397
0,35.622646438756775
0,36.21962864100256
28,32.69410611621917
50,38.49431556919313
4,28.328347166814517
56,31.992000246924878
33,27.64599919108308
30,36.91266217459716
74,36.386025870591766
32,31.716864604578422
18,32.260511645166666
74,30.11823317235242
51,33.952735443256806
65,27.76032893373194
0,32.717523374898306
45,32.62267636476504
9,27.07068742656881
25,32.85561463580076
51,36.0256123358306
35,33.55602581669054
41,27.958942192010326
20,33.328735639554374
67,37.88957218545205
50,31.385508217393376
80,36.531624410019894
27,34.139147494365695
72,34.41652994028189
68,36.65166518210457
0,33.954910395377375
0,35.44325832707762
27,37.76646708488434
46,35.42737042393248
58,33.0969797088498
49,31.354253349625093
64,31.133784360034625
40,36.426920745057885
0,33.1660711694536
48,36.14875127208057
10,27.604713976291208
41,29.82667721414641
57,33.155854833848295
12,34.615917598123566
0,37.59512245175145
1,32.862101350203474
2,30.74870339228498
56,28.615914860724843
0,38.19561384019614
23,35.39893425678509
61,36.12915305846138
0,36.45716844031306
0,34.43758405052073
26,33.44870081741601
0,35.558726705329796
35,34.1894015938979
58,32.42356888747533
43,37.75177462641956
30,32.13830425696646
54,36.35395128940718
23,33.75144320754699
57,24.53096995548954
22,36.75060924841144
60,31.14159169163434
0,36.77956159893158
0,33.51716873826182
25,33.12354774009296
1,31.722389277667602
66,34.740276863625894
38,38.06328145492472
0,35.55050950285859
1,31.58987038977954
52,32.265561924510216
14,29.01153228817669
59,33.552488320799725
45,30.380348340840023
12,26.974988714946157
64,38.44855607982775
53,36.15044112417516
43,35.413412996841394
79,37.43713744911509
20,20.564185922708763
21,34.524242834115164
44,36.520647007149506
23,28.879367247943094
39,35.40963500629339
39,34.37359713322869
37,33.03118325089359
20,26.8130081483379
83,35.14404738219525
0,30.96306964971619
52,35.64893511139761
43,34.36026371550669
51,28.58922904550957
0,35.69841993653139
15,34.93282411199891
37,27.594641127010178
2,32.71716328748976
0,36.164217663238404
12,36.791498135704344
44,37.656156341995214
4,26.566295266072732
32,35.54796535302378
41,32.14427856497813
32,32.430891223840085
0,35.63006523051046
0,34.47399598028899
1,37.964853426928414
0,34.51133085057486
51,36.90045796514507
18,31.798596137464685
19,33.568961194137664
0,26.655857943838186
62,34.505023462948124
37,32.78026807218191
47,33.396504943417945
20,33.76201669702608
47,35.791676292509415
41,34.23365738019981
0,35.03601248302272
4,31.26513687220111
0,32.937315946273706
47,34.11145382387622
18,28.445251395104442
55,35.60356961391177
48,36.99906241040247
51,35.11638523955398
19,27.15074082089549
0,36.41239741256718
45,35.767212130982884
43,35.25797411119822
29,33.37384235376607
40,31.81755106755721
36,34.9676435942889
17,30.103419608524568
24,27.64517280308436
6,28.55133986701984
33,37.42289472688087
52,32.59222367835638
0,27.7384502142795
42,33.836192103757575
0,34.960494500300186
2,38.561382769444734
54,37.95694756112022
11,24.885040081660588
22,20.898338386090046
39,34.87624907788586
0,35.26366615383523
0,37.51973840175476
79,38.75119285117485
36,32.36834120936432
46,31.08973205216574
61,31.625618634937243
49,39.298318532526544
39,35.0691294389147
14,35.44144978742346
0,33.331583706933884
47,36.25037415500949
40,33.38580974387735
20,30.070337167460767
44,36.61163232779847
43,34.78559359789823
21,26.149185089512027
0,33.82168264189072
0,34.43646588668013
17,32.16078080702651
56,32.327512094499525
40,30.870464664970186
20,38.07100628086631
16,28.65572649817977
25,28.645390514653062
42,31.409935080517535
37,30.56701808653343
46,39.61152366541411
0,35.28870473890461
41,35.959924535626904
31,30.71639249808425
0,37.15427637802594
0,36.90404713053316
21,32.9055403193087
8,38.05467916114828
55,34.3262988865861
85,36.49873193385656
10,32.129595790613664
16,29.340700464446243
65,31.69247954070661
65,35.68824397990678
0,35.03939386762648
0,37.13247096487606
67,34.901736579120964
6,30.99635499246173
0,33.5961741602834
0,25.411960670381117
1,35.86713181919567
54,35.04683717471098
75,32.05044426413355
16,34.84173192942589
0,36.21917292097362
63,38.78898915502069
7,25.813753233704624
41,36.001672649180044
46,37.57778371944863
57,32.95065943364502
45,29.18229141811546
24,36.90662138504065
52,34.790962181730244
0,34.76460534971374
54,33.83006610470946
37,32.78026807218191
41,35.59270799985994
73,33.270242258438714
41,35.69508493450793
37,33.826797952318806
60,36.200223009889065
19,33.66647520240333
0,30.501035565122656
41,32.34587403778398
64,37.23131264523126
48,34.173286495205836
38,28.78406454578758
0,33.48160307730522
34,35.729467142650776
45,35.62884812473036
38,31.906151577711885
0,33.13449762767144
10,36.78931022570938
63,32.68890092409206
13,30.8025709604577
24,26.495362756500132
0,32.003073463934626
85,33.11804901459021
34,28.409066870742095
1,28.778538584184616
44,35.88020593531318
16,38.71339526164031
37,30.78821618768355
11,33.75433990717423
16,29.458510051653075
23,31.27043271725408
44,36.26072177143923
6,37.67875262341714
21,36.95762171992112
47,36.055593172539005
62,34.68746719378558
20,33.64438847163888
28,31.780989342559344
57,32.1123280932921
17,30.374860142941046
0,31.13143535382625
28,35.67969858594866
32,24.53725301639948
59,32.479853579021835
69,33.33857239084794
36,32.23039527190193
18,28.927892004031936
41,29.038526789623347
33,32.55345296027213
49,35.6231465613918
28,33.332331440284015
45,34.6306182946853
13,35.232098365997906
41,35.754583499361004
64,36.904719742853516
34,34.00254615637501
40,31.29637439096119
1,36.86882826465171
17,35.56687940525385
55,34.60715477002927
2,36.28513240984509
42,34.253313466804414
0,35.60711973329431
23,32.24140516330375
39,31.71951241742242
52,37.632650034915315
66,36.70494069606399
0,37.83240527710822
29,33.31045868841821
1,35.350153913463174
50,34.330504029455824
6,25.514842773970656
57,37.24524521185766
71,32.77656556816897
33,32.666077603018
52,32.05627541130361
41,36.14702863072318
66,31.71764845537181
67,35.061713390649125
58,31.287221234179217
24,36.617862866823
47,36.00192654338973
0,33.739721837252546
41,34.78887302886333
40,31.835313957056307
0,38.0592246101704
9,24.47646064823524
26,36.564434635534965
0,33.23154487736592
55,37.22294058059891
17,26.944549076871105
46,34.29620901035672
52,26.97357005503521
16,26.892663890835895
18,32.55980480317795
0,38.16201491904227
0,30.389750055371337
65,34.18513073501299
23,34.85382107650545
36,31.036148908044364
63,35.789473593400096
51,34.871058550317024
35,39.09579263060431
17,31.049355910138523
24,35.15518316454892
74,30.475070610724263
0,36.920696948065924
60,37.39377670686159
0,35.056086160535045
21,34.699460546302355
67,35.8511620689027
31,33.460505219462945
41,33.50573155302506
63,38.39741725261104
35,35.6816397590732
26,31.741294829647412
60,34.76723782732848
41,37.11628171246023
43,39.49673344104167
44,30.7526055148061
55,34.79168337135713
24,36.36621443133756
59,32.6388133334221
0,34.90097077299725
20,37.51333000916778
36,32.2395452698252
19,31.473365672489717
18,34.305090257807144
52,36.46762631517282
58,31.667967600732347
70,37.554780907729366
15,28.654774947631857
31,27.617595829108232
0,35.76876628301637
46,34.67061990030664
23,35.055895247643186
25,33.418107609352354
61,34.289179976636696
22,35.430360487646105
37,29.454514792784593
22,26.647833420886812
34,31.73983643209398
73,31.439268557575634
38,34.75124752835478
17,35.49082033112776
0,38.243465039113445
74,34.12953062358731
0,34.03393351059564
3,34.65309269407383
1,35.53975603767964
41,37.75853022734806
53,26.694541604782913
61,38.94713069285494
52,37.77265812035998
23,33.92504490604671
57,27.184370492895066
42,36.29363857083464
38,33.232138453337775
15,29.214047383334748
40,31.84771002502883
66,35.93176646764302
55,31.298568567174478
60,33.89350039890095
71,29.231522212768393
30,26.611696016932054
15,23.919049727966275
21,26.80160424727959
16,33.54894769004523
41,35.635169194460964
26,33.84225139119783
62,37.603115684126166
10,30.7800192986042
67,33.33941632704444
1,34.71783990604067
35,31.672589601100203
0,25.580590768865612
0,37.670684253313354
32,33.52660590628884
41,32.30734248825674
30,29.222257569321986
61,34.60378757177905
14,38.78096859011874
30,33.06881814315053
25,34.22048526742803
0,35.1891466977997
4,33.052817960046625
56,38.22654953791414
21,34.96384030935765
49,37.20041734599951
45,35.92971373007355
36,32.65907034090515
45,35.88941199390665
0,38.097627069379904
23,35.771766187853956
47,33.75647288595362
0,31.13143535382625
0,34.02134479699687
52,34.365035672696614
34,35.51880340969872
57,31.8171999349494
19,35.612332311537614
61,35.87540129392627
31,37.41612012656118
38,32.04933834230966
65,37.98256186160849
15,30.32905526833259
20,32.799070410273394
18,27.618928555465956
50,32.52011809725015
21,36.19462653769556
63,35.12018727399799
37,38.381468733422835
41,34.43552843717023
29,31.025183862901613
64,34.84987852852083
37,38.379503332674844
28,34.441426683581476
39,37.28207328360444
19,30.182322934593497
50,38.05440849153669
54,39.60140331394377
18,32.90126064386871
34,31.859273038024433
28,36.15504393358626
38,39.17504065686445
68,34.14062956256722
36,33.89424844269893
53,35.94276139315129
20,27.864892444858107
0,32.28560450823372
0,28.79498590509919
47,36.53883547279052
48,38.31165963370288
45,30.510070063214158
2,34.977524124895645
6,31.115540471498164
12,35.7735507298473
23,36.3629333322487
52,38.6771475390727
0,34.41246305703597
0,33.90069587229167
79,37.83288575542381
0,33.3215118087497
44,36.01613387224857
16,37.0335456092275
28,34.10349594053295
22,35.10033808886039
50,34.2036919432418
40,35.44717008714272
33,33.093081362181366
57,36.611725952551275
18,33.016879142172954
44,34.49728610906599
21,31.187541840552917
29,35.089716172039566
63,34.924961873185
0,37.83240527710822
63,35.08801681403477
76,30.28828328210439
31,35.565268277583016
55,33.495227712660494
1,33.65309133253097
73,37.35640010672731
59,33.33729664218043
18,34.59495725673247
64,35.154765622715026
22,38.16575582949351
12,28.66325462382714
36,33.026136101370405
0,30.085166992184313
0,35.481732501634184
1,32.055524210419016
46,35.325795787231705
1,29.943899223717825
48,30.386264819709453
0,34.60097645468415
0,33.6418626722894
18,27.94753481775485
24,35.934004915250945
39,31.00651393410765
33,29.73322910613111
54,31.622386204095935
3,32.70038324975652
0,37.38437432305237
35,38.239814517770384
45,27.441772928564585
23,32.55375269491563
46,27.661685087643555
77,37.45895946454266
44,32.4034326532068
8,30.163475422504835
19,35.19182707879017
56,35.352809758330615
40,33.422306566680746
5,29.4424015802677
76,36.118469129627904
40,32.31580315790678
16,37.60711909710619
47,38.036013634103114
19,30.812906001237284
73,37.18245213196775
18,34.84541024820119
60,23.9695966451527
43,33.56065397415205
51,34.02700331209456
41,39.11772314753288
27,36.42564829159383
0,29.748346620780623
0,36.528995643403064
38,35.58381518068517
0,37.97867943800259
59,36.36053721097195
51,34.28673139737309
39,32.03826816647059
9,36.06325349834475
33,31.571988417866564
18,35.069525443713616
57,36.378977366401344
56,29.301346443411507
19,32.43040145106501
46,34.20450382619243
0,32.31336971762077
75,38.1708137508147
58,35.33688026706264
52,30.754233541078438
0,35.0545528088601
41,33.0751931969407
0,34.32675111415819
44,33.63398875788605
2,35.90366976641703
52,34.468047885248446
40,25.093936159206386
49,31.96363742856485
0,30.157806478207664
0,35.60779866253424
60,33.94828350469658
0,33.40555278080334
50,28.604307151125205
44,36.23163077008063
54,36.40157413691826
54,37.08451376597073
0,31.921964582504913
43,34.48260149891372
25,32.11185705729427
6,22.030965124657442
37,35.51744890260463
37,30.761134477689613
43,38.74662384971599
43,31.133638562968798
0,36.63863367335017
55,37.427623245748904
24,30.906758724779625
57,31.783114254109897
51,31.30042900427352
0,32.937315946273706
43,38.724205461469325
32,32.81301130534248
26,32.49104286030766
1,34.25513859971857
56,34.05974091140525
1,30.589213318915032
59,40.60491411082171
0,38.243465039113445
42,30.064341086202383
38,33.10136724875868
69,33.172356579596695
31,29.874406330480507
64,34.09634175951291
42,33.94849405271155
30,30.242149226761533
58,36.72291615456095
11,31.550923618678464
57,35.54299473932828
43,31.773864284474943
35,31.998414473762477
58,33.7621120243502
52,31.623949826607042
44,27.65019387301872
35,31.245285495515173
67,34.09340848889956
25,33.39760987142853
7,31.185321682519977
36,30.827443511256988
68,36.10856327769391
12,27.624777505868153
11,36.11041407407017
17,34.049148177236766
30,28.262103497813037
17,34.58914669418723
0,30.768023515734917
21,35.62350938836978
43,36.78774094459795
16,34.34262739241428
62,35.09119989757092
10,33.08114567571662
56,37.22879325326302
50,33.59256491364815
64,33.468400696746734
46,34.141625019865366
1,38.704530714848175
56,32.46827085467929
23,34.03072873338716
41,32.56548302184079
48,36.5107714384488
21,36.448118668362504
0,35.68118564089316
40,35.87237950498575
52,32.41690495262926
54,33.42223261143698
65,30.96357033093546
23,30.46054284654006
0,32.18009859037963
37,30.670565860680274
54,33.09958392115278
58,34.55344548928488
21,34.516533974755596
45,30.66506232824475
45,33.55755643873566
52,34.010463329796636
42,30.62182414409012
61,34.161595531187814
73,37.42420934359902
46,34.227324427556184
23,30.404128758096107
84,34.19342314075442
38,35.28761037500877
41,37.72521726359684
22,37.104341255256095
34,34.56623533580807
74,37.07305939161694
59,34.15689045718929
11,25.84313789733237
17,37.666525533864714
48,36.725280617070865
45,32.55953896296727
43,27.094270880962583
0,33.260777425948085
59,29.59910703882272
46,33.97757402062718
70,35.72131215358078
12,34.44845158655313
44,34.67179676761064
58,37.19631776096839
20,35.345508700843425
0,37.29430105890757
40,36.343118000346045
26,34.56428903580745
30,33.747139207083805
52,37.62547549843566
0,37.42327688020313
41,31.720408468097162
0,35.12560390621075
49,32.036197606770955
0,33.46753233062876
47,35.62199304403666
60,25.71188020755205
44,38.26863715693549
41,35.11885562786388
59,26.521881726895515
0,33.01373096829643
54,32.121116649007696
30,36.45839319778412
8,31.21726592319742
56,27.585624560555257
49,37.16716248729525
0,34.60097645468415
40,34.638502791632874
22,33.64553911106408
46,34.89660873072149
17,24.86692055035656
35,31.840553402169938
77,39.766158897967145
53,31.75099822891241
0,33.21656518339523
27,31.742251374900427
40,31.894090858536764
0,36.530659548017795
22,34.49081916990785
0,40.901100993299686
60,32.03585521730557
47,31.804556280560178
54,31.310587558568326
62,35.45645363361528
6,35.273477627847925
49,35.36643320821496
11,28.72344509028245
0,38.416688694085735
0,31.99013400969647
0,34.905994896169844
6,38.83706488576828
0,35.193476901313346
33,31.87846188212869
34,30.2945016730215
57,28.99650682534758
46,35.00948303838207
25,37.84223860711595
19,34.1758578128456
33,35.33266745321913
40,34.60033373415043
47,36.60386031436862
31,32.592684266811226
31,32.77977222958205
49,30.350105165383457
60,34.89245745455595
70,31.40104122690687
24,28.87801218726102
36,37.02318639494382
23,27.16289389921007
18,33.49947676974506
74,35.925837777903816
44,34.53554047295357
29,32.84034076085135
48,27.774918047440732
49,39.32217272582983
14,23.801796124935137
3,35.10354022707716
20,33.861024094239745
5,31.58987038977954
51,34.235060435946764
59,40.34637212448623
40,31.930358442793096
6,34.135141891438295
0,29.99893225532152
36,35.78664267195573
12,26.404114365743006
23,35.91104162913313
44,37.07524193633147
46,34.675084369570484
18,32.41048090140411
53,38.56111273318028
21,33.2687173251945
56,35.1112588495035
61,37.3930210561462
51,35.82283910564089
22,32.98392500955237
0,31.28525256650185
21,33.70500843336683
44,36.946307424977036
55,33.01529706733155
28,33.22327891197967
0,35.54861465568008
48,30.718508771118092
0,35.25663865982909
0,34.36333285160912
13,32.37327614490659
0,24.710360052721516
0,38.27273387120303
44,32.72441713970119
1,36.50381055042657
34,36.2368308958776
21,34.97421730324919
51,26.05400735595321
58,32.69774862633982
0,21.18169710647772
54,35.55521177731058
23,26.251481372692073
1,37.489544728523214
50,33.406187615398686
1,36.34163706898526
33,33.64234442972477
69,32.616636442921035
32,31.06302775138078
74,35.3748321635536
0,33.656680867746914
0,32.0729079539966
0,31.03521184091822
54,32.86138631563835
27,31.292120211580905
49,34.08834113381141
26,33.56967387794819
54,35.36908053578307
48,24.717131502212084
58,33.814328342074866
0,34.2777058822931
13,33.33883767878774
49,29.8605222819205
42,33.24651555088707
71,34.013794171838626
50,35.90074057208153
48,34.61161102660078
41,35.333969491179985
56,33.95379970689997
23,34.343583479528924
76,33.544684716257315
23,27.603182648953904
37,32.81215578133841
45,33.02142596935794
0,33.26244702754935
53,33.48119292057787
67,35.64336549315091
47,36.57724440416126
71,36.76779065013128
29,29.674162817592908
50,33.95074750397389
77,37.47683170160917
24,36.40318353760791
11,30.535306642283338
0,31.45477158382991
24,32.84846322027563
60,36.00293725679423
58,35.22084784827944
27,34.12976443566822
0,29.35771488345074
40,33.983315655399124
40,26.260004316448367
62,34.14391147482963
44,31.776974670013335
1,33.95953372789484
42,37.20729825110045
54,38.430126334786074
47,36.43019408084492
23,28.326042941118803
71,35.958219736777465
46,32.25138128876951
55,36.10929753572585
59,35.86792922437237
46,37.84725784990534
16,29.022220713768228
5,33.83263294401082
59,33.635702645572444
52,34.21319158276255
65,35.37173506403056
32,28.698595088154338
13,25.972524987894907
64,33.44598480870609
22,29.927149088150248
67,32.42096380189613
54,33.52034037529313
0,33.48078959343094
19,25.18304522876671
65,35.066824213059945
70,34.39039187259003
1,27.80404604393526
29,33.71377244521075
1,32.87639515825644
34,31.44893395128135
22,31.34408338123739
51,26.406610721229384
21,19.64027316889097
12,33.905949050399904
13,34.58690357111021
51,27.28901458340391
33,31.334955170702205
4,29.048582048285084
0,26.93137761287153
28,34.944325552354975
41,35.301348657325235
61,36.70900608414838
16,30.567309404409183
0,35.518027090541786
23,28.999149073835873
32,32.33826137379675
1,36.86882826465171
30,37.60915816232111
30,31.426567293413914
29,31.05657544166114
2,37.05327646865546
0,36.63200880707346
56,36.31041933610555
37,34.94015116493969
39,32.15928478813928
46,31.325299424033656
27,29.44550183537151
15,31.706986712337947
15,32.817740018685924
50,32.73578861888404
42,38.178853231841444
38,32.253203450449085
35,35.05010176362665
21,28.556366805333948
60,37.294888970532114
0,34.44837587492451
57,40.228346105781554
41,29.45814074042292
42,32.13287872748948
25,35.55059700962387
33,34.73549329856775
39,32.0282148415028
57,36.43682569410772
45,36.19487069429622
80,30.993593522617225
60,26.76365766416991
1,33.27089747186475
63,32.22076530356756
23,24.32183979953289
18,37.492557319969286
36,35.337983939272235
42,36.03247179239908
67,37.39906701785846
64,33.31390825377423
56,35.62485273786993
0,36.3544048025075
74,36.557907915660124
20,28.35462369751071
0,33.55329423891928
39,27.759746136946973
59,37.985413604019854
1,32.13799788103053
46,27.45809078192326
19,36.59136447401423
50,34.44939407690198
1,32.218281361369044
60,37.29923355000389
47,34.03224027588811
12,36.06606490262499
30,27.47979427540592
0,33.35942863797502
30,34.58962386499934
44,26.512046421458813
0,30.481139821714798
28,34.540638357556915
0,33.725015591612866
25,31.770378262615765
30,29.48960435543536
36,35.74685821306346
20,32.20780419020821
29,33.90308230947317
22,32.74649043992498
49,32.15158123869432
54,34.055654998617406
85,33.776305165106706
0,29.681581493733326
52,36.73939822869706
0,26.99637683350445
50,34.828166581458326
25,36.09274638527991
24,33.06030977684818
2,35.89110353133397
1,31.367900352472173
43,37.26873046796747
3,32.178403630634
0,32.279484850731606
64,32.53459506750929
37,33.93130539097183
0,30.657779798580396
0,30.74870339228498
46,37.0876410364401
23,24.120039430889967
42,35.436177257928186
74,36.777295522195594
41,32.51640233502442
12,35.874059274218546
56,35.5197814239142
0,38.64250917834419
28,35.51253116551841
28,30.20782390106833
13,33.515255569286055
0,36.94282872200332
23,33.3172130609935
49,32.540020736775375
57,33.85402485430199
42,37.01904365959291
0,32.61195680325039
37,34.472068051901644
17,24.913067378994597
0,31.18837772246757
72,29.99428672090002
39,36.22529632786459
23,33.107629062353695
54,32.27728997913482
18,30.784133122694975
50,31.13458217401103
0,37.33930921717836
0,28.76364522542014
64,35.86222975805774
52,38.1889936296671
23,31.10545299173531
0,33.52298834069078
37,34.93490242490525
53,30.146281757850904
1,38.80365730177512
1,35.12560390621075
23,33.83322158860612
14,30.15846490643671
8,29.04954821303746
15,32.61054164759967
38,29.61554305883032
25,32.17848983401637
10,34.0295993004557
11,32.90154719766079
49,30.503453946293778
51,28.22256462722703
1,31.74628590737716
19,38.4105336258183
77,38.20105341421485
23,27.246725714975966
38,35.16009635775691
7,31.85526929575248
49,34.29617283222497
64,26.651009526172146
5,33.93255865562175
52,32.40058994744108
44,29.798130899983335
56,31.883893051424803
0,35.69140324034858
28,31.568160835100016
24,33.92849610313449
20,34.64942214493976
68,37.23091217779794
38,31.863734991241245
45,34.035630057419716
0,30.215108226229553
40,32.62502675406825
48,35.84126415478963
46,37.783905351253296
66,25.59668919503675
0,32.89580195397435
37,34.966556108476766
35,31.372105296379367
36,34.61070100437592
0,35.877697769999216
23,35.09194211050235
3,36.62892775145542
49,29.75660292722488
0,31.58987038977954
50,36.48153957972512
0,35.90366976641703
1,32.76965265706512
19,30.802073208373486
41,32.24284555001997
25,35.75599635320294
60,36.87030449768071
0,27.17586169757233
0,36.030782676092514
55,38.158254447143605
51,37.10988967042766
0,31.828983744522485
33,32.49627371472523
1,35.573836670811794
45,37.87887688752519
65,34.80744367959439
52,35.15788894423125
36,27.853547426154766
52,29.67382032614157
0,31.399424749391315
28,35.89704821757782
12,31.695829844501983
56,24.368148535217024
4,36.62892775145542
50,30.204326402249656
0,35.272988648813616
46,31.909942784098416
10,33.556735619034114
23,31.238249046083457
25,30.232665346776418
20,31.00442776220355
74,37.41159595726077
7,24.706778154688045
38,24.84126566385011
46,32.38650853694863
15,35.69996674314429
49,33.45643800291789
40,37.07362229622511
0,33.01564901186871
40,38.15787953687773
0,29.089502082948933
51,31.574524173900862
18,22.29893651402366
46,34.051456837596376
27,33.35779626782882
65,33.455938719895805
46,33.93289906467526
8,30.653218104682015
50,36.45822783434477
47,36.756623048438236
42,34.043080751063464
20,35.41745725254532
41,35.34109030314103
0,37.87043163750189
41,27.34425872694236
0,37.89948545112895
44,35.35988649263199
1,35.675641966882445
42,28.37022005686585
44,33.49079461061197
48,38.72524187438934
57,37.3829948681299
72,33.38809301267
53,34.403086148901274
21,29.40547962873498
75,35.174215117853386
44,31.00058834809861
0,28.802946011727084
43,37.446172268924556
61,31.775272423353083
0,33.01373096829643
46,34.635402019377686
42,36.701100540791344
9,25.85840487222524
39,33.39116073764718
26,35.34324432528372
0,31.585707123336853
24,32.1530380863
20,33.15086142328994
65,38.01056287879188
42,31.47010346247391
45,31.159042467794617
17,34.66224282959314
56,30.266361218289738
0,36.52193503280567
68,35.147971490061785
59,25.758612203170618
18,36.96394011989487
48,32.88500268648892
40,34.70040260341555
17,27.033076053767175
13,35.017913172188386
22,31.026174950540167
38,31.445086465878433
49,35.716985116330484
29,33.677038759020206
24,31.132909341217925
51,33.898437548191424
0,34.42504691234766
0,31.95130547827435
35,32.502872245906865
22,32.027193666727754
41,33.26313845812854
23,31.710522875465852
26,33.205252412413074
4,35.3098786981418
23,29.529285525490145
62,34.53799475172994
59,33.253102986008436
5,26.101068522069532
30,34.736953928732454
59,34.19121050092245
19,33.67189494330948
41,28.646714831602054
29,31.44446960464253
20,37.410863165292184
0,31.285274185079793
44,34.59525322614791
41,30.806707147786728
49,35.12571370712083
22,23.6967052503543
22,26.289803571526118
0,30.659826177674343
0,27.37960581844078
0,36.87111793521152
0,30.56859999033913
62,34.41430331913616
62,35.19004796625089
22,27.687919481773186
51,34.677344324166796
23,34.3920833680156
34,24.771801824796235
35,32.60309048109637
48,35.60674752599063
26,34.23066769822874
32,34.8771242741231
17,37.0282488521576
70,35.53560434927792
37,33.502481522008445
48,32.3239923431455
57,35.185501002833476
24,32.46829018390579
28,32.76745218756819
34,33.68878103066474
66,34.81084094444635
65,35.49975453812188
40,33.31193808261656
0,22.09529600454633
56,36.99226737210999
59,32.658122986038045
45,38.48470606141663
58,38.559900706062734
0,32.07847443231492
77,32.27489683584199
44,36.45088694134739
38,32.030681846209596
59,36.704278662680856
39,31.15534898570438
19,30.11948928882687
39,28.40620503614914
31,37.517443174139274
0,36.24483627316489
0,32.04757557943477
22,32.63811615295456
50,33.07580183825746
50,38.57986575914247
0,34.55698077546171
36,37.721017733705324
41,27.539813553123324
23,33.04419127008217
2,29.900522919987548
36,36.11588559096971
43,37.39614305771161
45,33.92821146251479
2,32.96532581875046
57,33.314853536554615
52,36.33970734966718
22,35.520872399413484
39,31.453354012163
44,30.53633366425957
51,35.198253631727646
27,31.386932047354634
34,39.76415200423011
52,34.61473846615182
42,28.5874458217963
50,35.36920733953516
0,33.277142945409004
22,35.97997859156086
42,37.153769146062515
59,33.56775738536143
43,36.074215574642274
23,27.9996657638891
23,38.27782971762896
11,25.86617318708931
42,35.058295060474634
45,34.48612602950335
44,36.17956478341562
28,30.405004477719707
0,36.16992801138194
31,31.492319144497305
43,32.3189383127224
1,35.57992425129409
18,27.58153077854951
29,35.98447571502313
8,34.614037846402425
52,31.438305433365763
65,33.91420343891593
21,34.279194222126236
13,33.20695470192923
21,36.81005523154052
0,35.35769791727491
62,27.88158487762491
57,37.44665876578834
40,32.0786217866351
34,34.36822766540051
21,32.24744987954347
0,32.178403630634
29,33.014092978750774
1,35.83492591951095
63,37.82564971275093
25,35.83830742198168
22,32.67398123091286
22,32.01534141394945
77,34.15060508668193
0,27.25334129560929
51,29.434450745711207
53,34.94405245372122
50,33.50893138897144
7,31.43867989279524
57,33.95841398572801
32,34.89100919985071
4,38.22873435911849
0,33.316634666034936
40,35.222854763071396
21,33.661298716843135
33,30.147225967280974
14,30.617533561281558
54,32.72283818639025
0,33.61168657622947
55,28.152931042989074
53,31.54268725015244
12,23.937558216269345
56,33.94905393804098
67,32.47832020522842
35,33.354824553658034
44,37.2194773004651
32,31.596382242056006
0,41.2766099720142
0,33.21656518339523
34,29.52619447410158
31,31.377150452541258
30,26.60268853044643
45,37.08277663715498
27,34.58594024064613
44,38.42261237919462
0,38.59136472046949
83,34.20926427088953
63,36.755786769974854
59,33.94828350469658
38,30.3731541492286
12,24.581623338446132
0,31.90061694894502
56,30.815782196188515
52,37.309943388542344
65,32.99877825169935
0,36.10923313039753
52,39.72379052479351
70,34.595428847921845
48,31.65307768718192
0,33.171192788510375
74,36.81626956000549
51,28.173096689188597
1,28.76364522542014
26,32.81459498655885
0,33.57445406195858
0,32.76965265706512
57,33.193899696875945
44,38.188660876558124
28,34.17816605033396
7,25.529071804372624
16,34.9855683893067
1,33.64879387960151
47,36.58805262074851
52,33.197357751372934
26,33.846279033653225
64,34.0604287877127
19,26.94344948123639
42,35.44904982176154
51,34.98992203572067
43,33.21345390661641
65,39.414904592627046
75,33.53033981966637
35,33.259611594034446
40,33.06403040264946
42,29.98336248356046
23,35.28196038232286
21,34.396984387116525
18,35.128500650612494
69,39.73541720396424
49,35.400442001328315
0,36.41239741256718
22,26.5966456810583
25,30.29117009069818
43,31.264312300201563
60,36.90622099676683
0,33.582639436806915
0,35.53975603767964
48,36.329183584296004
66,38.834527082228036
64,37.990999252366656
19,34.105101740378885
45,36.944486155496286
42,37.135254800110296
35,25.1363428051293
49,37.18282148079603
0,36.16369103987857
34,36.083376029712554
26,32.04922405328236
0,35.369670630694245
22,30.97855078455801
0,30.741605521970857
0,34.24998760185694
63,34.96932022445735
0,32.59755140299386
27,33.78022791225269
0,31.896693955527127
36,32.66359026413934
0,34.843759487502446
51,32.99563127934811
45,29.19623320146185
50,35.534786377066574
30,31.089981994542484
34,33.22105787935131
14,25.031671823088978
36,35.57371313034234
18,30.79292499113715
21,24.292238490281605
0,33.20191968304742
44,33.85576832117673
21,37.20531827861633
18,30.155663010714576
47,36.058838884037826
40,36.49016480869323
0,33.411272888596315
27,35.90819185028088
33,37.96888112401553
0,27.962202475656085
40,31.21910594222756
49,27.124055000011936
26,36.87874297667692
59,30.482161393456984
23,32.801748619478296
52,35.0203605664915
49,34.79199369221529
23,32.467071580081466
34,34.744013336071845
77,33.766335348898814
21,32.87422440771496
49,34.10258587013857
0,31.740959550850825
62,33.160380765820534
29,33.56391614558674
53,37.3279215361457
0,33.8931626609636
32,34.215125476630455
22,31.85909053330954
59,34.863868956052315
0,35.39416446119298
18,34.19913921769899
0,32.98933172739667
22,27.43681150729085
43,39.069890344069265
22,35.4762007211166
21,34.01970850338348
0,33.59748131416458
0,35.26366615383523
0,31.426449523996563
0,33.97892744955335
33,32.017049651847486
57,33.88708254733277
0,33.04031609715203
46,32.94953266054076
0,33.33358807930777
20,35.4325722505099
47,33.61119749135513
40,38.095715163610784
49,36.71929187393439
30,33.27924167381552
83,35.193476901313346
50,31.17541961339674
33,34.214137333292044
20,30.836687438624168
81,32.02727402437988
41,36.849866579209035
40,40.89613665908031
54,32.33966921287201
45,30.64907589925344
51,38.94685275089681
20,30.2287768163111
44,33.32687876054151
46,36.98792269291386
43,29.808509824333505
25,37.557466462865165
25,30.201179145061353
0,32.59567802322414
38,29.09704115302527
32,26.330679212116983
37,35.377968072326524
61,25.824367486395914
71,35.99348937647799
16,36.79932869480881
64,36.61088969979544
39,34.365883790031276
42,31.294845491439304
9,27.623084424482283
69,35.25589800724064
37,33.58998656542369
50,35.491857986883815
51,33.367726077911705
0,35.51846965745222
15,29.274759654249088
41,33.26313845812854
9,31.59593174654127
43,36.8197277238749
35,31.826631607709327
0,34.41574318032157
22,33.35872202367388
28,32.943753962997825
0,32.12634941305359
19,33.823637309093115
36,33.65534578624559
86,37.27819772921084
45,33.12152605131821
0,31.426449523996563
59,34.57690888919987
40,34.20513259496572
30,34.051356899260504
40,33.32873484470532
44,39.14847784265522
52,33.55033382618198
2,35.83361727022759
45,37.81549815459937
34,30.10062398674833
17,24.292607971629497
42,35.80865691984297
23,27.332047368655207
40,32.92548776757013
73,29.95452904684734
47,26.171031815476184
35,34.68237105810611
26,38.21244367280998
12,33.12294398892166
41,30.478639567879767
46,35.50820918612952
0,35.4684836663015
51,32.33647853320579
0,36.559645664699886
31,34.829672619073065
12,33.548629196630635
0,31.639269668296773
39,34.800908173853315
6,32.571686694175824
0,35.40112671809372
58,36.91481339524665
56,33.28220201576695
39,32.57255997590242
0,35.19203544929738
53,33.51338642930207
6,31.902243767368745
39,38.57861496089766
45,28.261754253077875
0,34.524101977883696
0,33.13562718300051
0,36.74634216712335
52,36.818329963210836
49,27.09897577627121
0,37.78391336614687
76,30.61745001416349
18,32.960463106541795
24,31.37118511640979
19,31.294192814462562
0,33.08375394593561
38,40.99442487761637
56,34.43779273444158
19,35.15490331121265
0,34.43648935105524
80,33.238135153827805
58,35.703422880666714
0,35.12955518229637
75,36.70371998923426
62,34.62973483671849
0,35.59225951815805
51,36.54779920430303
15,32.41878201667105
25,26.54099768787107
32,36.170602005933425
58,33.870583368395735
56,36.066760829099536
54,36.019552194166266
68,35.74238806224813
55,31.147592101047422
45,39.65426609559237
46,32.57918403766247
11,26.16275485552037
27,32.55290975230187
61,31.536733586980972
25,24.642689141512392
55,35.52739196516837
6,31.86688658917186
51,36.35499367563489
0,30.22672665653339
49,35.17667929560656
38,36.734483397277415
17,30.930654741524265
16,34.086361904113424
57,34.79064294748517
37,33.941071309425766
43,32.315612236137405
23,35.33511358694768
15,26.923597915763608
25,31.637485233602934
43,33.431783617707474
51,33.325627106248504
33,32.55409603632844
37,33.70586324123831
0,34.924195205861736
57,36.73158302816728
1,36.16074475700601
36,29.160955751174672
34,24.778736966253547
20,25.083355834565317
12,33.40408842099205
57,35.784433920322634
51,36.94081737963229
48,25.701455929964624
50,36.97401291040832
33,32.69514479382121
10,34.577031946351546
0,30.060183730350225
49,35.69265128069152
47,30.218867893572146
58,32.65058739126918
33,31.78289632627625
37,30.983403756733104
61,38.848813617883614
56,33.20455352421767
42,37.53064026792067
34,35.44135644291656
43,34.576331421303685
21,32.65161023511329
22,35.62522884251467
43,32.30402812890256
51,33.26030749041889
47,37.79981208123539
28,32.86152989763303
1,33.46753233062876
51,34.98801086872476
54,34.71261250726813
39,34.0861207834113
47,35.862188177544404
44,32.55433553533844
29,36.364939558938836
44,34.529247721510266
35,34.96544377447491
68,39.17602708558319
68,37.99264302176999
51,36.6448776120015
48,37.562409352456704
0,31.921834804067842
18,24.041385737019215
51,34.81708543635025
0,27.338510805100555
33,36.75593460987326
18,31.574378773670535
0,35.85193158159031
52,32.99436139812572
45,35.875436840281196
18,31.33666640037534
46,36.53876561562852
56,34.34432270778189
26,31.229749640511823
7,22.866069810812274
72,34.86644656217182
0,34.76460534971374
14,25.583069269489584
20,27.213935563164746
0,37.27819772921084
54,36.83178149834372
0,34.805262574396465
12,24.70635992373423
40,35.349104712222505
0,23.11429586280243
19,33.82640955412614
44,30.180633992084704
34,31.866732859264186
24,31.462334325786433
21,35.712048962224834
19,36.35254053111845
60,32.8715391688673
35,37.08687380519724
28,29.16639357348909
26,35.06173712116992
45,34.379754894837454
0,33.1997623766608
0,34.40897073663562
58,26.480056901468593
37,37.64452789441967
44,35.35988649263199
67,34.95748370068558
47,30.39834566132992
0,36.271638796408986
60,33.417781288336904
22,36.78927552658066
62,32.30537655466821
46,36.6949909799677
77,35.227376607828276
36,31.058067018978512
14,35.015128800281815
0,39.566296474911525
0,35.359867625954095
0,36.06163632131609
72,36.259692508329245
18,34.76618550883294
22,33.85555573366876
45,36.82382956095509
0,30.792462473124544
44,35.979070713185465
18,32.259488977074014
1,32.63330222172064
57,36.389043296963926
41,36.81910971396345
0,34.470897653850095
45,29.640052612044613
23,24.099942406905598
48,28.443537716316214
41,32.18541951029969
0,37.043835097300175
42,33.994692106066836
71,33.43202670242019
41,34.54159476112728
70,32.54668380831554
33,29.94519708084534
0,32.60420794801161
31,35.08076031976775
25,29.59428215410513
30,24.12394550439863
56,31.75006269854951
42,33.06386074544292
0,33.127088057872456
43,39.165255882868635
37,36.74207799432324
26,31.573947019189983
45,31.31965408061944
0,36.293654813492864
8,23.875765599594338
46,35.00948303838207
50,35.16958562018406
48,32.46072105340274
30,26.526180368839253
39,34.78825841700806
54,34.53918167065971
57,30.59035944676228
58,36.16820327080439
65,30.567609515416457
33,34.00515698427026
23,33.652559266881795
39,31.54030723530959
39,30.030183003239078
49,30.168567493161152
57,32.84598870806149
50,37.671198175789016
50,26.736710453595233
20,33.6699351040209
28,36.03327345953163
2,36.13772850017815
36,28.118582154367445
63,35.968814770767764
0,33.45750242250566
53,36.98817200054054
49,36.50157323862058
47,30.390500809957658
42,33.387781257514476
44,32.603329650642195
77,35.952324546053745
47,37.99114795744397
37,35.5684177029232
59,32.369141874823285
49,26.526483377593582
62,24.462222695303197
58,35.49736792300964
12,32.88326596010104
30,33.03331319758201
57,37.66224058933038
62,34.42915900521975
56,36.47795020199211
47,35.484091957925955
19,27.710696167004258
38,30.346323608659553
20,31.25582413529545
42,28.12961595907356
29,30.945306954418434
43,39.56655995728529
43,35.411309725886525
24,34.22558449660175
30,22.053163914592062
51,25.317827314481505
26,38.16841386338611
0,35.441785316051174
0,33.816041931279216
50,33.41014008614736
56,36.53663637298059
0,32.74555032859686
64,35.353698151643435
29,30.42757781626024
33,30.845434804191953
5,26.1717444505296
1,34.18231669453514
20,22.878765520479995
23,30.141264877044083
67,34.10836116744935
0,35.36306713397079
0,33.22684247287067
51,30.856353734181994
4,38.297810444560014
53,39.09162584778493
63,33.74198954186309
32,27.89777879050072
49,33.725048692726226
31,30.601362198277027
38,31.69135750723036
11,36.438082018686885
40,32.92891453261465
76,34.65177823962869
16,32.19194801407856
22,34.29134759177082
62,33.36989223174331
0,32.98774834877028
32,29.604536665874406
66,37.03832213455572
0,36.16824982782021
48,36.41362180611326
0,36.38142821286651
21,37.471771935683705
68,31.58486049661116
16,32.378899630395885
38,32.9760336480735
44,35.7439248569815
88,33.07353217749057
81,35.094623661597765
41,32.93251570814355
0,31.38686353874788
43,31.73089734870013
37,31.424209140948026
57,22.735136702645455
1,33.574424749186264
72,35.80989721893554
50,37.21046807111886
22,30.961912972822606
28,37.74501948956577
66,30.11685271477918
35,30.780375139783917
61,32.91117248235845
69,32.0791877724528
0,28.667690197430925
0,35.50141699607055
62,32.30725224743631
53,34.928067094666254
21,33.07555314621065
21,25.071436592683646
15,36.68630367169209
48,37.03693979336129
9,36.25636425813561
36,31.230132347715692
72,37.70042732105756
7,36.62892775145542
52,34.9854730123573
20,32.0531604499768
0,34.81297230529677
49,36.09576551955766
0,39.77555177969943
52,36.447886455077644
47,35.32326417060297
29,32.67770972934631
33,31.030756486931068
22,21.519173243952515
76,38.775588307219195
0,38.019863103639025
39,36.53006513766708
63,32.07561989186894
10,32.050550019983135
3,36.37950966950701
48,35.81284403840299
33,31.752005340207813
0,37.275956226019126
23,25.25670489531228
55,34.38591293427555
60,39.137009755285845
0,35.17986655529359
33,33.314901008610896
56,38.365236780339856
32,33.19725406200484
36,35.8149178571785
44,32.06730980143239
32,39.729365572092405
63,33.80911227592574
38,32.325950284548135
31,34.81477585866995
57,36.738951996037116
37,35.12897314310393
25,32.1976988577802
70,36.15557066764146
23,36.96828535387184
2,34.662404535501
0,31.323008574069718
36,35.804405079240475
50,37.025102326900345
39,33.49057447629541
20,30.83010984772062
23,35.22219987474597
18,33.100256699401264
47,32.68270858272967
42,31.681414390398096
25,40.19819189905332
51,31.801431790688984
65,31.01531661551767
0,35.675641966882445
25,36.44147968317143
0,31.21931796627966
21,34.921676618238614
19,29.77276820451685
74,36.14848536617153
0,33.656680867746914
45,38.67005928191669
46,33.568437701933355
0,35.43839309224604
20,35.05907898398943
23,34.861608518166555
54,33.64724086900734
42,32.23234895307226
1,33.11196593098447
27,30.95824513360157
40,37.16553725495617
44,31.456693052448724
13,32.1732516589998
31,35.96431896075557
33,31.796168422773718
49,36.29996875536726
57,32.298156625246975
70,34.3663053450487
24,29.561839821224652
56,24.110124940173357
27,35.711567251363604
75,33.00202126877241
46,38.95668227479983
60,35.259848496849706
37,31.93894043486799
56,38.7678669456157
33,31.78289632627625
52,36.910732892842034
62,30.299980876916166
3,23.689123750740833
29,31.607701571355566
47,33.84365633710175
0,37.043835097300175
22,34.28256235910024
57,31.6100697398935
58,33.113256002029964
43,35.7267626951542
0,35.68942912649926
21,31.196538679722778
20,27.42284698691126
81,32.02245893413113
53,32.86976235879415
2,30.511336367767218
70,32.60481985627236
11,28.76657278119454
13,32.032238557954656
24,33.58741197253329
1,30.999397848493476
66,31.653549360304783
41,31.772871980890937
70,34.22276954387357
19,28.564792999937893
61,34.22306376967906
48,34.798021307330934
44,36.209678644388084
44,36.878822476313886
22,35.507659592716934
27,33.061739172041435
40,33.13166856001007
45,27.496284276933945
20,34.92403095240392
84,34.19342314075442
22,34.11975427704182
0,30.49588972529786
25,31.137854133903748
40,32.85147604803278
64,30.447872272736863
43,38.7087596110462
29,36.46680802644962
5,26.509188390639224
65,37.228855816500534
5,31.497045993602452
73,36.55468715641554
39,34.39301088975492
21,33.87993722379866
43,34.77641853922717
3,35.238251692333336
36,34.48124966090971
33,36.58581801997001
31,35.515968556981576
48,34.89469838513881
23,25.248021148968704
44,33.10414529830343
47,29.21837848462806
28,34.937800979716364
33,35.599497230389076
39,31.72387839549612
1,37.3302454731662
53,33.6829825986005
39,31.66811765963347
58,32.55724403215668
56,36.57540569631939
7,34.039754993954624
78,33.619024344422925
11,28.899745292214636
32,35.986542111287925
60,26.276803548505622
0,35.00519611266465
15,33.012455596434535
0,25.724906976046608
50,32.43278193358747
42,35.37947321239326
21,34.46084191590603
0,37.78391336614687
72,34.20505899795143
0,38.78622673554724
0,37.2596442579928
51,35.11357042363875
45,35.98038549214638
9,31.95605869385329
58,35.47020519396397
22,31.1274873327827
0,32.63140555532632
23,33.22069053100566
0,37.62921877910466
57,31.79894383424713
0,33.054899934896525
0,34.94883663809457
41,35.35238146428163
0,39.04931250235503
56,34.05559035335094
53,32.96585247223787
20,29.548479899600977
1,37.489544728523214
34,33.604535694756905
0,34.820170772914686
62,32.974623469519564
50,35.71733837747715
0,32.229901253367004
13,34.84399039792234
29,35.162786172577114
0,35.796267734531725
28,26.482053300468472
20,24.946823350258164
28,35.95970629863432
43,35.71682136552761
49,31.34908905475671
68,33.61832849960695
26,34.36343047473866
59,30.711561499294888
42,32.10154965389984
48,36.718558141249055
41,32.905184586340305
65,35.239793081353284
18,30.505961352063622
31,33.66962547866884
83,33.76438689244623
66,30.86270554647363
85,37.186716336197414
59,25.393374088460423
0,32.96970121415984
41,29.014854307930126
26,36.51981515331338
26,36.34174826805757
37,35.567780512503006
21,33.85252658709143
0,32.32977760200837
23,37.76370387684662
50,31.826044802484397
0,36.05234049173435
28,31.647616716905194
2,35.094623661597765
60,34.62219829245567
19,31.396036938766024
0,35.824230679707995
48,25.527498294192423
82,33.61699911679539
22,26.107253582109134
33,35.39463472354924
21,35.07854305396885
68,33.06354843150687
3,34.65309269407383
20,28.3201016701149
49,35.34808259503534
0,26.872009617319094
39,40.31921468369568
0,35.54861465568008
0,35.60356961391177
22,34.35346231249133
0,31.68639354876526
2,32.844209373825926
22,38.07257394788254
53,31.317214407204855
47,34.25172093856153
20,32.8442366289228
49,36.45031759283173
69,33.827569532161746
73,35.644340438577025
27,30.578748423805266
15,35.463234197118545
0,36.28820867770134
70,32.475708566080655
31,32.86650040482206
27,38.90811938854576
53,36.627583393786516
0,34.358059906142955
69,34.64382703859277
22,32.18724693225957
16,34.76507414362812
28,34.83118564124743
55,31.887961865819552
18,25.311865550020364
2,36.843434025388994
2,34.86269588081042
75,34.24604531201384
55,33.60155841362945
0,34.625396195770925
24,35.25477988459564
19,33.78901273857232
4,24.49288589713462
0,35.50238359646717
6,41.71023551806668
43,35.604060557818244
27,32.230712508473815
22,33.47825994438096
44,30.440278770088902
42,26.07017545002342
54,33.95685805375174
76,38.31004913169639
44,32.97724016897722
29,30.64557631573395
38,36.179798434483075
34,31.50233897846568
60,34.86832476588499
26,29.552994473404873
0,32.83430489320518
0,32.587782925966685
0,34.50083771113629
55,35.920068307470956
0,36.66624033502354
25,30.685956505486246
52,38.78843752825566
33,32.70555874952366
13,28.091800249108324
56,36.569582382959304
38,35.636809207366404
77,32.63074523736211
28,34.87360092888425
66,33.15265589131234
25,24.34492355323744
20,33.304184479954706
0,36.13702765002152
51,32.87987007161358
42,30.219133715982224
52,31.635867094871042
44,36.43740619291612
44,37.617550712235946
35,31.249824710781596
0,28.727619724010637
21,34.03297725067844
30,32.88749214719054
60,31.36031406258305
0,27.689416643711418
28,32.54812742680174
29,30.653375774260503
32,33.008407182447094
31,36.49146486470139
48,38.34969196385153
54,37.77746350870681
28,33.5189102587309
0,33.72356881656795
81,31.241841556002164
27,24.812438877568727
0,29.807630055120192
0,34.741159768997534
20,37.40788869452544
0,36.24468866617137
36,34.383713134746394
75,36.42712244829874
22,32.74841675499063
56,37.16818744867433
17,32.98669193097987
42,31.024404638968033
66,33.34469708188022
27,32.21950218151291
40,36.8270363491732
19,27.030648390747693
55,37.05373284609401
27,35.65530201921905
0,36.50293065598208
2,35.11933834156799
0,29.543208297366732
29,27.408236920294613
12,28.296508191794803
21,34.90825529145327
6,31.24682517709055
23,26.652935153150707
25,31.173714750114932
14,29.087373247270683
30,32.72987990696789
15,26.17708307598867
30,37.34677108611417
32,32.21476277126216
1,37.98716909293363
36,34.724234734003126
25,31.871828459648505
30,30.279897081378188
50,37.311561441963065
0,33.61168657622947
61,34.62343858965814
31,28.236444202270533
0,34.269380517073266
48,33.55113965572568
22,36.63700122809668
17,30.417569113155444
14,28.088840609199693
16,34.522658499409026
0,28.52951460485916
70,31.272177377661325
27,33.356246856334394
23,33.74270219983599
0,38.90415560140263
39,32.59023599524224
0,37.39044588142265
56,37.12451605754891
50,38.62487864421004
24,28.42308648609416
0,30.929883431985093
45,33.479118228175075
26,27.376414948413803
0,31.332507290053965
23,26.1327454885019
7,32.11849475650564
15,28.45602702758553
28,31.367283085980304
0,37.2546360395132
4,33.313150033593985
42,32.93364083868422
57,37.16167813237038
20,27.884173859073027
26,36.92848991720807
21,35.801061247853205
84,34.19014845071136
69,37.335498836054256
61,37.83560856905521
0,35.62541641740807
38,36.98371529080802
0,35.1635147784124
19,35.24118485369018
62,29.173168507201833
46,31.378762112941658
65,30.901830958419865
42,32.53889599740667
78,36.40788993243101
49,32.6040830374362
57,30.260542799263163
0,35.14264184607954
44,31.268911085433515
23,27.343952188124433
14,38.18440745364684
85,37.54680190254455
23,27.793747909962246
0,34.358059906142955
46,41.19198766918553
0,27.857619138093398
0,26.207382862813454
41,37.55227935337845
46,25.990302685278838
31,32.67856600039899
39,35.377075997064566
12,22.970309381441705
11,29.634934870492096
43,25.1662185589434
40,32.98075791149343
16,29.868149081958702
38,33.05774131697163
58,34.75075012660326
53,36.55088431273656
0,34.32675111415819
24,23.309103194942264
40,31.846886407225547
22,23.2508786800729
63,27.60518176167475
67,37.226453265897376
0,33.69920649386498
21,34.72345433640356
33,36.99199915663152
40,36.289307952110114
30,28.705202045587374
36,29.917174366471272
29,29.425085111184323
0,34.870467358642756
44,31.812115409910792
30,34.50940975778919
71,32.89353751564936
1,35.83492591951095
78,33.01931641125728
59,33.45838301451267
56,29.21272456018835
34,29.378575106389924
58,38.26285359870313
35,26.239014865198552
27,35.13699386088737
83,31.564086878734557
22,35.02280630124716
66,37.30352556800161
57,35.28042240473794
47,36.470813279653335
26,30.569681206615755
24,36.88063252529779
53,32.319607768979935
82,32.715242386778655
64,29.889896760342918
67,31.702843964303746
34,32.0413472722528
42,29.407421611567155
66,34.10147524921096
17,28.17482636125345
51,30.526130696556887
0,33.63017373134305
11,33.100648386294125
8,29.623043523550464
26,36.42781286051568
20,32.25971355066719
24,30.89476130105206
62,27.89108814418529
28,29.85587546701449
22,34.089567149864386
20,29.659621170050208
37,32.7145601899032
2,32.424620285166945
56,38.20471101410842
1,30.325181828052457
54,33.188159309873406
45,36.43057330268194
20,32.81140490993071
42,38.062169432283405
65,33.237839324312205
48,34.125098986442836
56,34.79064294748517
59,28.79513124346568
61,33.58840945484208
20,33.838286380906816
64,33.45304460804397
48,35.34124289985308
62,34.392242926031706
66,35.879691977439286
40,32.485910945770854
53,39.53416856391801
52,30.479008343355563
53,36.25501175336481
48,32.78812321370539
47,29.493563031921635
59,33.519875820783085
45,35.221693855544395
65,35.10822315777054
64,37.9279199106188
38,34.06523888020176
30,32.02575513064015
59,32.73358572330337
17,32.45625070260848
66,35.691969771886214
3,36.157108281897344
55,35.63543352197378
44,32.10737833259859
0,31.840638554388814
5,31.439632235894894
2,34.90097077299725
0,33.656680867746914
28,35.29891791426551
50,24.663691407545056
0,38.04603389225439
70,32.05758106575607
33,35.981053244923444
52,35.35680792330865
65,36.57576560694048
37,34.36930687584773
49,31.034621833032638
73,33.72097217073785
68,37.59635596239711
21,37.64281235396246
0,33.25826119487426
15,26.5668520449223
56,28.832759999958217
41,27.58018274560659
47,27.139867525953907
0,35.376484429716605
6,30.20184370275538
60,35.35004002030129
10,29.123497052381264
41,30.529051610142535
54,35.83039410301116
53,34.82319069479203
37,39.51236388706981
22,23.66556171310483
0,32.01927435369126
0,34.02529401840287
6,36.70762018282724
41,36.715036102426474
20,29.896424515345114
39,32.99567946923281
39,31.445785280821845
29,33.142220799478345
47,36.856479101459485
0,33.037455560173385
31,36.577146516573826
53,31.036050597173997
25,29.394981276208807
77,34.97197458689444
29,34.280355812108326
66,33.212831365224716
0,33.02467409191401
71,28.599178235443674
67,36.391302778969745
41,31.54868095685289
0,32.41848315205626
47,36.33946559364992
57,32.21282113315191
42,33.68235904530051
42,32.691283506781296
30,32.43981584930313
60,38.02945900755047
43,33.66980344441999
43,33.762616126917855
60,36.94767472845146
46,33.574168217359215
49,36.61660040046327
61,33.06407377109678
67,33.977807111628074
0,32.9395909663791
3,27.237720943847847
0,35.5827859357131
55,32.109215403616574
24,33.09350098605719
58,31.010076590019747
64,34.18804273314502
63,39.0128468215145
22,24.248832660682556
41,35.99258757034836
41,28.8567132339575
56,25.782515390393723
35,34.891956947055895
39,36.94491353261859
58,33.73267725740517
29,35.388347527475574
34,38.982912075498064
23,31.458085305956036
48,35.75171674103094
33,36.744846078562034
30,34.41097526384423
21,37.23543513800643
0,33.44860808783972
74,36.557907915660124
14,29.151715711014482
43,35.031172978730055
0,35.056086160535045
44,38.529848430478225
28,31.975577636015547
10,35.132587430663094
71,31.21163954787587
75,30.19066405182626
0,32.31823250075893
41,34.56362409566031
41,28.519767246200868
53,38.67113906488064
1,37.28809889905446
23,34.890634815904185
33,34.610918263196886
0,35.54861465568008
39,35.59265671627151
22,31.04580786980709
60,33.25117271610277
22,32.21873862388761
22,26.22935109908469
35,37.397645438946185
31,36.58277760280366
34,30.662430566912036
1,32.591090276015876
47,33.29747852320028
54,36.852573274756566
45,24.33891836851027
16,35.66430492984302
34,26.73252300245592
33,34.06046983446986
25,36.88918493447963
35,34.49494042054814
61,31.860077440326513
0,35.55050950285859
3,33.219288996992795
45,33.53339798945683
0,36.31422266387562
9,29.153479278137315
9,24.958190682818152
79,33.44118446248982
81,31.471247840130957
31,32.36693879242831
67,32.962450268577
21,35.72063996695894
20,34.47922781954223
21,32.553086760993246
6,36.62892775145542
33,27.021647179146335
22,35.310978969426635
47,34.890620218890696
57,30.646320087399033
31,31.79054350669531
18,30.927056851385533
84,35.157389579187566
86,35.81831680977472
0,31.250638604481544
0,33.14284862637895
26,33.24421121802456
0,36.210897958798796
66,32.73538994352364
21,34.63186045088675
47,30.962178333217793
35,32.64208834754002
11,31.150110800335636
38,31.951344023996157
33,38.8655670160859
62,33.17762237311011
46,33.70458252029503
50,34.55098858721341
54,36.616261730700636
1,34.988423906908615
58,37.493343535548775
0,38.21495102048373
25,35.6565866391932
31,29.552110512769467
0,39.76039376302026
45,35.6986547205922
0,36.672961482479586
53,33.576722532525835
20,33.45812582795057
34,29.038982393585567
7,30.874805571980218
0,30.278366606850188
56,30.236125388151713
55,34.01808205690566
12,35.204217523970414
3,25.641010330386237
2,31.718383707668643
46,39.302587041118315
62,37.16333092611682
2,33.90942351224297
41,36.551195473171006
24,32.421094718329414
0,30.738008127184056
69,35.72131215358078
1,37.69060642725785
22,35.368153666246386
46,38.61406081389235
58,38.79396425915596
2,36.13772850017815
30,32.66018373216998
35,28.448377212813085
47,34.765803959018776
46,36.198039792514926
56,37.97517473057527
36,34.64012936953854
45,35.79670079401185
55,28.920547276993382
57,32.52818927166095
0,32.79101573207563
42,30.7763780540409
31,32.09632353453492
22,38.48696818013063
19,33.94925633323579
9,29.769459030805656
26,37.34283595556037
45,29.36267759609592
57,27.50976450778888
28,31.53203300922675
21,25.43175110907073
0,31.43622447981321
25,21.69134501497524
0,38.16201491904227
0,37.35939332520412
59,36.447045253435206
23,31.36878086227306
5,33.86899618374897
44,39.325113261204606
0,32.104508272725354
52,35.273020742694854
0,38.704530714848175
19,33.979294455443785
43,35.962810650888095
34,24.403858042093216
0,35.17028524800408
0,32.94630760126506
43,29.808509824333505
20,34.818944231666826
32,35.111834099111505
15,34.770352812399295
36,35.29904230240481
30,34.1456089373244
58,36.00476978571007
82,40.04905532538204
32,32.949041971275946
17,33.274849416367616
25,30.80992254567059
27,32.263196871257655
44,26.856978308605612
29,33.61051843925592
40,32.89504903503093
0,38.07337543950054
49,32.44685214089548
17,33.10747499598501
77,32.65851391998145
42,33.62150203719732
47,34.55680463759111
71,37.060564133912294
0,36.156908019126604
79,33.63340124421468
83,34.19014845071136
25,25.140842053689376
29,31.236788860787478
59,33.3288782333563
50,36.95828666551483
15,36.83378175899844
51,35.95462447806241
28,35.55275107571596
0,37.71953258626764
7,31.952598414164427
61,35.51135501008188
0,34.792896151258475
21,22.540147505826894
0,34.07769683984828
68,35.15297511649974
35,30.371298659215636
42,36.910940000367674
70,32.86215369952878
0,29.780548195399533
24,31.978261259806153
33,34.530169240696225
50,32.76517556285858
20,32.34131562659815
45,32.61711091924308
45,36.95872814133646
58,27.243989981251346
27,31.968826773125542
64,34.75770719224102
48,38.989470823619975
68,27.748663944766967
30,29.728864582245865
66,31.626219684584587
20,23.79857333750728
58,31.07704969609296
3,35.31093895273252
55,30.95441166883118
64,28.814179318397297
52,30.892901470886923
0,35.7032289881139
19,24.68764381526582
66,34.70159921795518
35,31.76308675128246
39,34.55629350231172
0,33.858774137637305
27,34.73750375974822
2,28.807154095767093
49,33.82255832053037
57,35.908557194261476
21,35.270941551299416
16,36.94238530607265
43,27.60897138754957
18,31.639827857217597
22,26.985832653453368
43,34.503334185019305
34,32.88759243388955
30,33.67790329359549
36,31.39222036498024
53,36.74209976479643
60,37.07424650086123
74,34.403526838403685
19,32.355853839176994
22,29.588898921137393
0,39.446065311000396
42,37.46819753286796
42,29.907023464260952
75,38.80219639532535
36,31.213806811458486
2,33.29948851546478
58,36.14646755251745
21,35.21407941437251
0,35.75077594979221
5,28.58467068620607
32,30.831807540359577
15,31.98943994753414
38,30.36891489128299
68,33.16742439342611
23,34.806852016636036
9,23.890068185365948
49,35.33406176208779
0,32.94324681240944
45,33.86508179452851
68,37.47417042900189
46,35.90455773899776
11,32.14684009081446
21,35.94267878370897
22,26.821311089786953
39,31.55752840848552
0,32.95540701188983
36,30.32053102493749
30,34.58388749025297
0,33.871238675218
7,26.276233063759804
0,34.07361839996729
64,32.86939914576994
10,32.21492120140629
1,38.14782172009112
50,30.76207271580952
11,32.368096651405025
21,34.91359071074588
19,34.25861393658479
20,33.9134753200146
17,31.748863982722096
60,35.5694787406814
0,27.799729323623207
45,33.201959284584774
42,33.54586318381283
59,32.67088249685274
29,36.34153904760103
45,37.358990639461126
0,36.520088769728936
63,33.83904867874762
13,27.82633998564618
56,37.91391507177371
16,28.738847641853248
62,38.24022913281721
50,30.524719839392493
75,31.674734107756297
0,35.31571706499584
50,32.91542366890962
42,32.14427856497813
44,30.996163910289123
